star,eb,band,f_cross_GHz,T_star,rank_screen,nearest_line,line_offset_kms,attributed,re_committed,im_committed,ctrl_committed,localised_committed,re_adopted,im_adopted,ctrl_adopted,localised_adopted,epoch_verified,epoch_source,displacement_ch,offset_arcsec,offset_source,science_row_fraction,residual_ch,residual_bound_ch,re_round6,localised_round6,fit_source,chain,visibility_status,recurrence_n_repeats,recurrence_max_T
bet Pic,A002_Xf5d76d_Xeb8,3,,30.7648,True,CO(1-0),-27.762,True,8.1186570734817,0.7548184805715034,1.1410234177111258,True,6.730522922446474,1.2846738258193309,1.268052747950988,True,True,identical to times[0],-6.012800070313368,0.07161692994544491,"measured: Gaia + FIELD::PHASE_DIR of the fitted field, this MS",1.0,-0.0,,8.132805581103343,True,visfit_r7_result.json,attributed,localised,,
bet Pic,A002_Xf5d76d_Xe19,3,,27.6845,True,CO(1-0),-27.71,True,9.447398124797076,-0.12334717311445273,2.087942490450708,True,6.668169037143131,0.8184391709336961,0.7444007816783433,True,True,identical to times[0],-6.083768895003204,0.07162544231276118,"measured: Gaia + FIELD::PHASE_DIR of the fitted field, this MS",1.0,-0.0,,9.516188108388022,True,visfit_r7_result.json,attributed,localised,,
bet Pic,A002_Xf5d76d_Xcc5,3,,17.2885,True,CO(1-0),-27.641,True,6.158175187511107,0.46904090012167554,1.7722221507741127,True,1.5291677151556369,0.4138709852831449,1.863571638753612,False,True,identical to times[0],-6.0856435403112314,0.07163647452271976,"measured: Gaia + FIELD::PHASE_DIR of the fitted field, this MS",1.0,-0.0,,6.120167269010415,True,visfit_r7_result.json,attributed,not localised,,
bet Pic,A002_Xf4df6f_Xc7,3,,17.9065,True,CO(1-0),-23.306,True,2.294990169021732,0.8557644135464141,1.35122791559152,False,-1.665049073002751,-0.32878590656855744,0.9231750220296782,False,True,identical to times[0],-9.122037945623532,0.07775758657565716,"measured: Gaia + FIELD::PHASE_DIR of the fitted field, this MS",1.0,-0.0,,2.41599659032192,False,visfit_r7_result.json,attributed,not localised,,
bet Pic,A002_Xa7a216_X23e4,6,,7.9879,True,CO(2-1),-13.965,True,,,,,,,,,,,,,,,,,0.003927573742870118,False,,attributed,untested,,
bet Pic,A002_Xf5d76d_X32f1,3,115.260644,14.654,True,CO(1-0),-26.934,True,7.941626246814932,-1.2086821207883216,1.6362804554695591,True,3.1812662759976944,-0.08727799680675827,1.2027436089880315,False,True,identical to times[0],-3.58245263218503,0.0713935006149786,"measured: Gaia + FIELD::PHASE_DIR of the fitted field, this MS",1.0,-0.0,,8.007514454493473,True,visfit_r7_result.json,attributed,not localised,,
bet Pic,A002_Xd9668b_Xa9df,6,230.516025,8.9476,True,CO(2-1),-28.576,True,,,,,,,,,,,,,,,,,6.341064781819994,True,,attributed,untested,,
bet Pic,A002_Xd9668b_X3a90,6,230.516128,11.681,True,CO(2-1),-28.443,True,,,,,,,,,,,,,,,,,8.46511069704672,True,,attributed,untested,,
bet Pic,A002_X7116f1_X1785,6,230.527185,9.6773,False,CO(2-1),-14.064,True,5.980519592667939,1.6277714517057233,2.2486213106318984,True,10.314075108561875,-0.9198351151431258,2.721632329804552,True,True,identical to times[0],-2.388359690270758,0.019636138600163097,"measured: Gaia + FIELD::PHASE_DIR of the fitted field, this MS",1.0,-0.0,,5.929009805166274,True,visfit_r7_result.json,attributed,localised,,
bet Pic,A002_X6f1341_X1484,6,230.528379,9.832,True,CO(2-1),-12.512,True,9.111985843118202,1.2334547960977438,4.401038571568947,True,9.415231379412816,0.7784163641840449,3.7283975393111213,True,True,identical to times[0],0.7236373817274712,0.019564472101522914,"measured: Gaia + FIELD::PHASE_DIR of the fitted field, this MS",1.0,0.0,,9.090890133237778,True,visfit_r7_result.json,attributed,localised,,
bet Pic,A002_Xd9668b_X3a90,6,241.751236,5.4199,False,CS(5-4),-3898.032,False,,,,,,,,,,,,,,,,,,,,unattributed; below rank screen,untested,,
bet Pic,A002_Xd9668b_Xa9df,6,241.836658,5.0791,False,CS(5-4),-3793.478,False,,,,,,,,,,,,,,,,,,,,unattributed; below rank screen,untested,,
eta Crv,A002_X75bfbf_X1430,7,345.540374,5.0126,False,CO(3-2),-221.618,False,-0.9194510234313299,0.24353122829936533,2.675527978433608,False,4.6643291055514,-0.8808391694650013,2.0924508516816185,True,True,identical to times[0],-6.293235928103714,0.6236407055388221,"measured: Gaia + FIELD::PHASE_DIR of the fitted field, this MS",0.6814159292035398,-0.0,,0.2151583548560191,False,visfit_r7_result.json,unattributed; below rank screen,localised,5,3.0370651240490076
eta Crv,A002_X122b6ff_X1041e,7,357.281464,5.0059,False,CO(3-2),9957.476,False,4.458140229884738,-1.2234835564412272,1.4315915039298481,True,4.6419188344643505,-1.0703358901054567,2.007250315006778,True,True,identical to times[0],-0.3774779962207031,0.03740435950567073,"measured: Gaia + FIELD::PHASE_DIR of the fitted field, this MS",1.0,-0.0,,,,visfit_r7_result.json,unattributed; below rank screen,localised,1,1.5872556503584845
tau Cet,A002_Xba460f_X7e6,6,231.033401,5.198,False,CO(2-1),644.221,False,-0.12681432677416876,-0.35186338021212954,0.8642899454686434,False,4.744872655315906,-0.6003750558331945,1.387039112920671,True,False,"times[0], residual bounded",-2.12864609072051,0.16443019145775614,"measured: Gaia + FIELD::PHASE_DIR of the fitted field, this MS",1.0,,4.25729218144102,-0.6391361168807516,False,visfit_r7_result.json,unattributed; below rank screen,localised,6,2.603939725099164
61 Vir,A002_Xc067f7_X822,7,345.559872,5.0382,False,CO(3-2),-204.714,False,-0.8018479720685096,-0.03715253842838524,1.413574722196892,False,4.192612909291151,-0.4007305393675423,1.4527869008570646,True,True,identical to times[0],3.426055891674502,0.06167777105842058,"measured: Gaia + FIELD::PHASE_DIR of the fitted field, this MS",1.0,,,-0.8229855843718108,False,visfit_r7_result.json,unattributed; below rank screen,localised,7,3.9408792736698617
61 Vir,A002_Xc079b5_X82f,7,346.313811,5.9583,True,CO(3-2),448.924,False,-0.9684535788948141,0.3844840112510578,2.8775289903243837,False,5.262802817196502,-0.35179192275597043,0.964579644352224,True,True,identical to times[0],10.367032117745223,0.06635095162128038,"measured: Gaia + FIELD::PHASE_DIR of the fitted field, this MS",1.0,,,-0.9281868032378929,False,visfit_r7_result.json,unattributed; rank-flagged; tested and does not recur,localised,7,2.9357936000534015
ALMA J153702653-33192492,A002_Xfe62c1_X398,6,216.184432,5.2281,False,SiO(5-4),-1271.179,False,1.0096235346599864,1.068765399712235,1.407167354937164,False,-0.5606628968473397,-0.14785028604251313,1.5882987608020036,False,True,identical to times[0],-8.50019503234693,5.746261261591804,"measured: Gaia + FIELD::PHASE_DIR of the fitted field, this MS",1.0,-0.0,,,,visfit_r7_result.json,unattributed; below rank screen,not localised,,
ALMA J153702653-33192492,A002_Xf8f6a9_X10359,6,217.729244,5.0911,False,H2CO,,False,1.7941776314652602,0.7033734564732125,1.280449270833402,False,1.7894046452605716,-0.8081203487686461,2.145237294390996,False,True,identical to times[0],7.25827796955208,5.750056209516157,"measured: Gaia + FIELD::PHASE_DIR of the fitted field, this MS",1.0,0.0,,,,visfit_r7_result.json,unattributed; below rank screen,not localised,,
ALMA J153702653-33192492,A002_Xf8f6a9_X10359,6,218.671139,5.0476,False,H2CO,,False,-1.1049254523365384,-1.1724136125464817,1.9601094061574305,False,4.49151598603679,0.5161498592946705,1.49378225632546,True,True,identical to times[0],7.25827796955208,5.750056209516157,"measured: Gaia + FIELD::PHASE_DIR of the fitted field, this MS",1.0,0.0,,0.2560194002607058,False,visfit_r7_result.json,unattributed; below rank screen,localised,,
ALMA J153702653-33192492,A002_Xfe62c1_X398,6,218.872908,5.0901,False,H2CO,,False,-0.4692457971497577,0.2180705160380801,0.6285334837863742,False,4.685989812462412,0.08539474866753004,1.050636503396813,True,True,identical to times[0],-8.50019503234693,5.746261261591804,"measured: Gaia + FIELD::PHASE_DIR of the fitted field, this MS",1.0,-0.0,,-1.5936153706268759,False,visfit_r7_result.json,unattributed; below rank screen,localised,,
ALMA J153702653-33192492,A002_Xff0235_X8392,6,230.522151,5.405,False,CO(2-1),-20.61,True,4.439613929934057,0.964515613630174,3.2747620501418973,True,4.439613929934057,0.964515613630174,3.2747620501418973,True,True,identical to times[0],-0.13742456587318697,5.745735954996915,"measured: Gaia + FIELD::PHASE_DIR of the fitted field, this MS",1.0,-0.0,,1.5213313237283452,False,visfit_r7_result.json,attributed,localised,,
ALMA J153702653-33192492,A002_Xd9d7c7_Xbb64,7,347.21794,5.0087,False,CO(3-2),1232.77,False,-1.052774727953115,-0.2076678716561635,1.5905668678192542,False,4.639612922245388,-0.2818123454919887,1.4919166985748353,True,True,identical to times[0],-7.268115543118098,5.720665335228311,"measured: Gaia + FIELD::PHASE_DIR of the fitted field, this MS",1.0,-0.0,,,,visfit_r7_result.json,unattributed; below rank screen,localised,,
AU Mic,A002_Xa42f75_X319,6,230.686369,5.274,False,CO(2-1),192.939,False,0.7921953311315455,-0.5755747198990346,1.3948720745657315,False,5.497521832883922,1.0857271384629672,1.323896613666792,True,True,identical to times[0],7.183866908563522,0.03610487491123924,"measured: Gaia + FIELD::PHASE_DIR of the fitted field, this MS",0.8028349938012517,0.0,,0.4790598883619881,False,visfit_r7_result.json,unattributed; below rank screen,localised,,
AU Mic,A002_X899169_X1838,6,230.82523,5.2213,False,CO(2-1),373.515,False,-0.2791433806143631,1.0733615825413063,0.6201081960616665,False,5.3894390586692555,0.2101093421237741,0.9446930789854898,True,True,identical to times[0],2.619915955391178,0.03487975781084199,"measured: Gaia + FIELD::PHASE_DIR of the fitted field, this MS",0.7904497974845449,0.0,,-1.343558322579396,False,visfit_r7_result.json,unattributed; below rank screen,localised,,
BD05 1668,A002_Xc7fa6f_X28a8,6,224.742189,11.8682,False,13CO(2-1),5907.719,False,60.3660806986928,48.61161225454855,55.17093719119682,False,38.1547794512883,21.987751850639178,36.66447116968314,False,True,own fit at extraction epoch,-0.3364855217079045,0.19504183944758638,"measured: Gaia + FIELD::PHASE_DIR of the fitted field, this MS",0.8305084745762712,-0.7463415017418247,,,,visfit_r7_result.json,unattributed; below rank screen,not localised,,
BD05 1668,A002_Xc7fa6f_X28a8,6,226.742189,10.1359,False,CO(2-1),-4936.086,False,52.34642381298486,-34.11417594995108,17.806973682167456,False,43.00155510397693,-22.498468817345522,19.6313515681274,False,False,"times[0], residual bounded",-0.3364855217079045,0.19504183944758638,"measured: Gaia + FIELD::PHASE_DIR of the fitted field, this MS",0.8305084745762712,,0.672971043415809,,,visfit_r7_result.json,unattributed; below rank screen,not localised,,
BD05 1668,A002_Xc7fa6f_X28a8,6,240.101561,17.5188,False,CS(5-4),-5917.172,False,94.66289179445934,-49.21112612420658,34.99429369113192,False,89.37096083688395,-41.211109210698794,33.073323334833525,False,False,"times[0], residual bounded",0.3364855217079045,0.19504183944758638,"measured: Gaia + FIELD::PHASE_DIR of the fitted field, this MS",0.8596491228070176,,0.672971043415809,,,visfit_r7_result.json,unattributed; below rank screen,not localised,,
BD05 1668,A002_Xc7fa6f_X28a8,6,242.195311,8.7835,False,CS(5-4),-3354.501,False,39.51151724660816,33.84661567657602,25.155597163819753,False,47.29549057439017,21.24769810159851,25.234677330208964,False,False,"times[0], residual bounded",0.3364855217079045,0.19504183944758638,"measured: Gaia + FIELD::PHASE_DIR of the fitted field, this MS",0.8596491228070176,,0.672971043415809,54.860858127902404,False,visfit_r7_result.json,unattributed; below rank screen,not localised,,
CD-57 1054,A002_Xcf525f_X5aa4,7,346.509896,5.1083,False,CO(3-2),618.922,False,2.334089373302939,0.783511527950818,1.7094586721470182,False,4.0388783435804845,0.25947188654923614,2.198717042061316,True,True,identical to times[0],1.5847354053509846,0.0666701536647782,"measured: Gaia + FIELD::PHASE_DIR of the fitted field, this MS",0.8933374555572732,0.0,,,,visfit_r7_result.json,unattributed; below rank screen,localised,,
CP-72 2713,A002_Xff0235_X4a6d,7,344.269746,5.8089,True,CO(3-2),-1323.206,False,,,,,,,,,,,,,,,,,-0.8634240260586253,False,,unattributed; rank-flagged; tested and does not recur,untested,5,3.6039089055438733
GJ 849,A002_Xd9668b_X841a,6,230.87691,5.0904,False,CO(2-1),440.72,False,1.7722866255223604,-1.0508556269771514,2.726552131806121,False,5.349295485354752,1.7579852642122251,1.144806085392944,True,True,identical to times[0],5.332478886088037,0.03666137305423372,"measured: Gaia + FIELD::PHASE_DIR of the fitted field, this MS",1.0,,,1.7523818417248005,False,visfit_r7_result.json,unattributed; below rank screen,localised,5,2.3291678594338574
HD 10647,A002_Xff294f_Xaf70,7,331.657036,5.1202,False,CO(3-2),-12257.964,False,-0.08546023642604647,1.5581112627728537,1.3332393853472875,False,5.158301748325779,-0.35454948335410597,1.6876647593319338,True,True,identical to times[0],12.13947590308725,0.04896354651565188,"measured: Gaia + FIELD::PHASE_DIR of the fitted field, this MS",1.0,,,-0.03378578142661517,False,visfit_r7_result.json,unattributed; below rank screen,localised,,
HD110411,A002_Xe45e29_Xb7d4,6,219.453785,5.3929,False,C18O(2-1),-145.029,False,-0.16520890313442163,-1.4496312329708758,1.0446871832497329,False,5.195277696640127,0.5406962775022055,1.3936960266839904,True,True,identical to times[0],3.811899535438753,1.2874076819040159,"measured: Gaia + FIELD::PHASE_DIR of the fitted field, this MS",1.0,0.0,,,,visfit_r7_result.json,unattributed; below rank screen,localised,,
HD14055,A002_X1001fdc_X29ae,7,331.155856,5.0819,False,CO(3-2),-12692.469,False,-0.16502681889778367,0.5219372211351874,1.9273240646477834,False,4.413475330598897,0.1152186792778377,0.7674170893016026,True,True,identical to times[0],16.149968247951453,0.013740905880923885,"measured: Gaia + FIELD::PHASE_DIR of the fitted field, this MS",1.0,0.0,,-0.16161665164839611,False,visfit_r7_result.json,unattributed; below rank screen,localised,,
HD14055,A002_Xff99e1_X24be0,7,331.707762,5.277,False,CO(3-2),-12213.986,False,0.7648175841354143,0.045312226263765555,1.0064446904041942,False,5.127205970519035,1.0795428148075912,0.5822821395366579,True,True,identical to times[0],-3.9391989196972466,0.010969551696009903,"measured: Gaia + FIELD::PHASE_DIR of the fitted field, this MS",1.0,-0.0,,0.7620916211692776,False,visfit_r7_result.json,unattributed; below rank screen,localised,,
HD14055,A002_Xfff3d8_Xd46,7,331.769922,5.575,False,CO(3-2),-12160.095,False,0.5579298385828624,-0.9034478503715877,1.1010562326450462,False,4.97982807957834,-1.1431385556672666,1.3712582812067897,True,True,identical to times[0],14.927119892492385,0.011853429771980823,"measured: Gaia + FIELD::PHASE_DIR of the fitted field, this MS",1.0,0.0,,0.5623110938584982,False,visfit_r7_result.json,unattributed; below rank screen,localised,,
HD14055,A002_Xff99e1_X2b2ee,7,344.700699,5.175,False,CO(3-2),-949.586,False,-1.3929709365484761,-0.9265358395815502,0.903344666736631,False,4.767978503567656,0.4932416939381017,1.7273445468540665,True,True,identical to times[0],-11.050455352533284,0.011381188717190153,"measured: Gaia + FIELD::PHASE_DIR of the fitted field, this MS",1.0,-0.0,,-1.390772312187072,False,visfit_r7_result.json,unattributed; below rank screen,localised,,
HD14055,A002_Xfffde1_X3835,7,345.009905,5.1773,False,CO(3-2),-681.515,False,-0.49392517159204924,0.5732681304729653,1.1985364268680216,False,4.620292192656571,-0.27783954194057076,1.2790003388882767,True,True,identical to times[0],6.746324811935718,0.012347275291709875,"measured: Gaia + FIELD::PHASE_DIR of the fitted field, this MS",1.0,,,-0.4853163765257193,False,visfit_r7_result.json,unattributed; below rank screen,localised,,
HD14055,A002_Xff99e1_X2c3bb,7,345.525611,5.1861,False,CO(3-2),-234.417,False,1.2062145981028818,0.17148465806257432,2.269285730140072,False,5.0482003983853945,-0.9489809489432469,1.5940114278478021,True,True,identical to times[0],16.491485359435682,0.01142312965812978,"measured: Gaia + FIELD::PHASE_DIR of the fitted field, this MS",1.0,0.0,,1.2154635703558256,False,visfit_r7_result.json,unattributed; below rank screen,localised,,
HD161868,A002_Xff45a6_X10ca8,7,345.633836,5.4812,False,CO(3-2),-140.59,False,0.0975346697773934,0.34667902496155645,0.7941197522610854,False,4.929116467906304,0.6865592626144563,1.889390709850447,True,True,identical to times[0],15.97852602241279,0.059340854670662746,"measured: Gaia + FIELD::PHASE_DIR of the fitted field, this MS",1.0,,,0.10003383811525152,False,visfit_r7_result.json,unattributed; below rank screen,localised,,
HD170773,A002_Xff0235_X8c42,7,331.010136,5.0291,False,CO(3-2),-12818.803,False,-1.4558855653103098,-0.7447931455993877,1.3071763507381644,False,4.394888986871628,0.8649030457908503,1.0454767544370371,True,True,identical to times[0],3.0837386939197655,0.026818439648362308,"measured: Gaia + FIELD::PHASE_DIR of the fitted field, this MS",1.0,0.0,,-1.4751747092508098,False,visfit_r7_result.json,unattributed; below rank screen,localised,,
HD 207129 Gaia DR3 6564091190988411520,A002_Xc19d6f_X5706,6,230.422618,5.4325,False,CO(2-1),-150.044,False,-1.0775127075429447,0.9506425665356651,0.8545105116956815,False,4.881148275400616,0.027638217426415944,1.5076171322558642,True,False,"times[0], residual bounded",9.863015810588681,0.024705891480513355,"measured: Gaia + FIELD::PHASE_DIR of the fitted field, this MS",1.0,,19.726031621177363,-1.0900563806655288,False,visfit_r7_result.json,unattributed; below rank screen,localised,3,1.9884873024503285
HD 23484 Gaia DR3 4856592239127350400,A002_X10b22d7_X2445,6,230.790381,5.5203,False,CO(2-1),328.197,False,-0.5876402512069802,-0.32302987947376066,3.4139319544639863,False,4.958416035171518,0.17422957405410508,1.5696843474974165,True,True,identical to times[0],-2.313107478667998,0.060939256487815154,"measured: Gaia + FIELD::PHASE_DIR of the fitted field, this MS",1.0,-0.0,,-0.5739588957383387,False,visfit_r7_result.json,unattributed; below rank screen,localised,,
HD 285968,A002_Xd98580_X3bf6,6,230.502079,5.9557,False,CO(2-1),-46.712,True,5.640389384757434,0.7384503477785797,3.2318466995686776,True,5.640389384757434,0.7384503477785797,3.2318466995686776,True,True,identical to times[0],-0.16654840428030707,0.10380236018932272,"measured: Gaia + FIELD::PHASE_DIR of the fitted field, this MS",1.0,,,5.630400287702775,True,visfit_r7_result.json,attributed,localised,,
HD 285968,A002_Xdb4b9a_X108f,6,230.510022,5.835,False,CO(2-1),-36.383,True,5.660021449501307,2.308105895982816,2.4381042006566584,True,5.660021449501307,2.308105895982816,2.4381042006566584,True,True,identical to times[0],-0.16097745151850965,0.06778054231310411,"measured: Gaia + FIELD::PHASE_DIR of the fitted field, this MS",1.0,,,5.643613177000927,True,visfit_r7_result.json,attributed,localised,,
HD 285968,A002_Xdb7ab7_X5b4e,6,230.51157,5.8682,False,CO(2-1),-34.37,True,5.936794065895067,2.7621293888454153,2.8173603457205663,True,5.936794065895067,2.7621293888454153,2.8173603457205663,True,True,identical to times[0],-0.1597050959432594,0.06059979949320376,"measured: Gaia + FIELD::PHASE_DIR of the fitted field, this MS",1.0,,,5.950080457524167,True,visfit_r7_result.json,attributed,localised,,
HD 31392,A002_X129754b_X6946,6,231.199845,5.2887,False,CO(2-1),860.665,False,0.13252752965698827,-1.9123689682143714,1.5660708103685348,False,5.165594978163059,-0.11402810663968539,1.6176171138922066,True,True,identical to times[0],4.275600186303971,0.03332584025974551,"measured: Gaia + FIELD::PHASE_DIR of the fitted field, this MS",1.0,,,0.12444057193956246,False,visfit_r7_result.json,unattributed; below rank screen,localised,8,2.665361918189259
HD 48370,A002_Xc26103_X155a,6,230.511674,26.8342,True,CO(2-1),-34.235,True,11.922200489355612,4.273604682288107,7.818598902523451,False,5.80902693545142,1.2985034506326285,3.57797784969301,True,True,identical to times[0],-7.079422652702774,0.028068492630052,"measured: Gaia + FIELD::PHASE_DIR of the fitted field, this MS",0.6493083807973963,-0.0,,5.931360620667,True,visfit_r7_result.json,attributed,localised,,
HD 69830,A002_X12277ed_X178c6,7,321.200527,5.046,False,CO(3-2),-21323.374,False,0.5400227445718352,0.5889323223908383,1.497821561110582,False,4.778387098705615,0.07019689579234126,3.159717510727903,True,True,identical to times[0],-11.216762136620186,0.05918897367576091,"measured: Gaia + FIELD::PHASE_DIR of the fitted field, this MS",1.0,-0.0,,,,visfit_r7_result.json,unattributed; below rank screen,localised,,
HD 69830,A002_X12209f7_X16edb,7,322.432491,5.2592,False,CO(3-2),-20255.306,False,0.5970104322512476,-0.1912203224669534,1.972493235407639,False,5.224509489754266,0.7669745675007178,1.4826547650371846,True,True,identical to times[0],6.087413509596084,0.06368710067615477,"measured: Gaia + FIELD::PHASE_DIR of the fitted field, this MS",1.0,0.0,,0.43942551924691714,False,visfit_r7_result.json,unattributed; below rank screen,localised,,
HIP10679,A002_Xa95c04_X14cd,6,220.418512,5.4561,False,13CO(2-1),26.54,True,-0.25330938927062047,0.5530128210369989,1.8687147393119323,False,4.944634545278145,0.8883560328101856,1.3948320371751868,True,True,identical to times[0],29.998351323332823,0.2312679497389801,"measured: Gaia + FIELD::PHASE_DIR of the fitted field, this MS",0.8396869983948636,0.0,,0.8570344270084209,False,visfit_r7_result.json,attributed,localised,,
HR 1010 Gaia DR3 4722135642226902656,A002_Xc66ce1_Xaa9,6,230.834752,5.0439,False,CO(2-1),385.897,False,0.6797610967954111,0.052685985615509946,1.7420803624042567,False,0.6797610967954111,0.052685985615509946,1.7420803624042567,False,True,identical to times[0],0.10052954579624652,0.08639744996237199,"measured: Gaia + FIELD::PHASE_DIR of the fitted field, this MS",0.8703703703703703,,,0.3075710451980417,False,visfit_r7_result.json,unattributed; below rank screen,not localised,,
HR 1010 Gaia DR3 4722135642226902656,A002_Xc6a3db_X7b5b,7,345.478187,5.0542,False,CO(3-2),-275.532,False,-1.8051287820380408,-0.5337726048482995,0.8218913048505009,False,4.648610589213619,-0.06948802011481908,1.2065547974206763,True,True,identical to times[0],13.134975946858365,1.207684528811535,"measured: Gaia + FIELD::PHASE_DIR of the fitted field, this MS",1.0,0.0,,0.09789648434781462,False,visfit_r7_result.json,unattributed; below rank screen,localised,,
HR 1010 Gaia DR3 4722135642226902656,A002_Xc66ce1_X1345,7,345.62056,5.582,False,CO(3-2),-152.1,False,-2.456147977510367,0.8616829649285944,1.7528969719539835,False,4.860760665838269,-0.845972970510673,2.750472458941554,True,True,identical to times[0],3.1329421687279373,1.1992297614342229,"measured: Gaia + FIELD::PHASE_DIR of the fitted field, this MS",1.0,0.0,,-1.6651887576145448,False,visfit_r7_result.json,unattributed; below rank screen,localised,,
LHS 1140,A002_Xd9d7c7_X6fd2,6,230.635464,5.1363,False,CO(2-1),126.743,False,2.416307252001169,0.5020949022961603,1.6252502015333097,False,4.693998806009176,-0.08633306709535048,1.975107806258373,True,True,identical to times[0],1.489900322431586,0.0038019206999197076,"measured: Gaia + FIELD::PHASE_DIR of the fitted field, this MS",1.0,,,2.4160502913204054,False,visfit_r7_result.json,unattributed; below rank screen,localised,4,2.990420861450685
