hostname,pl_name,ra,dec,sy_dist,sy_pnum,pl_bmasse,pl_bmassprov,st_spectype
"GJ 674","GJ 674 b",262.1700476,-46.8989826,4.54896000,1,11.09000000,"Msini","M2.5"
"HD 69830","HD 69830 c",124.6010091,-12.6364246,12.55910000,3,11.80000000,"Msini","K0V"
"GJ 3021","GJ 3021 b",4.0634323,-79.8514218,17.55590000,1,1071.04000000,"Msini","G6 V"
"HD 221287","HD 221287 b",352.8362230,-58.2097540,55.92310000,1,982.05000000,"Msini","F7 V"
"HD 107148","HD 107148 b",184.8059773,-3.3199927,49.41560000,2,66.74100000,"Msini","G5 V"
"HD 179949","HD 179949 b",288.8890182,-24.1797939,27.45730000,1,291.12000000,"Msini","F8 V"
"HD 188015","HD 188015 b",298.0191857,28.0999769,50.67060000,1,476.72000000,"Msini","G5 IV"
"HD 27442","HD 27442 b",64.1205476,-59.3028771,18.27040000,1,495.80000000,"Msini","K1/2III"
"HD 46375","HD 46375 b",98.3030763,5.4625071,29.55290000,1,71.80000000,"Msini","K1 IV-V"
"HIP 14810","HIP 14810 b",47.8092750,21.0971302,50.48000000,3,1239.53700000,"Msini","G5"
"HIP 14810","HIP 14810 d",47.8092750,21.0971302,50.48000000,3,187.51970000,"Msini","G5"
"HD 207832","HD 207832 b",328.1517893,-26.0271749,58.92910000,2,177.98480000,"Msini","G5 V"
"HD 37605","HD 37605 c",85.0074276,6.0595116,46.78640000,2,1013.87770000,"Msini","K0"
"HD 285968","HD 285968 b",70.7353853,18.9533580,9.47045000,1,8.40000000,"Msini","M2 V"
"HD 16417","HD 16417 b",39.2441029,-34.5790905,25.39360000,1,22.10000000,"Msini","G1 V"
"AB Pic","AB Pic b",94.8039208,-58.0541184,50.04750000,1,4290.50000000,"Mass","K2 V"
"HD 9446","HD 9446 b",23.3350424,29.2649187,50.35030000,2,222.47200000,"Msini","G5 V"
"GJ 876","GJ 876 c",343.3239737,-14.2665958,4.67517000,4,226.98460000,"Mass","M2.5V"
"HIP 79431","HIP 79431 b",243.1742467,-18.8764247,14.53240000,1,667.41500000,"Msini","M3 V"
"HD 90156","HD 90156 b",155.9801144,-29.6451030,21.94960000,1,17.98000000,"Msini","G5V"
"ups And","ups And b",24.1983534,41.4038147,13.40540000,3,218.53100000,"Msini","F8 V"
"ups And","ups And d",24.1983534,41.4038147,13.40540000,3,3257.74117175,"Mass","F8 V"
"Wolf 327","Wolf 327 b",148.3783199,35.5705480,28.53210000,1,2.53000000,"Mass","M2.5 V"
"TOI-5789","TOI-5789 c",302.7734475,16.1897138,20.45810000,4,5.00000000,"Mass","K1 V"
"HD 160691","HD 160691 b",266.0361585,-51.8348751,15.59810000,4,1366.66215010,"Mass","G3 IV-V"
"GJ 328","GJ 328 c",133.7819507,1.5420011,20.52660000,2,21.40000000,"Msini","M0.0"
"K2-136","K2-136 c",67.4128615,22.8825674,59.24740000,3,18.10000000,"Mass","K5 V"
"HD 39091","HD 39091 b",84.2992798,-80.4646041,18.27020000,3,4481.38053870,"Mass","G0 V"
"LHS 1815","LHS 1815 b",91.0899861,-55.3115376,29.84240000,1,1.58000000,"Mass","M1"
"HD 50554","HD 50554 b",103.6782730,24.2451409,31.16640000,3,1859.29618095,"Mass","F8 V"
"HD 73267","HD 73267 c",129.0735123,-34.4594469,50.40930000,2,1630.77755632,"Mass","K0 V"
"HD 29985","HD 29985 b",70.5216589,-33.9210696,31.27070000,1,1739.47487151,"Mass",
"HD 31527","HD 31527 c",73.9096193,-23.2413163,38.44730000,3,14.16000000,"Msini","G2 V"
"TOI-1759","TOI-1759 b",326.8516615,62.7538164,40.06540000,1,10.80000000,"Mass","M0.0 V"
"TOI-2285","TOI-2285 b",332.5632644,58.7060934,42.40900000,1,19.50000000,"Mass",
"HD 39091","pi Men d",84.2992798,-80.4646041,18.27020000,3,13.38000000,"Msini","G0 V"
"HIP 54373","HIP 54373 c",166.8643532,-19.2916857,18.71680000,2,12.44000000,"Msini","K5 V"
"L 363-38","L 363-38 b",10.8555443,-41.2952926,10.22950000,1,4.67000000,"Msini",
"TOI-912","TOI-912 b",229.3285665,-80.4733446,26.10720000,1,5.10000000,"Mass","M3"
"TOI-2322","TOI-2322 c",116.9731027,-71.0019671,59.86100000,2,18.10000000,"Mass","K4"
"TOI-2322","TOI-2322 b",116.9731027,-71.0019671,59.86100000,2,2.31000000,"Mass","K4"
"HD 206893","HD 206893 c",326.3416874,-12.7833522,40.75830000,2,3527.89531770,"Mass","F5 V"
"TOI-4527","TOI-4527.01",19.4722574,5.4711996,18.10370000,1,0.68900000,"M-R relationship","M2V:"
"TOI-2068","TOI-2068 b",186.2735600,60.4183455,52.93280000,1,3.97000000,"M-R relationship",
"HD 153950","HD 153950 b",256.1292826,-43.3103753,48.45490000,1,937.59850000,"Msini","F8 V"
"55 Cnc","55 Cnc b",133.1468373,28.3298154,12.58550000,7,263.97850000,"Mass","G8 V"
"K2-18","K2-18 b",172.5601410,7.5878315,38.02660000,2,8.92000000,"Mass","M2.5 V"
"55 Cnc","55 Cnc c",133.1468373,28.3298154,12.58550000,7,54.47380000,"Mass","G8 V"
"55 Cnc","55 Cnc d",133.1468373,28.3298154,12.58550000,7,1232.49300000,"Mass","G8 V"
"55 Cnc","55 Cnc e",133.1468373,28.3298154,12.58550000,7,7.99000000,"Mass","G8 V"
"55 Cnc","55 Cnc f",133.1468373,28.3298154,12.58550000,7,44.81200000,"Mass","G8 V"
"bet Pic","bet Pic b",86.8212337,-51.0661480,19.74420000,3,2765.10714090,"Mass","A6 V"
"GJ 1214","GJ 1214 b",258.8313991,4.9606795,14.64270000,1,8.41000000,"Mass","M4 V"
"GJ 436","GJ 436 b",175.5505363,26.7030669,9.75321000,1,22.10000000,"Mass","M2.5 V"
"HD 189733","HD 189733 b",300.1821223,22.7097759,19.76380000,1,359.14790000,"Mass","K2 V"
"HD 209458","HD 209458 b",330.7950219,18.8842419,48.30160000,1,232.01590000,"Mass","G0 V"
"HD 86226","HD 86226 b",149.1235154,-24.0991859,45.68300000,2,143.02350000,"Mass","G1 V"
"GJ 3470","GJ 3470 b",119.7735021,15.3912090,29.42140000,1,13.90000000,"Mass","M1.5"
"WASP-80","WASP-80 b",303.1667996,-2.1444369,49.78760000,1,170.99254000,"Mass","K7-M0 V"
"GJ 1132","GJ 1132 b",153.7090696,-47.1549358,12.61300000,2,1.83704819,"Mass","M4.5 V"
"TRAPPIST-1","TRAPPIST-1 b",346.6263919,-5.0434618,12.42988881,7,1.37400000,"Mass","M8.0 V"
"TRAPPIST-1","TRAPPIST-1 c",346.6263919,-5.0434618,12.42988881,7,1.30800000,"Mass","M8.0 V"
"TRAPPIST-1","TRAPPIST-1 d",346.6263919,-5.0434618,12.42988881,7,0.38800000,"Mass","M8.0 V"
"HD 3167","HD 3167 b",8.7401487,4.3807215,47.28990000,4,4.84400000,"Mass","K0 V"
"HD 3167","HD 3167 c",8.7401487,4.3807215,47.28990000,4,11.41000000,"Mass","K0 V"
"TRAPPIST-1","TRAPPIST-1 e",346.6263919,-5.0434618,12.42988881,7,0.69200000,"Mass","M8.0 V"
"TRAPPIST-1","TRAPPIST-1 f",346.6263919,-5.0434618,12.42988881,7,1.03900000,"Mass","M8.0 V"
"TRAPPIST-1","TRAPPIST-1 g",346.6263919,-5.0434618,12.42988881,7,1.32100000,"Mass","M8.0 V"
"TRAPPIST-1","TRAPPIST-1 h",346.6263919,-5.0434618,12.42988881,7,0.32600000,"Mass","M8.0 V"
"LHS 1140","LHS 1140 b",11.2486320,-15.2741085,14.98610000,2,5.60000000,"Mass","M4.5 V"
"HD 3167","HD 3167 d",8.7401487,4.3807215,47.28990000,4,7.30000000,"Mass","K0 V"
"GJ 9827","GJ 9827 b",351.7717763,-1.2853435,29.66100000,3,4.28000000,"Mass","K7 V"
"GJ 9827","GJ 9827 c",351.7717763,-1.2853435,29.66100000,3,1.86000000,"Mass","K7 V"
"GJ 9827","GJ 9827 d",351.7717763,-1.2853435,29.66100000,3,3.02000000,"Mass","K7 V"
"K2-18","K2-18 c",172.5601410,7.5878315,38.02660000,2,7.51000000,"Msini","M2.5 V"
"GJ 1132","GJ 1132 c",153.7090696,-47.1549358,12.61300000,2,2.91000000,"Msini","M4.5 V"
"HAT-P-11","HAT-P-11 c",297.7101763,48.0818635,37.76470000,2,851.78013076,"Mass","K4"
"LHS 1140","LHS 1140 c",11.2486320,-15.2741085,14.98610000,2,1.91000000,"Mass","M4.5 V"
"LHS 3844","LHS 3844 b",340.4962038,-69.1721081,14.88460000,1,2.37000000,"Mass","M4.5-M5.0"
"HD 15337","HD 15337 b",36.8678846,-27.6361171,44.81550000,2,6.51900000,"Mass","K1 V"
"HD 15337","HD 15337 c",36.8678846,-27.6361171,44.81550000,2,6.79200000,"Mass","K1 V"
"L 98-59","L 98-59 b",124.5328604,-68.3144658,10.61940000,5,0.46000000,"Mass","M3 V"
"L 98-59","L 98-59 c",124.5328604,-68.3144658,10.61940000,5,2.00000000,"Mass","M3 V"
"L 98-59","L 98-59 d",124.5328604,-68.3144658,10.61940000,5,1.64000000,"Mass","M3 V"
"TOI-270","TOI-270 b",68.4160804,-51.9573937,22.47930000,3,1.48000000,"Mass","M3 V"
"TOI-270","TOI-270 c",68.4160804,-51.9573937,22.47930000,3,6.20000000,"Mass","M"
"TOI-270","TOI-270 d",68.4160804,-51.9573937,22.47930000,3,4.20000000,"Mass","M3 V"
"GJ 357","GJ 357 b",144.0074644,-21.6650634,9.44181000,3,1.83000000,"Mass","M2.5 V"
"GJ 357","GJ 357 c",144.0074644,-21.6650634,9.44181000,3,3.40000000,"Msini","M2.5 V"
"GJ 357","GJ 357 d",144.0074644,-21.6650634,9.44181000,3,6.10000000,"Msini","M2.5 V"
"LTT 1445 A","LTT 1445 A b",45.4624781,-16.5944956,6.86929000,2,2.73000000,"Mass","M3.0"
"bet Pic","bet Pic c",86.8212337,-51.0661480,19.74420000,3,2765.10714090,"Mass","A6 V"
"LP 791-18","LP 791-18 b",165.6904843,-16.4064445,26.49270000,3,1.94000000,"M-R relationship","M(6.1 +/- 0.7) V"
"LP 791-18","LP 791-18 c",165.6904843,-16.4064445,26.49270000,3,7.16000000,"Mass","M(6.1 +/- 0.7) V"
"L 168-9","L 168-9 b",350.0285917,-60.0657292,25.14960000,1,4.07000000,"Mass","M0.5 V"
"TOI-1130","TOI-1130 b",286.3760037,-41.4376399,58.26090000,2,19.80000000,"Mass","K6-K7"
"TOI-1130","TOI-1130 c",286.3760037,-41.4376399,58.26090000,2,336.00000000,"Mass","K6-K7"
"LTT 3780","LTT 3780 b",154.6449033,-11.7178010,21.98140000,2,2.46000000,"Mass","M3.5 V"
"LTT 3780","LTT 3780 c",154.6449033,-11.7178010,21.98140000,2,8.04000000,"Mass","M3.5 V"
"AU Mic","AU Mic b",311.2911369,-31.3424500,9.72210000,4,8.99000000,"Mass","M1 V"
"TOI-700","TOI-700 b",97.0957165,-65.5786149,31.12650000,4,0.84900000,"M-R relationship","M2.5 V"
"TOI-700","TOI-700 c",97.0957165,-65.5786149,31.12650000,4,6.96000000,"M-R relationship","M2.5 V"
"TOI-700","TOI-700 d",97.0957165,-65.5786149,31.12650000,4,1.58000000,"M-R relationship","M2.5 V"
"HD 86226","HD 86226 c",149.1235154,-24.0991859,45.68300000,2,7.25000000,"Mass","G1 V"
"WD 1856+534","WD 1856+534 b",284.4156750,53.5090244,24.73590000,1,4386.05400000,"Mass","DC"
"GJ 3473","GJ 3473 b",120.5936065,3.3371629,27.36440000,2,1.86000000,"Mass","M4"
"GJ 3473","GJ 3473 c",120.5936065,3.3371629,27.36440000,2,7.41000000,"Msini","M4"
"TOI-776","TOI-776 b",178.5779970,-37.5533568,27.17010000,2,5.00000000,"Mass","M1 V"
"TOI-776","TOI-776 c",178.5779970,-37.5533568,27.17010000,2,6.90000000,"Mass","M1 V"
"GJ 486","GJ 486 b",191.9815310,9.7494181,8.07426000,1,2.77000000,"Mass","M3.5 V"
"TOI-1231","TOI-1231 b",156.7472600,-52.4678724,27.62270000,1,15.40000000,"Mass","M3 V"
"TOI-674","TOI-674 b",164.5865592,-36.8581092,46.08510000,1,23.60000000,"Mass","M2 V"
"TOI-1807","TOI-1807 b",201.2826259,38.9223671,42.57750000,1,2.44000000,"Mass",
"TOI-2076","TOI-2076 b",217.3920159,39.7903991,41.90910000,4,6.70000000,"Mass","K V"
"TOI-2076","TOI-2076 c",217.3920159,39.7903991,41.90910000,4,7.20000000,"Mass","K V"
"TOI-2076","TOI-2076 d",217.3920159,39.7903991,41.90910000,4,7.30000000,"Mass","K V"
"AU Mic","AU Mic c",311.2911369,-31.3424500,9.72210000,4,14.46000000,"Mass","M1 V"
"TOI-431","TOI-431 b",83.2692502,-26.7238698,32.56860000,3,3.07000000,"Mass",
"TOI-431","TOI-431 c",83.2692502,-26.7238698,32.56860000,3,2.83000000,"Msini",
"TOI-431","TOI-431 d",83.2692502,-26.7238698,32.56860000,3,9.90000000,"Mass",
"L 98-59","L 98-59 e",124.5328604,-68.3144658,10.61940000,5,2.82000000,"Msini","M3 V"
"HD 63935","HD 63935 b",117.9246417,9.3852412,48.97390000,2,10.50000000,"Mass",
"HD 63935","HD 63935 c",117.9246417,9.3852412,48.97390000,2,11.10000000,"Mass",
"GJ 367","GJ 367 b",146.1214640,-45.7790165,9.41263000,3,0.50300000,"Mass","M V"
"LTT 1445 A","LTT 1445 A c",45.4624781,-16.5944956,6.86929000,2,1.54000000,"Mass","M3.0"
"TOI-500","TOI-500 b",106.5590980,-47.5878156,47.39240000,4,1.42000000,"Mass","K6 V"
"TOI-2445","TOI-2445 b",43.3161555,0.0523366,48.58200000,1,2.10000000,"M-R relationship",
"GJ 3929","GJ 3929 b",239.5775678,35.4081141,15.80950000,2,1.75000000,"Mass","M3.5 V"
"TOI-500","TOI-500 c",106.5590980,-47.5878156,47.39240000,4,5.03000000,"Msini","K6 V"
"TOI-500","TOI-500 d",106.5590980,-47.5878156,47.39240000,4,33.12000000,"Msini","K6 V"
"TOI-500","TOI-500 e",106.5590980,-47.5878156,47.39240000,4,15.05000000,"Msini","K6 V"
"HD 260655","HD 260655 b",99.2915429,17.5662696,10.00550000,2,2.14000000,"Mass","M0 V"
"HD 260655","HD 260655 c",99.2915429,17.5662696,10.00550000,2,3.09000000,"Mass","M0 V"
"GJ 3929","GJ 3929 c",239.5775678,35.4081141,15.80950000,2,5.71000000,"Msini","M3.5 V"
"GJ 3090","GJ 3090 b",20.4384281,-46.7147234,22.47510000,2,4.52000000,"Mass","M2 V"
"TOI-700","TOI-700 e",97.0957165,-65.5786149,31.12650000,4,0.71800000,"M-R relationship","M2.5 V"
"TOI-771","TOI-771 b",164.1138903,-72.9851736,25.27880000,2,2.47000000,"Mass","M3"
"TOI-836","TOI-836.01",225.0798831,-24.4542022,27.50240000,2,9.60000000,"Mass","K V"
"TOI-836","TOI-836 b",225.0798831,-24.4542022,27.50240000,2,4.53000000,"Mass","K V"
"LHS 475","LHS 475 b",290.2379403,-82.5597883,12.48140000,1,0.94100000,"M-R relationship","M3.5 V"
"TOI-1416","TOI-1416 b",216.9234892,41.9529862,55.01350000,1,3.48000000,"Mass","G9 V"
"TOI-1468","TOI-1468 c",16.6538724,19.2249195,24.73990000,2,4.10000000,"Mass","M3.0 V"
"TOI-1468","TOI-1468 b",16.6538724,19.2249195,24.73990000,2,3.04000000,"Mass","M3.0 V"
"TOI-1801","TOI-1801 b",175.5755995,23.0270335,30.67960000,1,5.73800000,"Mass","M0.5+/-0.5 V"
"TOI-2134","TOI-2134 b",271.9355015,39.0729269,22.62020000,2,9.37000000,"Mass","K5 V"
"TOI-2134","TOI-2134 c",271.9355015,39.0729269,22.62020000,2,58.30000000,"Mass","K5 V"
"TOI-2431","TOI-2431 b",37.7652989,8.3816255,36.05590000,1,6.20000000,"Mass","K7 V"
"TOI-3884","TOI-3884 b",181.5718341,12.5070258,43.14480000,1,32.59000000,"Mass","M4"
"LP 890-9","LP 890-9 b",64.1309096,-28.3157909,32.42980000,2,13.20000000,"Mass","M6 V"
"TOI-4336 A","TOI-4336 A b",206.1070129,-40.3373505,22.54550000,2,3.33000000,"Mass","M3.5 V"
"LP 890-9","LP 890-9 c",64.1309096,-28.3157909,32.42980000,2,25.30000000,"Mass","M6 V"
"HD 3167","HD 3167 e",8.7401487,4.3807215,47.28990000,4,14.90000000,"Mass","K0 V"
"TOI-6255","TOI-6255 b",331.5031606,39.2988284,20.31670000,1,1.44000000,"Mass",
"LP 791-18","LP 791-18 d",165.6904843,-16.4064445,26.49270000,3,0.91000000,"Mass","M(6.1 +/- 0.7) V"
"TOI-6324","TOI-6324 b",330.8445430,67.4986773,20.54880000,1,1.17000000,"Mass",
"HD 207496","HD 207496 b",328.7181708,-77.3388025,23.60600000,1,6.10000000,"Mass","K2.5 V"
"GJ 367","GJ 367 c",146.1214640,-45.7790165,9.41263000,3,4.13000000,"Msini","M1.0 V"
"GJ 367","GJ 367 d",146.1214640,-45.7790165,9.41263000,3,6.03000000,"Msini","M1.0 V"
"AU Mic","AU Mic e",311.2911369,-31.3424500,9.72210000,4,21.10000000,"Mass","M1 V"
"AU Mic","AU Mic d",311.2911369,-31.3424500,9.72210000,4,1.05300000,"Mass","M1 V"
"GJ 806","GJ 806 b",311.2697002,44.5002351,12.04450000,2,1.90000000,"Mass","M1.5 V"
"GJ 806","GJ 806 c",311.2697002,44.5002351,12.04450000,2,5.80000000,"Msini","M1.5 V"
"HD 110067","HD 110067 b",189.8392243,20.0273377,32.15850000,6,5.69000000,"Mass","K0.0 V"
"HD 110067","HD 110067 c",189.8392243,20.0273377,32.15850000,6,6.30000000,"Mass","K0.0 V"
"HD 110067","HD 110067 d",189.8392243,20.0273377,32.15850000,6,8.52000000,"Mass","K0.0 V"
"HD 110067","HD 110067 e",189.8392243,20.0273377,32.15850000,6,3.90000000,"Mass","K0.0 V"
"HD 110067","HD 110067 f",189.8392243,20.0273377,32.15850000,6,5.04000000,"Mass","K0.0 V"
"HD 110067","HD 110067 g",189.8392243,20.0273377,32.15850000,6,8.40000000,"Mass","K0.0 V"
"GJ 341","GJ 341 b",140.3993759,-60.2811692,10.45400000,1,4.00000000,"Mass","M1"
"BD+05 4868 A","BD+05 4868 A b",326.8614036,6.6053185,43.56870000,1,6.20000000,"Mass","K V"
"TOI-771","TOI-771 c",164.1138903,-72.9851736,25.27880000,2,2.87000000,"Msini","M3"
"TOI-2076","TOI-2076 e",217.3920159,39.7903991,41.90910000,4,4.70000000,"Mass","K V"
"L 98-59","L 98-59 f",124.5328604,-68.3144658,10.61940000,5,2.80000000,"Msini","M3 V"
"55 Cnc B","55 Cnc B b",133.1679080,28.3152863,12.47730000,7,3.50000000,"Msini","M4.5 V"
"55 Cnc B","55 Cnc B c",133.1679080,28.3152863,12.47730000,7,5.30000000,"Msini","M4.5 V"
"GJ 3090","GJ 3090 c",20.4384281,-46.7147234,22.47510000,2,10.00000000,"Msini","M2 V"
"TOI-4336 A","TOI-4336 A c",206.1070129,-40.3373505,22.54550000,2,1.55000000,"Mass","M3.5 V"
"bet Pic","bet Pic d",86.8212337,-51.0661480,19.74420000,3,762.78817680,"Mass","A6 V"
"TOI-260","TOI-260 b",4.7730178,-9.9661505,20.18520000,1,4.23000000,"Mass","K8 V"
"HAT-P-11","HAT-P-11 b",297.7101763,48.0818635,37.76470000,2,25.00000000,"Mass","K4"
"TOI-286","TOI-286 c",90.9842762,-60.6663348,59.22930000,2,3.72000000,"Mass","K3 V"
"TOI-1806","TOI-1806.01",166.1181474,30.4585763,55.52110000,1,11.50000000,"M-R relationship",
"TOI-4443","TOI-4443.01",274.2686643,21.9095459,56.07390000,1,3.60000000,"M-R relationship",
"K2-136","K2-136 b",67.4128615,22.8825674,59.24740000,3,4.30000000,"Mass","K5.5"
"GJ 676 A","GJ 676 A e",262.5448903,-51.6377777,16.02720000,4,6.67439655,"Msini","M0"
"HR 2562","HR 2562 b",102.5042716,-60.2486775,34.00710000,1,6992.22495400,"Mass","F5 V"
"HD 21411","HD 21411 b",51.5474155,-30.6168403,29.13280000,1,65.90000000,"Msini","G8 V"
"HD 39091","pi Men c",84.2992798,-80.4646041,18.27020000,3,3.63000000,"Mass","G0 V"
"GJ 1061","GJ 1061 d",54.0032486,-44.5143104,3.67278000,3,1.67000000,"Mass","M5.5 V"
"HD 93385","HD 93385 c",161.5627065,-41.4646040,43.34750000,3,7.10000000,"Msini","G2/G3 V"
"TOI-5720","TOI-5720 b",170.3135774,25.2732942,35.82560000,1,4.30000000,"Mass","M3.5 +/- 1.0"
"GJ 328","GJ 328 b",133.7819507,1.5420011,20.52660000,2,797.74930157,"Msini","M0.0"
"HD 50499","HD 50499 c",103.0080750,-33.9152670,46.28450000,2,931.24190000,"Msini","G1 V"
"GJ 1002","GJ 1002 b",1.6764641,-7.5462123,4.84867000,2,1.08000000,"Msini","M5.5 V"
"GJ 251","GJ 251 c",103.7002499,33.2664632,5.58057000,2,3.88000000,"Msini","M3.0 V"
"HD 51608","HD 51608 b",103.7137102,-55.2600189,35.05530000,2,12.77000000,"Msini","G7 V"
"TOI-286","TOI-286 b",90.9842762,-60.6663348,59.22930000,2,4.53000000,"Mass","K3 V"
"HD 89839","HD 89839 b",155.1688790,-53.6640291,57.30630000,1,1748.05623850,"Mass","F7 V"
"TOI-544","TOI-544 c",82.2900716,-0.3428983,41.11660000,2,21.50000000,"Msini",
"GJ 180","GJ 180 d",73.4600970,-17.7761940,11.94070000,3,7.56000000,"Msini","M3"
"HD 196050","HD 196050 b",309.4637796,-60.6347649,50.67420000,1,1493.79351290,"Mass","G3 V"
"Kepler-444","Kepler-444 c",289.7528323,41.6318840,36.43960000,5,0.07930000,"M-R relationship","K"
"HD 219077","HD 219077 b",348.5319387,-62.7018297,29.18640000,1,3057.50927534,"Mass","G8 V+"
"tau Cet","tau Cet g",26.0093029,-15.9337987,3.60304000,3,1.75000000,"Msini","G8.5V"
"GJ 887","GJ 887 e",346.5027573,-35.8473489,3.28679000,4,1.46000000,"Msini","M1 V"
"GJ 676 A","GJ 676 A d",262.5448903,-51.6377777,16.02720000,4,3.81394088,"Msini","M0"
"HD 12235","HD 12235 b",30.0391601,3.0959098,31.76270000,2,10.48833743,"Msini",
"Kepler-444","Kepler-444 f",289.7528323,41.6318840,36.43960000,5,0.33200000,"M-R relationship","K"
"GJ 887","GJ 887 c",346.5027573,-35.8473489,3.28679000,4,6.50000000,"Msini","M1 V"
"HD 20782","HD 20782 b",50.0166232,-28.8543535,35.98640000,5,472.83000000,"Msini","G1.5 V"
"HD 135625","HD 135625 b",229.4511514,-45.9225871,56.51800000,1,731.00533610,"Mass","G3 IV/V"
"HD 141399","HD 141399 e",236.7235392,46.9862880,37.01690000,4,209.76780000,"Msini","K0"
"TOI-2406","TOI-2406 b",8.8060544,-3.3720833,55.41900000,1,15.60000000,"Mass","M4 V"
"LHS 1478","LHS 1478 b",44.3388743,76.5514045,18.22760000,1,2.27000000,"Mass","m3 V"
"TOI-1685","TOI-1685 b",68.5939529,43.0370395,37.61530000,1,3.07000000,"Mass","M3 V"
"TOI-1442","TOI-1442 b",287.2921006,74.1742762,41.16590000,1,1.71000000,"M-R relationship",
"TOI-1452","TOI-1452 b",290.1739741,73.1951082,30.52120000,1,4.82000000,"Mass","M4 +/- 0.5 V"
"TOI-1695","TOI-1695 b",21.9217346,72.2966148,45.13090000,1,6.36000000,"Mass","M1 V"
"WASP-69","WASP-69 b",315.0259661,-5.0948570,49.96050000,1,82.58000000,"Mass","K"
"HD 457","HD 457 b",2.2492922,-39.7372401,55.03750000,1,8445.33643080,"Mass",
"HD 153557","HD 153557 b",254.4706516,47.3678558,17.94120000,3,20.34101805,"Msini","K0"
"HD 196067","HD 196067 b",310.4364195,-75.3514992,39.93460000,2,3623.24383980,"Mass","G0 V"
"HD 176986","HD 176986 c",285.7739138,-11.0449410,27.78430000,3,2097.98531461,"Mass","K2.5 V"
"HD 12661","HD 12661 c",31.1423525,25.4135632,37.84780000,2,899.45439181,"Mass","K0"
"kap And","kap And b",355.1025974,44.3338511,50.01770000,1,5498.43144110,"Mass","B9 IVn"
"HD 88986","HD 88986 b",154.1166869,28.6820708,33.26730000,1,17.20000000,"Mass","G2 V"
"HD 215152","HD 215152 e",340.8380941,-6.4020685,21.59740000,4,975.41538108,"Mass","K3 V"
"HD 207897","HD 207897 b",325.2016451,84.3337613,28.29380000,1,14.80000000,"Mass","K0 V"
"Barnard's star","Barnard d",269.4486144,4.7379808,1.82655000,4,0.26300000,"Msini","M3.5-4 V"
"HD 185283","HD 185283 b",295.3233609,-56.3221096,31.39500000,1,413.17692910,"Mass","K3 V"
"HD 65216","HD 65216 b",118.4209646,-63.6466892,35.12050000,2,411.58985000,"Msini","G5 V"
"Gliese 12","Gliese 12 b",3.9579137,13.5576175,12.21000000,1,0.95000000,"Mass","M4 V"
"GJ 3998","GJ 3998 d",259.0020507,11.0561751,18.14590000,3,6.07000000,"Msini","M1"
"HD 219134","HD 219134 h",348.3372026,57.1696255,6.53127000,6,108.06220000,"Msini","K3 V"
"TOI-2459","TOI-2459 b",82.1433321,-39.3730456,36.61130000,1,9.03000000,"M-R relationship",
"HD 51608","HD 51608 c",103.7137102,-55.2600189,35.05530000,2,14.31000000,"Msini","G7 V"
"TOI-1266","TOI-1266 d",197.9965833,65.8336973,36.01180000,3,3.68000000,"Mass","M2"
"HD 142415","HD 142415 b",239.4189890,-60.2006948,35.53180000,1,530.77610000,"Msini","G1 V"
"Teegarden's Star","Teegarden's Star c",43.2691449,16.8649024,3.83078000,3,1.05000000,"Msini","M7.0 V"
"HIP 81991","HIP 81991 b",251.2490143,6.0870480,43.90160000,1,3019.36986650,"Mass","G8 V"
"G 9-40","G 9-40 b",134.7188514,21.0747961,27.92760000,1,4.00000000,"Mass","M2.5 V"
"HD 128311","HD 128311 b",219.0032292,9.7454368,16.32920000,2,562.24127000,"Msini","K0"
"KOBE-1","KOBE-1 b",19.1660378,25.3310358,23.97180000,2,8.80000000,"Msini","K7 V"
"HD 134606","HD 134606 c",228.8103897,-70.5203328,26.79090000,5,11.31000000,"Msini","G5IV"
"HD 5278","HD 5278 b",12.5467785,-83.7437671,57.58460000,2,7.80000000,"Mass","F V"
"DMPP-4","DMPP-4 b",293.5826648,51.2358069,25.32840000,1,12.20000000,"Msini","F5-F8 V"
"HD 73256","HD 73256 c",129.0949961,-30.0373339,36.70800000,1,5085.25451200,"Mass","G8 IV"
"HD 219134","HD 219134 g",348.3372026,57.1696255,6.53127000,6,10.80622000,"Msini","K3 V"
"TOI-540","TOI-540 b",76.3096949,-47.9375391,14.00220000,1,0.67400000,"M-R relationship","M V"
"GJ 463","GJ 463 b",185.7440496,64.0324311,18.35540000,1,1080.61658380,"Mass","M3.0 V"
"HD 222582","HD 222582 b",355.4640788,-5.9862379,42.15860000,1,2660.23710000,"Msini","G5 V"
"TOI-1184","TOI-1184 b",272.2045196,60.6787845,58.59460000,1,6.80000000,"Mass",
"G 192-15","G 192-15 b",90.6220931,49.8619390,9.53114000,2,1.03000000,"Msini","M5.0 V"
"TOI-2427","TOI-2427 c",52.2917315,-31.3628665,28.51470000,2,6.46000000,"Msini","K7 V"
"TOI-5728","TOI-5728 b",260.3509363,67.5504212,54.70450000,1,2.27000000,"M-R relationship",
"HD 191939","HD 191939 g",302.0256247,66.8503014,53.60890000,6,13.50000000,"Msini","G9 V"
"HD 235088","HD 235088 b",300.6154535,53.3774418,41.17060000,1,4.15000000,"Mass","K V"
"GJ 3378","GJ 3378 b",90.2951302,59.5931917,7.72274000,1,2.30000000,"Msini","M4 V"
"TOI-2427","TOI-2427 b",52.2917315,-31.3628665,28.51470000,2,5.69000000,"Mass","K7 V"
"HD 28185","HD 28185 c",66.6100461,-10.5510754,39.38090000,2,1906.97044200,"Mass","G5"
"TOI-6478","TOI-6478 b",149.9918059,-16.1597935,38.60570000,1,19.20000000,"M-R relationship","M4.0+/-0.5"
"HD 204313","HD 204313 b",322.0510568,-21.7274194,47.79450000,3,1466.77809830,"Mass","G5 V"
"TOI-5800","TOI-5800 b",305.0655462,-7.4119237,42.90520000,1,9.50000000,"Mass","K3 V"
"HD 191939","HD 191939 b",302.0256247,66.8503014,53.60890000,6,10.00000000,"Mass","G9 V"
"K2-136","K2-136 d",67.4128615,22.8825674,59.24740000,3,3.00000000,"Mass","K5.5"
"nu Oph","nu Oph c",269.7566013,-9.7741342,46.21070000,2,7838.32346000,"Mass","K0 III"
"HIP 71135","HIP 71135 b",218.2158073,-52.6464757,32.33110000,1,18.80000000,"Msini","M1"
"TOI-262","TOI-262 b",32.5346870,-31.0706272,43.93200000,1,4.94000000,"M-R relationship","K0 V"
"HD 8574","HD 8574 b",21.3033807,28.5660169,44.82640000,1,645.19490000,"Msini","F8"
"GJ 1061","GJ 1061 b",54.0032486,-44.5143104,3.67278000,3,1.11000000,"Mass","M5.5 V"
"HD 8326","HD 8326 b",20.5314418,-26.8940678,30.68620000,1,66.60000000,"Msini","K2 V"
"BD+45 564","BD+45 564 b",32.9470485,45.9242187,53.62200000,1,432.24663352,"Msini","K1"
"DS Tuc A","DS Tuc A b",354.9154673,-69.1960430,44.06220000,1,413.17900000,"Mass","G6 V"
"HD 11506","HD 11506 d",28.2106607,-19.5073960,51.26100000,3,4068.20360960,"Mass","G0 V"
"HD 141004","HD 141004 b",236.6099205,7.3527684,11.81480000,1,13.63483866,"Msini","G0Vvar"
"GJ 9689","GJ 9689 b",303.4677310,13.3888921,30.62030000,1,9.65000000,"Msini","M0.5"
"HR 858","HR 858 b",42.9849779,-30.8140609,31.96400000,3,3.55000000,"Mass","F6 V"
"TOI-833","TOI-833 b",145.6454720,-62.4758857,41.71480000,1,2.15000000,"M-R relationship",
"HD 38283","HD 38283 b",84.2605324,-73.6998131,38.06150000,1,127.13200000,"Msini","F9.5 V"
"TOI-6008","TOI-6008 b",310.4487344,49.6468992,23.10080000,1,4.00000000,"Mass","M5.0"
"HD 191939","HD 191939 f",302.0256247,66.8503014,53.60890000,6,915.34581216,"Msini","G9 V"
"HN Peg","HN Peg b",326.1315705,14.7714524,18.11860000,1,6991.57000000,"Mass","G0 V"
"HD 60779","HD 60779 c",114.0047579,-3.1512910,35.44450000,2,28.30000000,"Msini","G1 V"
"HD 141399","HD 141399 d",236.7235392,46.9862880,37.01690000,4,375.03940000,"Msini","K0"
"HIP 57274","HIP 57274 b",176.1705487,30.9576484,25.86180000,3,3359.44626199,"Mass","K4 V"
"HD 158259","HD 158259 b",261.3495847,52.7904721,27.04980000,5,2.22000000,"Msini","G0"
"HD 133131 B","HD 133131 B b",225.8999745,-27.8415947,51.29930000,3,794.57500000,"Msini","G2 V"
"HD 158259","HD 158259 d",261.3495847,52.7904721,27.04980000,5,5.41000000,"Msini","G0"
"HD 1461","HD 1461 b",4.6762645,-8.0536206,23.45340000,2,6.44000000,"Msini","G0 V"
"Gl 725 A","Gl 725 A b",280.6834312,59.6381090,3.52140000,2,2.78000000,"Msini","M3"
"TOI-2120","TOI-2120 b",23.5073150,65.5139877,32.17550000,1,6.80000000,"Mass",
"HD 104067","HD 104067 c",179.7923543,-20.3556058,20.36320000,2,13.20000000,"Msini","K2V"
"TOI-1411","TOI-1411 b",232.9460470,47.0555507,32.47780000,1,2.00000000,"Mass",
"HD 44219","HD 44219 b",95.0599971,-10.7250799,52.90510000,1,184.34047606,"Mass","G3 V"
"HD 72659","HD 72659 b",128.5128072,-1.5686323,51.89490000,2,949.67128012,"Mass","G2 V"
"HD 26161","HD 26161 b",62.4122255,31.6524346,40.91280000,1,9045.39646322,"Mass",
"HIP 38594","HIP 38594 c",118.5439118,-25.3023073,17.78860000,2,48.40000000,"Msini","M0"
"TOI-1846","TOI-1846 b",257.9549645,54.5278483,47.24960000,1,3.87000000,"M-R relationship",
"GJ 1151","GJ 1151 c",177.7304866,48.3732334,8.03625000,1,10.62000000,"Msini","M 4.5V"
"HD 156846","HD 156846 b",260.1423366,-19.3343650,47.73320000,1,3391.24610000,"Msini","G0 V"
"HD 158259","HD 158259 f",261.3495847,52.7904721,27.04980000,5,6.14000000,"Msini","G0"
"HD 63433","HD 63433 b",117.4793699,27.3631342,22.40350000,3,21.75500000,"Mass","G5 V"
"HD 164595","HD 164595 b",270.1613723,29.5726698,28.25400000,1,16.14000000,"Msini","G2 V"
"HD 97037","HD 97037 b",167.5545621,-7.3901483,32.41300000,1,6707.76852973,"Mass",
"HD 211970","HD 211970 b",335.5661579,-54.5596006,13.12770000,1,13.00000000,"Msini","K7 V"
"HD 74156","HD 74156 c",130.6047813,4.5772338,57.60300000,2,2753.98314665,"Mass","G0"
"HD 20003","HD 20003 c",46.9090081,-72.3219221,41.83160000,2,14.44000000,"Msini","G8 V"
"HD 134606","HD 134606 b",228.8103897,-70.5203328,26.79090000,5,9.09000000,"Msini","G5IV"
"HD 96700","HD 96700 b",166.9742616,-30.1751383,25.41110000,3,8.90000000,"Msini","G0 V"
"HD 331093","HD 331093 b",295.6200054,31.7395451,50.19280000,1,476.74261050,"Msini","K0"
"HD 37124","HD 37124 d",84.2599947,20.7289784,31.66340000,3,221.20968000,"Msini","G4 V"
"HR 858","HR 858 d",42.9849779,-30.8140609,31.96400000,3,7.10000000,"Mass","F6 V"
"GJ 9773","GJ 9773 b",333.1502333,8.5503355,15.92110000,1,172.58082500,"Msini","M3.0 V"
"HD 13808","HD 13808 c",33.1780708,-53.7437591,28.23050000,2,9.96000000,"Msini","K2 V"
"HD 125271","HD 125271 b",216.6474037,-81.4542756,39.34660000,1,3465.60094993,"Mass",
"LP 714-47","LP 714-47 b",64.1902212,-12.0848643,52.61600000,1,28.38000000,"Mass","M1 V"
"TOI-4364","TOI-4364 b",80.0669270,-4.2392481,43.96620000,1,4.70000000,"M-R relationship","M4 V"
"rho CrB","rho CrB c",240.2600639,33.3001861,17.46710000,3,27.44200000,"Msini","G0"
"HD 23596","HD 23596 b",57.0018601,40.5307308,52.00180000,1,3786.60764100,"Mass","F8"
"TOI-2266","TOI-2266 b",245.2800398,31.5770413,51.60040000,1,2.99000000,"M-R relationship","M5.0+0.5-0.5"
"GJ 15 A","GJ 15 A b",4.6126677,44.0247296,3.56228000,2,3.03000000,"Msini","M1"
"TOI-1266","TOI-1266 b",197.9965833,65.8336973,36.01180000,3,4.46000000,"Mass","M2"
"GJ 27.1","GJ 27.1 b",9.9980016,-44.2541679,23.60620000,1,13.00000000,"Msini","M0.5 V"
"TOI-5082","TOI-5082.01",106.5695780,22.6831477,43.14060000,1,7.03000000,"M-R relationship",
"HD 50499","HD 50499 b",103.0080750,-33.9152670,46.28450000,2,519.96988000,"Msini","G1 V"
"HD 20794","HD 20794 f",49.9997666,-43.0666533,6.00278000,4,5.82000000,"Msini","G6 V"
"HD 99109","HD 99109 b",171.0715576,-1.5297610,54.79010000,1,139.84520000,"Msini","G8/K0 IV"
"TOI-1743","TOI-1743 b",257.7473322,71.8722039,41.27580000,1,4.01000000,"M-R relationship","M4 V"
"HD 154088","HD 154088 b",256.1164214,-28.5838342,18.26920000,1,6.60000000,"Msini","K0 IV-V"
"HD 29399","HD 29399 b",68.3903471,-62.8237576,44.15180000,1,498.99059899,"Msini","K1 III"
"eps Ind A","eps Ind A b",330.8714021,-56.7969023,3.63857000,1,2065.88464550,"Mass","K5 V"
"GJ 317","GJ 317 c",130.2445254,-23.4528090,15.19680000,2,454.49462201,"Msini","M3.5 V"
"GJ 4274","GJ 4274 c",335.7805478,-17.6104078,7.23556000,2,8.39000000,"Msini","M4.5 V"
"GJ 3341","GJ 3341 b",78.9471415,-31.2948458,23.61900000,1,6.60000000,"Msini","M2.5"
"TOI-4552","TOI-4552 b",264.7142556,-47.6370457,27.26840000,1,1.83000000,"Mass","M4.5 V"
"GJ 1289","GJ 1289 b",355.7813464,36.5363314,8.35147000,1,6.27000000,"Msini","M4.5 Ve"
"HD 98736","HD 98736 b",170.4549045,18.1896082,32.44590000,1,740.54390000,"Msini","G5"
"GJ 667 C","GJ 667 C f",259.7510609,-34.9977651,7.24396000,5,2.70000000,"Msini","M1.5 V"
"DE CVn","DE CVn b",201.7207198,45.5455449,30.52250000,1,3823.27330161,"Msin(i)/sin(i)",
"GJ 3323","GJ 3323 b",75.4868824,-6.9485133,5.37484000,2,2.02000000,"Msini","M4"
"BD-210397","BD-210397 c",33.3024198,-21.1962147,23.73240000,2,1525.57635360,"Mass","K7 V"
"TOI-715","TOI-715 b",113.8523276,-73.5774089,42.40480000,1,3.02000000,"M-R relationship","M4"
"GJ 393","GJ 393 b",157.2288672,0.8378485,7.03149000,1,1.71000000,"Msini","M2.0 V"
"GJ 1061","GJ 1061 c",54.0032486,-44.5143104,3.67278000,3,1.81000000,"Mass","M5.5 V"
"HD 99492","HD 99492 c",171.6896870,3.0071331,18.20380000,2,17.90000000,"Msini","K2 V"
"G 264-012","G 264-012 c",326.6719598,66.8038480,16.00900000,2,3.75000000,"Msini","M4.0 V"
"GJ 581","GJ 581 b",229.8564725,-7.7226935,6.29810000,3,20.50000000,"Mass","M3.0 V"
"TOI-1450 A","TOI-1450 A b",286.8540627,59.0866254,22.44670000,2,1.25800000,"Mass","M3.0 V"
"UCAC4 328-061594","UCAC4 328-061594 b",152.6991091,-24.4532674,39.90890000,1,6674.39654700,"Mass","DC"
"HR 8799","HR 8799 c",346.8701486,21.1340376,41.24410000,4,3000.00000000,"Mass","A5 V"
"HIP 39330","HIP 39330 b",120.6116831,-46.3353155,36.39580000,1,530.77343969,"Mass","G5 V"
"GJ 9714","GJ 9714 b",315.4141767,-32.5250028,20.51210000,1,2988.54051102,"Mass","K5V"
"HD 63765","HD 63765 b",116.9582617,-54.2653450,32.53760000,1,168.44990000,"Msini","G9 V"
"HD 143105","HD 143105 b",238.4023547,68.7199779,46.77890000,1,384.57430000,"Msini","F5"
"HD 191939","HD 191939 e",302.0256247,66.8503014,53.60890000,6,112.20000000,"Msini","G9 V"
"HD 83443","HD 83443 b",144.2994103,-43.2727210,40.89910000,2,127.76701961,"Msini","K0 V"
"GJ 536","GJ 536 b",210.2597264,-2.6522901,10.40920000,2,6.37000000,"Msini","M1 V"
"HD 159868","HD 159868 c",264.7466665,-43.1462347,55.85030000,2,244.09344000,"Msini","G5 V"
"HD 37605","HD 37605 b",85.0074276,6.0595116,46.78640000,2,854.96270000,"Msini","K0"
"VHS J125601.92-125723.9","VHS J125601.92-125723.9 b",194.0089640,-12.9560310,12.70000000,1,5085.25451200,"Mass","M7.5"
"HD 23079","HD 23079 c",54.9281897,-52.9162344,33.45910000,2,8.26000000,"Msini","F9.5 V"
"GJ 887","GJ 887 b",346.5027573,-35.8473489,3.28679000,4,3.90000000,"Msini","M1 V"
"TOI-1224","TOI-1224 b",37.1978356,-80.8991053,37.33120000,2,5.08000000,"M-R relationship",
"KOBE-1","KOBE-1 c",19.1660378,25.3310358,23.97180000,2,12.40000000,"Msini","K7 V"
"HD 221585","HD 221585 b",353.2293802,63.1556146,55.85350000,1,511.70630000,"Msini","G8 IV"
"HD 22496","HD 22496 b",53.7565398,-48.4178173,13.59560000,1,5.57000000,"Msini","K5/M0V"
"HD 210277","HD 210277 b",332.3748117,-7.5505962,21.29850000,1,410.00070000,"Msini","G0 V"
"HD 13724","HD 13724 c",33.0859626,-46.8166738,43.46500000,1,50.85254512,"Msini",
"GJ 1148","GJ 1148 c",175.4326081,42.7515862,11.01430000,2,68.06000000,"Msini","M5"
"TOI-444","TOI-444 b",64.1839982,-26.7664071,57.39730000,1,8.10000000,"M-R relationship","K1/2 V"
"ups And","ups And c",24.1983534,41.4038147,13.40540000,3,4443.24112986,"Mass","F8 V"
"TOI-1011","TOI-1011 b",113.9847611,-32.8419988,52.62000000,1,4.04000000,"Mass",
"HD 37124","HD 37124 b",84.2599947,20.7289784,31.66340000,3,214.53525000,"Msini","G4 V"
"TOI-2096","TOI-2096 c",151.6186989,74.8272107,48.48090000,2,4.32000000,"M-R relationship","M4"
"HIP 14810","HIP 14810 c",47.8092750,21.0971302,50.48000000,3,416.35730000,"Msini","G5"
"HD 25463","HD 25463 c",60.7483361,9.2077676,45.61810000,2,4.30000000,"Mass",
"TOI-5489","TOI-5489 c",128.6912940,11.4895882,45.09070000,2,2.18000000,"M-R relationship",
"K2-415","K2-415 b",137.2015437,11.8622503,21.81820000,1,7.50000000,"Mass","M5 V"
"HD 9446","HD 9446 c",23.3350424,29.2649187,50.35030000,2,578.42600000,"Msini","G5 V"
"WISEP J121756.91+162640.2 A","WISEP J121756.91+162640.2 A b",184.4871250,16.4445000,10.10000000,1,6992.00000000,"Mass","T8.5"
"TWA 7","TWA 7 b",160.6248102,-33.6712596,33.99580000,1,108.06165838,"Mass",
"HD 202206","HD 202206 c",318.7405221,-20.7897284,45.96650000,2,982.08977763,"Mass","G2 V"
"TOI-2128","TOI-2128 b",256.9817998,32.1053027,36.57800000,1,4.50000000,"Mass",
"alf Ari","alf Ari b",31.7932860,23.4624210,20.21019000,1,572.07000000,"Msini","K2III"
"GJ 3779","GJ 3779 b",200.7335358,24.4639425,13.74300000,1,8.00000000,"Msini","M4.0 V"
"TOI-1224","TOI-1224 c",37.1978356,-80.8991053,37.33120000,2,8.67000000,"M-R relationship",
"BD+63 1405","BD+63 1405 b",271.3979337,63.6700064,38.04730000,1,3305.41543280,"Mass","K0"
"HD 190007","HD 190007 b",300.6956339,3.3266992,12.71410000,1,15.50000000,"Msini","K4 V"
"DMPP-6","DMPP-6 b",120.3857827,-70.0234291,54.63030000,2,5.80000000,"Msini",
"HIP 107772","HIP 107772 b",327.4977057,-41.2440371,23.64340000,1,12.90000000,"Msini","M0 V"
"HD 11964","HD 11964 c",29.2884252,-10.2434693,33.53690000,2,25.00000000,"Msini","G9 V CN+1"
"HD 39194","HD 39194 b",86.1290710,-70.1382377,26.41310000,3,4.62000000,"Msini","K0 V"
"HD 199509","HD 199509 b",317.3445632,-82.0274926,24.30560000,1,43.22466335,"Msini","G3V"
"HD 136352","HD 136352 c",230.4401147,-48.3188174,14.68200000,3,11.24000000,"Mass","G4 V"
"HD 20868","HD 20868 b",50.1794053,-33.7296900,47.72230000,1,397.28750000,"Msini","K3/4 IV"
"HD 155193","HD 155193 b",257.4208876,10.0381003,57.79950000,1,238.37130525,"Msini","F8 IV"
"TOI-1266","TOI-1266 c",197.9965833,65.8336973,36.01180000,3,3.17000000,"Mass","M2"
"HD 134987","HD 134987 b",228.3675397,-25.3096721,26.18040000,2,511.70630000,"Msini","G5 V"
"HD 5278","HD 5278 c",12.5467785,-83.7437671,57.58460000,2,18.40000000,"Msini","F V"
"HD 164509","HD 164509 b",270.3800811,0.1044685,53.11190000,1,140.79869000,"Msini","G5"
"Ross 458","Ross 458 c",195.1912147,12.3755996,11.50940000,1,1906.98000000,"Mass","M2"
"HD 187123","HD 187123 b",296.7428786,34.4189900,45.95480000,2,166.21800000,"Msini","G3 V"
"HD 22781","HD 22781 b",55.2065581,31.8258855,32.60340000,1,4338.20000000,"Msini","K1"
"HD 114783","HD 114783 b",198.1818436,-2.2649921,21.06280000,2,349.60000000,"Msini","K0"
"HD 19994","HD 19994 b",48.1943193,-1.1963955,22.52420000,1,435.41000000,"Msini","F8 V"
"47 UMa","47 UMa b",164.8647611,40.4304931,13.79670000,3,804.08000000,"Msini","G0V"
"61 Vir","61 Vir b",199.5964550,-18.3157745,8.50332000,3,5.10000000,"Msini","G5 V"
"61 Vir","61 Vir c",199.5964550,-18.3157745,8.50332000,3,18.20000000,"Msini","G5 V"
"47 UMa","47 UMa d",164.8647611,40.4304931,13.79670000,3,521.22000000,"Msini","G0V"
"47 UMa","47 UMa c",164.8647611,40.4304931,13.79670000,3,171.62100000,"Msini","G0V"
"BD-08 2823","BD-08 2823 c",150.1971964,-9.5165689,41.33420000,2,104.00000000,"Msini","K3 V"
"HD 47186","HD 47186 c",99.0367212,-27.6234285,37.45740000,2,111.42000000,"Msini","G6 V"
"HD 196885 A","HD 196885 A b",309.9664609,11.2500236,34.16920000,1,819.97000000,"Msini","F8 V"
"HR 8799","HR 8799 b",346.8701486,21.1340376,41.24410000,4,2000.00000000,"Mass","A5 V"
"Kepler-42","Kepler-42 b",292.2196000,44.6173667,40.05950000,3,0.70594400,"Mass","M"
"HR 8799","HR 8799 d",346.8701486,21.1340376,41.24410000,4,3000.00000000,"Mass","A5 V"
"GJ 179","GJ 179 b",73.0245495,6.4752347,12.35600000,1,301.93698665,"Mass","M3.5 V"
"Kepler-42","Kepler-42 c",292.2196000,44.6173667,40.05950000,3,60.33700000,"Mass","M"
"HIP 5158","HIP 5158 b",16.5094891,-22.4536134,51.60260000,2,451.00000000,"Msini",
"HD 134987","HD 134987 c",228.3675397,-25.3096721,26.18040000,2,260.00000000,"Msini","G5 V"
"HD 147018","HD 147018 b",245.7490012,-61.6901291,40.42560000,2,674.00000000,"Msini","G9 V"
"HD 45350","HD 45350 b",97.1902262,38.9627315,46.87330000,1,568.89000000,"Msini","G5 V"
"HD 147018","HD 147018 c",245.7490012,-61.6901291,40.42560000,2,2080.00000000,"Msini","G9 V"
"CFBDSIR J145829+101343","CFBDSIR J145829+101343 b",224.6208333,10.2286111,23.10000000,1,3337.10000000,"Mass",
"HD 220773","HD 220773 b",351.6144715,8.6428871,50.51030000,1,460.80000000,"Msini","F9"
"HD 147513","HD 147513 b",246.0057894,-39.1929661,12.90320000,1,385.00000000,"Msini","G3/5V"
"HD 8535","HD 8535 b",20.9054804,-41.2701007,55.44010000,1,216.12440000,"Msini","G0 V"
"GJ 667 C","GJ 667 C b",259.7510609,-34.9977651,7.24396000,5,5.68000000,"Msini","M1.5 V"
"HIP 5158","HIP 5158 c",16.5094891,-22.4536134,51.60260000,2,4780.16320000,"Msini",
"GJ 3634","GJ 3634 b",164.6433493,-31.1443383,20.37790000,1,8.40000000,"Mass","M2.5"
"HD 11964","HD 11964 b",29.2884252,-10.2434693,33.53690000,2,198.00000000,"Msini","G9 V CN+1"
"HD 192310","HD 192310 b",303.8284712,-27.0337556,8.79687000,2,16.90000000,"Msin(i)/sin(i)","K3V"
"HD 41004 A","HD 41004 A b",89.9566041,-48.2394189,36.69117000,2,807.25000000,"Msini","K1/K2 V"
"HD 62509","HD 62509 b",116.3288240,28.0261270,10.34000000,1,731.00000000,"Msini","K0IIIvar"
"RR Cae","RR Cae b",65.2733756,-48.6542601,21.19160000,1,1334.88600000,"Msini","M"
"HD 40307","HD 40307 b",88.5172191,-60.0237289,12.93630000,5,1188.99607059,"Mass","K2.5 V"
"HD 40307","HD 40307 c",88.5172191,-60.0237289,12.93630000,5,1868.51320475,"Mass","K2.5 V"
"91 Aqr","91 Aqr b",348.9745031,-9.0878076,44.03040000,1,1017.00000000,"Msini","K0 III"
"HD 40307","HD 40307 d",88.5172191,-60.0237289,12.93630000,5,1775.38948150,"Mass","K2.5 V"
"HD 40307","HD 40307 f",88.5172191,-60.0237289,12.93630000,5,5.20000000,"Msini","K2.5 V"
"GJ 163","GJ 163 c",62.3228353,-53.3711768,15.12850000,3,6.80000000,"Msini","M"
"GJ 163","GJ 163 d",62.3228353,-53.3711768,15.12850000,3,29.40000000,"Msini","M"
"HD 40307","HD 40307 g",88.5172191,-60.0237289,12.93630000,5,7.10000000,"Msini","K2.5 V"
"GU Psc","GU Psc b",18.1464850,17.0650029,47.55010000,1,3591.30000000,"Mass","M3"
"BD-06 1339","BD-06 1339 b",88.2511811,-5.9963378,20.26950000,2,1523.03372634,"Mass","K7/M0 V"
"HD 103774","HD 103774 b",179.2310729,-12.1079951,56.40890000,1,116.00000000,"Msini","F5 V"
"HD 109271","HD 109271 b",188.3973970,-11.6215204,55.87160000,2,17.16200000,"Msini","G5 V"
"HD 109271","HD 109271 c",188.3973970,-11.6215204,55.87160000,2,24.15400000,"Msini","G5 V"
"mu Leo","mu Leo b",148.1898673,26.0067142,32.60810000,1,762.80000000,"Msini","K2 III"
"HD 166724","HD 166724 b",273.4988604,-42.5757218,45.13420000,1,1207.74794660,"Mass","K0 IV-V"
"GJ 667 C","GJ 667 C c",259.7510609,-34.9977651,7.24396000,5,3.80000000,"Msini","M1.5 V"
"GJ 667 C","GJ 667 C e",259.7510609,-34.9977651,7.24396000,5,2.70000000,"Msini","M1.5 V"
"HD 207832","HD 207832 c",328.1517893,-26.0271749,58.92910000,2,232.01590000,"Msini","G5 V"
"HD 150706","HD 150706 b",247.8255687,79.7894032,28.26970000,1,772.32302901,"Mass","G0 V"
"HIP 57274","HIP 57274 d",176.1705487,30.9576484,25.86180000,3,167.40000000,"Msini","K4 V"
"Kapteyn","Kapteyn c",77.9586613,-45.0430198,3.93305000,1,7.00000000,"Msini","M2.0V"
"2MASS J01225093-2439505","2MASS J01225093-2439505 b",20.7128012,-24.6646128,33.82810000,1,7786.50000000,"Mass","M3.5 V"
"HD 82943","HD 82943 b",143.7114034,-12.1302976,27.59020000,2,534.25000000,"Mass","G2/3V"
"HD 82943","HD 82943 c",143.7114034,-12.1302976,27.59020000,2,622.60300000,"Mass","G2/3V"
"TOI-4438","TOI-4438 b",270.3172389,35.5948992,30.03460000,1,4.11000000,"Mass","M3.5 V"
"TOI-2095","TOI-2095 c",285.6365235,75.4185135,41.91760000,2,7.40000000,"Mass","M2.5 V"
"HD 60779","HD 60779 b",114.0047579,-3.1512910,35.44450000,2,14.19000000,"Mass","G1 V"
"HD 113538","HD 113538 c",196.2339330,-52.4463502,16.28170000,2,295.57000000,"Msini","K9 V"
"HD 30669","HD 30669 b",72.1198522,-28.4190757,58.08440000,1,149.37000000,"Msini","G9 V"
"HD 103720","HD 103720 b",179.1713308,-2.7791393,45.53520000,1,197.04600000,"Msini","K3 V"
"HD 10180","HD 10180 c",24.4731133,-60.5114881,38.96070000,6,2741.58783878,"Mass","G1 V"
"HD 10180","HD 10180 d",24.4731133,-60.5114881,38.96070000,6,3295.88058059,"Mass","G1 V"
"HD 10180","HD 10180 e",24.4731133,-60.5114881,38.96070000,6,25.10000000,"Msin(i)/sin(i)","G1 V"
"HD 10180","HD 10180 h",24.4731133,-60.5114881,38.96070000,6,64.40000000,"Msin(i)/sin(i)","G1 V"
"tau Boo","tau Boo b",206.8134593,17.4571647,15.65210000,1,1891.00000000,"Mass","F7 V"
"HD 141399","HD 141399 b",236.7235392,46.9862880,37.01690000,4,143.34133000,"Msini","K0"
"HD 141399","HD 141399 c",236.7235392,46.9862880,37.01690000,4,422.71390000,"Msini","K0"
"2MASS J02192210-3925225","2MASS J02192210-3925225 b",34.8427046,-39.4230767,40.08964117,1,4417.83700000,"Mass","M6"
"HD 7924","HD 7924 d",20.4956562,76.7101475,16.99220000,3,1568.16536014,"Mass","K0.5 V"
"HD 133131 A","HD 133131 A b",225.8984524,-27.8431369,51.47360000,3,451.31860000,"Msini","G2 V"
"HD 133131 A","HD 133131 A c",225.8984524,-27.8431369,51.47360000,3,133.48860000,"Msini","G2 V"
"HD 175607","HD 175607 b",285.2742901,-66.1943379,40.33030000,1,2456.17792930,"Mass","G6 V"
"HD 1461","HD 1461 c",4.6762645,-8.0536206,23.45340000,2,5.59000000,"Msini","G0 V"
"HD 128311","HD 128311 c",219.0032292,9.7454368,16.32920000,2,1204.25787000,"Mass","K0"
"alf Tau","alf Tau b",68.9801740,16.5092010,20.43320000,1,2056.36010000,"Msini","K5 III"
"HD 60532","HD 60532 b",113.5130656,-22.2958661,25.97160000,2,336.89980000,"Msini","F6 IV"
"HD 60532","HD 60532 c",113.5130656,-22.2958661,25.97160000,2,797.75330000,"Msini","F6 IV"
"Kepler-444","Kepler-444 b",289.7528323,41.6318840,36.43960000,5,0.03740000,"M-R relationship","K"
"HD 42618","HD 42618 b",93.0032173,6.7819742,24.33580000,1,14.40000000,"Msini","G4 V"
"Kepler-444","Kepler-444 e",289.7528323,41.6318840,36.43960000,5,0.10000000,"Mass","K"
"HD 130322","HD 130322 b",221.8857975,-0.2820782,31.87660000,1,365.49000000,"Msini","K0 V"
"HD 50554","HD 50554 c",103.6782730,24.2451409,31.16640000,3,5.30000000,"Mass","F8 V"
"Gl 725 B","Gl 725 B c",280.6953530,59.6270600,6.84235700,2,3.40000000,"Msini","M4"
"HD 177565","HD 177565 b",286.7175787,-37.8122394,16.91790000,1,15.10000000,"Msini","G8V"
"GJ 1148","GJ 1148 b",175.4326081,42.7515862,11.01430000,2,96.70000000,"Msini","M5"
"HD 17674","HD 17674 b",42.7684964,30.2865981,44.42640000,1,276.51210000,"Msini","G0 V"
"HD 219134","HD 219134 b",348.3372026,57.1696255,6.53127000,6,4.74000000,"Mass","K3 V"
"Ross 128","Ross 128 b",176.9376036,0.7992898,3.37454000,1,1.40000000,"Msini","M4"
"HD 34445","HD 34445 c",79.4207483,7.3527156,46.09070000,6,53.50000000,"Msini","G0 V"
"HD 219134","HD 219134 d",348.3372026,57.1696255,6.53127000,6,16.17000000,"Mass","K3 V"
"HD 219134","HD 219134 f",348.3372026,57.1696255,6.53127000,6,7.30000000,"Mass","K3 V"
"HD 34445","HD 34445 d",79.4207483,7.3527156,46.09070000,6,30.70000000,"Msini","G0 V"
"HD 34445","HD 34445 g",79.4207483,7.3527156,46.09070000,6,120.60000000,"Msini","G0 V"
"GJ 3293","GJ 3293 c",67.1484425,-25.1713396,20.19030000,4,21.09000000,"Msini","M2.5"
"GJ 3293","GJ 3293 b",67.1484425,-25.1713396,20.19030000,4,23.54000000,"Msini","M2.5"
"Wolf 1061","Wolf 1061 b",247.5748276,-12.6676866,4.30592000,3,1.91000000,"Msini","M3.5"
"Wolf 1061","Wolf 1061 c",247.5748276,-12.6676866,4.30592000,3,3.41000000,"Msini","M3.5"
"tau Cet","tau Cet f",26.0093029,-15.9337987,3.60304000,3,3.93000000,"Msini","G8.5V"
"GJ 3138","GJ 3138 b",32.2977385,-16.3392495,28.47120000,3,1.78000000,"Msini","M0"
"HD 128356","HD 128356 b",219.2702793,-25.8031728,26.15480000,1,282.86870000,"Msini","K3 V"
"GJ 3138","GJ 3138 d",32.2977385,-16.3392495,28.47120000,3,10.50000000,"Msini","M0"
"GJ 625","GJ 625 b",246.3557854,54.3033625,6.47249000,1,2.82000000,"Msini","M2"
"GJ 3323","GJ 3323 c",75.4868824,-6.9485133,5.37484000,2,2.31000000,"Msini","M4"
"GJ 3293","GJ 3293 e",67.1484425,-25.1713396,20.19030000,4,3.28000000,"Msini","M2.5"
"GJ 3293","GJ 3293 d",67.1484425,-25.1713396,20.19030000,4,7.60000000,"Msini","M2.5"
"K2-116","K2-116 b",336.1523363,-11.5793181,49.38550000,1,0.25700000,"M-R relationship",
"HD 6434","HD 6434 b",16.1663441,-39.4904909,42.35800000,1,155.73670000,"Msini","G2/3 V"
"HD 137388","HD 137388 b",233.9150820,-80.2044169,40.48410000,1,63.56600000,"Msini","K2 IV"
"HD 13931","HD 13931 b",34.1979991,43.7722065,47.39630000,1,889.91953960,"Mass","G0"
"HD 7199","HD 7199 b",17.6979344,-66.1886947,36.15310000,1,3639.13526015,"Mass","K1 IV"
"HD 75289","HD 75289 b",131.9181715,-41.7377748,29.11580000,1,155.73670000,"Msini","G0"
"HD 142022 A","HD 142022 A b",242.5481731,-84.2317494,34.28020000,1,1433.40611557,"Mass","G9 IV-V"
"HD 145377","HD 145377 b",242.9019658,-27.0781199,53.48840000,1,1913.33660000,"Msini","G3 V"
"HD 24040","HD 24040 b",57.5962104,17.4752873,46.62240000,2,1589.14203500,"Mass","G0 V"
"HD 222155","HD 222155 b",354.5025617,48.9960191,50.60780000,1,581.62598481,"Mass","G2 V"
"HR 810","HR 810 b",40.6417178,-50.7993484,17.31810000,1,1970.53612340,"Mass","G0V"
"HD 285507","HD 285507 b",61.7556630,15.3349441,45.02930000,1,311.47340000,"Msini","K4.5 V"
"HD 16175","HD 16175 b",39.2577379,42.0624526,59.85900000,1,1875.18760130,"Mass","G2"
"HD 16141","HD 16141 b",38.8323674,-3.5624887,37.78610000,1,82.63580000,"Msini","G5 IV"
"BD-08 2823","BD-08 2823 b",150.1971964,-9.5165689,41.33420000,2,2948.49413174,"Mass","K3 V"
"GJ 86","GJ 86 b",32.6224785,-50.8209945,10.78360000,1,1404.80860000,"Msini","K1V"
"HD 204941","HD 204941 b",323.0966714,-20.9579570,28.71650000,1,73.10090000,"Msini","K1/2V"
"HD 212301","HD 212301 b",336.8803957,-77.7183219,54.23040000,1,162.09330000,"Msini","F8 V"
"HD 213240","HD 213240 b",337.7506266,-49.4341037,40.87070000,1,1655.88600047,"Mass","G0/1 V"
"HD 215497","HD 215497 b",341.6527140,-56.5997984,40.54680000,2,1588.82420659,"Mass","K3 V"
"HD 218566","HD 218566 b",347.2974170,-2.2611645,28.82740000,1,63.56600000,"Msini","K3V"
"HD 101930","HD 101930 b",175.8756080,-58.0053798,30.02740000,1,79.45750000,"Msini","K1 V"
"HD 2638","HD 2638 b",7.4990038,-5.7649600,54.96210000,1,133.48860000,"Msini","K1 V"
"HD 30562","HD 30562 b",72.1529519,-5.6751152,26.15970000,1,467.20775829,"Mass","G2 IV"
"HD 102195","HD 102195 b",176.4254063,2.8209912,29.33860000,1,130.31030000,"Msini","K0 V"
"HD 102117","HD 102117 b",176.2097267,-58.7040134,39.57920000,1,54.03110000,"Msini","G6 V"
"HD 330075","HD 330075 b",237.4054997,-49.9639199,45.29890000,1,152.55840000,"Msini","K1"
"HD 34445","HD 34445 b",79.4207483,7.3527156,46.09070000,6,260.62060000,"Msini","G0 V"
"HD 77338","HD 77338 b",135.3022475,-25.5282343,45.93500000,1,15.90000000,"Mass","K0 IV"
"HD 215152","HD 215152 c",340.8380941,-6.4020685,21.59740000,4,468.79690033,"Mass","K3 V"
"HD 215152","HD 215152 d",340.8380941,-6.4020685,21.59740000,4,770.41605857,"Mass","K3 V"
"HD 103197","HD 103197 b",178.2201971,-50.2927911,57.14630000,1,28.60470000,"Msini","K1 V(P)"
"HD 108874","HD 108874 b",187.6126029,22.8794399,59.51750000,2,451.31860000,"Msini","G5"
"HD 40979","HD 40979 b",91.1253346,44.2597855,34.08830000,1,1484.26610000,"Msini","F8 V"
"HD 121504","HD 121504 b",209.3199062,-56.0404085,41.65920000,1,479.92330000,"Msini","G2 V"
"HD 47186","HD 47186 b",99.0367212,-27.6234285,37.45740000,2,22.24810000,"Msini","G6 V"
"HD 185269","HD 185269 b",294.2987668,28.4995140,51.99170000,1,321.00830000,"Msini","G0 IV"
"GJ 96","GJ 96 b",35.5624031,47.8802075,11.93150000,1,19.66000000,"Msini","M2"
"70 Vir","70 Vir b",202.1064898,13.7763085,17.90110000,1,2380.45000000,"Mass","G5V"
"K2-239","K2-239 c",160.5941265,4.4413751,31.08490000,3,0.97200000,"M-R relationship","M3.0 V"
"HD 70642","HD 70642 b",125.3661079,-39.7044432,29.27600000,1,1239.53078730,"Mass","G6 V"
"HD 117618","HD 117618 b",203.1066418,-47.2719049,37.77810000,1,55.30242000,"Msini","G2 V"
"HD 89744","HD 89744 b",155.5433193,41.2289354,38.63640000,1,2653.88050000,"Msini","F7 V"
"HD 65216","HD 65216 c",118.4209646,-63.6466892,35.12050000,2,645.19490000,"Msini","G5 V"
"GJ 685","GJ 685 b",263.8960378,61.6793482,14.31550000,1,9.00000000,"Msini","M0.5"
"HD 92788","HD 92788 b",160.7021351,-2.1847173,34.65380000,2,1195.04080000,"Msini","G6 V"
"HD 134060","HD 134060 c",227.6847587,-61.4223747,24.01250000,2,29.29000000,"Msini","G3 IV"
"HD 20781","HD 20781 b",50.0139757,-28.7841175,35.97150000,5,1.93000000,"Msini","K0 V"
"HD 20003","HD 20003 b",46.9090081,-72.3219221,41.83160000,2,11.66000000,"Msini","G8 V"
"Gl 49","Gl 49 b",15.6687321,62.3454386,9.85280000,1,5.63000000,"Msini","M1.5 V"
"HD 21693","HD 21693 b",51.8040469,-58.3232726,33.25500000,2,8.23000000,"Msini","G8 V"
"HD 20781","HD 20781 c",50.0139757,-28.7841175,35.97150000,5,5.33000000,"Msini","K0 V"
"LSPM J2116+0234","LSPM J2116+0234 b",319.1147513,2.5807711,17.62970000,1,13.30000000,"Msini","M3.0 V"
"HD 31527","HD 31527 b",73.9096193,-23.2413163,38.44730000,3,10.47000000,"Msini","G2 V"
"HD 31527","HD 31527 d",73.9096193,-23.2413163,38.44730000,3,11.82000000,"Msini","G2 V"
"GJ 143","HD 21749 c",51.7501882,-63.5001660,16.32000000,2,3.70000000,"Mass","K4.5"
"HD 114729","HD 114729 b",198.1833997,-31.8746756,37.80630000,1,262.20975000,"Msini","G0 V"
"HD 126525","HD 126525 b",216.8852514,-51.9329118,37.65060000,1,75.32571000,"Msini","G4 V"
"HD 117207","HD 117207 b",202.3368806,-35.5713041,32.35470000,1,669.34662514,"Mass","G7 IV-V"
"HD 20781","HD 20781 e",50.0139757,-28.7841175,35.97150000,5,14.03000000,"Msini","K0 V"
"HD 45184","HD 45184 c",96.1820205,-28.7806402,21.95320000,2,8.81000000,"Msini","G1.5 V"
"HD 103949","HD 103949 b",179.5479558,-23.9241221,26.49970000,1,11.20000000,"Msini","K3 V"
"HIP 35173","HIP 35173 b",109.0449329,-3.6661273,33.15620000,1,12.70000000,"Msini","K2 V"
"HD 25171","HD 25171 b",58.9574779,-65.1863239,55.61460000,1,290.81445000,"Msini","F8 V"
"HD 64114","HD 64114 b",117.9825560,-11.0337221,31.52620000,1,17.80000000,"Msini","G7 V"
"Gl 378","Gl 378 b",150.5865513,48.0824515,14.95450000,1,13.02000000,"Msini","M1"
"GJ 433","GJ 433 b",173.8619194,-32.5436302,9.06456000,3,6.04300000,"Msini","M2V"
"HR 5183","HR 5183 b",206.7357992,6.3498994,31.46070000,1,1052.01202717,"Mass","G0 V"
"GJ 180","GJ 180 b",73.4600970,-17.7761940,11.94070000,3,6.49000000,"Msini","M3"
"GJ 433","GJ 433 d",173.8619194,-32.5436302,9.06456000,3,5.22300000,"Msini","M2V"
"GJ 3082","GJ 3082 b",18.6432425,-53.9407751,16.61860000,1,8.20000000,"Msini","M4"
"GJ 15 A","GJ 15 A c",4.6126677,44.0247296,3.56228000,2,36.00000000,"Msini","M1"
"GJ 682","GJ 682 c",264.2610245,-44.3232519,5.00671000,2,8.70000000,"Msini","M3.5 V"
"HD 50554","HD 50554 d",103.6782730,24.2451409,31.16640000,3,10.40000000,"Mass","F8 V"
"7 CMa","7 CMa b",99.1712760,-19.2561808,19.81010000,2,587.98550000,"Msin(i)/sin(i)","K1III(+M)"
"7 CMa","7 CMa c",99.1712760,-19.2561808,19.81010000,2,276.51210000,"Msin(i)/sin(i)","K1III(+M)"
"HD 213885","HD 213885 b",338.9837166,-59.8648290,48.08830000,2,8.83000000,"Mass","G"
"HD 213885","HD 213885 c",338.9837166,-59.8648290,48.08830000,2,19.95000000,"Msini","G"
"HD 164922","HD 164922 c",270.6304652,26.3104077,22.00160000,4,13.00000000,"Msini","G9 V"
"HD 13808","HD 13808 b",33.1780708,-53.7437591,28.23050000,2,11.20000000,"Msini","K2 V"
"BD-11 4672","BD-11 4672 c",278.3688659,-11.6370481,27.16650000,2,15.37000000,"Msini","K7V"
"BD-11 4672","BD-11 4672 b",278.3688659,-11.6370481,27.16650000,2,206.58950000,"Msini","K7V"
"Gl 686","Gl 686 b",264.4764878,18.5959509,8.15728000,1,6.62400000,"Msini","M1.0 V"
"HD 180617","HD 180617 b",289.2277322,5.1631615,5.91059000,1,12.21400000,"Msini","M2.5 V"
"HD 158259","HD 158259 e",261.3495847,52.7904721,27.04980000,5,6.08000000,"Msini","G0"
"HD 158259","HD 158259 c",261.3495847,52.7904721,27.04980000,5,5.60000000,"Msini","G0"
"GJ 687","GJ 687 b",264.1041731,68.3336741,4.54939000,2,17.20000000,"Msini","M3.0V"
"GJ 2056","GJ 2056 b",108.0194945,-24.8921008,28.44340000,1,16.20000000,"Msini","M0V:"
"TOI-237","TOI-237 b",353.2435381,-29.4164870,38.07490000,2,2.67000000,"M-R relationship","M4.5 V"
"HD 216520","HD 216520 c",341.8768719,83.6975307,19.55200000,2,9.44000000,"Msini","K2"
"HIP 38594","HIP 38594 b",118.5439118,-25.3023073,17.78860000,2,8.10000000,"Msini","M0"
"HIP 4845","HIP 4845 b",15.5881733,-10.4246208,21.09740000,1,14.40000000,"Msini","K7V"
"HIP 48714","HIP 48714 b",149.0332672,62.7859505,10.52980000,1,22.90000000,"Msini","M0.5 Ve"
"HD 156668","HD 156668 c",259.4183491,29.2281610,24.33230000,2,31.49679513,"Msini","K2"
"HD 24040","HD 24040 c",57.5962104,17.4752873,46.62240000,2,63.88350981,"Msini","G0 V"
"HD 3765","HD 3765 b",10.2072994,40.1842918,17.92600000,1,54.98431441,"Msini","K2V"
"CD Cet","CD Cet b",48.3530155,4.7751881,8.60715000,1,3.95000000,"Msini","M5.0 V"
"G 264-012","G 264-012 b",326.6719598,66.8038480,16.00900000,2,2.50000000,"Msini","M4.0 V"
"TOI-269","TOI-269 b",75.8462827,-54.1777213,57.02250000,1,8.80000000,"Mass","M2 V"
"HD 238090","HD 238090 b",183.0886375,54.4861530,15.23540000,1,6.89000000,"Msini","M0.0 V"
"HD 136352","HD 136352 b",230.4401147,-48.3188174,14.68200000,3,4.72000000,"Mass","G4 V"
"GJ 414 A","GJ 414 A b",167.7745044,30.4451688,11.88930000,2,7.60000000,"Msini","K7 V"
"BD+55 362","BD+55 362 b",23.9636676,56.6982282,52.56970000,1,228.83645304,"Msini","K3"
"HD 136352","HD 136352 d",230.4401147,-48.3188174,14.68200000,3,8.82000000,"Mass","G4 V"
"GJ 740","GJ 740 b",284.4997178,5.9028670,11.10170000,1,2.96000000,"Msini","M1.0 V"
"HD 221420","HD 221420 b",353.3319001,-77.3853286,31.14150000,1,7278.27052030,"Mass","G2 IV-V"
"TOI-1201","TOI-1201 b",42.2476999,-14.5372835,37.88710000,1,6.28000000,"Mass","M2.0 V"
"HD 136925","HD 136925 b",230.7157509,13.3663117,47.87400000,1,266.97586188,"Msini",
"HD 109286","HD 109286 b",188.3958418,7.2809064,55.41560000,1,950.30693693,"Msini","G4 V"
"HD 93385","HD 93385 d",161.5627065,-41.4646040,43.34750000,3,8.70000000,"Msini","G2/G3 V"
"HD 96700","HD 96700 c",166.9742616,-30.1751383,25.41110000,3,3.50000000,"Msini","G0 V"
"HD 96700","HD 96700 d",166.9742616,-30.1751383,25.41110000,3,12.70000000,"Msini","G0 V"
"TOI-2257","TOI-2257 b",194.7396141,77.6617157,57.79110000,1,5.45000000,"M-R relationship","M3"
"HD 189567","HD 189567 b",301.3959616,-67.3237992,17.90550000,2,8.50000000,"Msini","G3 V"
"HD 189567","HD 189567 c",301.3959616,-67.3237992,17.90550000,2,7.00000000,"Msini","G3 V"
"YZ Cet","YZ Cet b",18.1330792,-16.9962434,3.71207000,3,0.70000000,"Msini","M4.5 V"
"YZ Cet","YZ Cet c",18.1330792,-16.9962434,3.71207000,3,1.14000000,"Msini","M4.5 V"
"ups Leo","ups Leo b",174.2372188,-0.8235643,52.59730000,1,162.09248757,"Msini","G9 III"
"gam Psc","gam Psc b",349.2946794,3.2823664,41.31070000,1,425.89006538,"Msini","G7 III"
"HIP 34222","HIP 34222 b",106.4257786,27.4704132,22.83860000,1,263.79757781,"Msini","K7 V"
"HIP 86221","HIP 86221 b",264.2948750,27.8963910,29.48980000,1,225.65816897,"Msini","K5 V"
"K2-25","K2-25 b",63.2739346,15.2477027,44.95650000,1,24.50000000,"Mass","M4.5 V"
"TOI-2136","TOI-2136 b",281.1763433,36.5631318,33.36310000,1,6.37000000,"Mass","M4.5 V"
"iot Dra","iot Dra b",231.2323227,58.9661403,31.32832000,2,3756.73177074,"Msini","K2 III"
"iot Dra","iot Dra c",231.2323227,58.9661403,31.32832000,2,4958.12314920,"Msini","K2 III"
"HD 160691","HD 160691 c",266.0361585,-51.8348751,15.59810000,4,1398.44499080,"Mass","G3 IV-V"
"HD 160691","HD 160691 d",266.0361585,-51.8348751,15.59810000,4,10.49000000,"Msini","G3 IV-V"
"TOI-620","TOI-620 b",142.1734459,-12.1671652,33.02310000,1,13.60000000,"M-R relationship","M2.5 V"
"TYC 2187-512-1","TYC 2187-512-1 b",320.5266829,22.9319351,15.47440000,1,104.88337431,"Msini","M1.0 V"
"HD 160691","HD 160691 e",266.0361585,-51.8348751,15.59810000,4,2224.79884900,"Mass","G3 IV-V"
"HIP 94235","HIP 94235 b",287.7411441,-60.2726358,58.51460000,1,379.00000000,"Mass","G V"
"HD 73583","HD 73583 b",129.6883026,-13.2565267,31.56660000,2,10.20000000,"Mass","K4 V"
"HD 103891","HD 103891 b",179.4382907,-8.5486195,55.52130000,1,918.52409623,"Mass","F9"
"HD 105779","HD 105779 b",182.6612053,-16.9564908,55.24110000,1,203.41018048,"Msini","G2"
"HD 73583","HD 73583 c",129.6883026,-13.2565267,31.56660000,2,9.70000000,"Mass","K4 V"
"GJ 411","GJ 411 b",165.8344710,35.9723170,5.67577300,2,2.69000000,"Msini","M1.5 V"
"GJ 411","HD 95735 c",165.8344710,35.9723170,5.67577300,2,13.60000000,"Msini","M1.5 V"
"TOI-206","TOI-206 b",73.7382202,-62.5218740,47.74650000,1,2.24000000,"M-R relationship",
"TOI-1693","TOI-1693 b",90.3083455,34.7730904,30.79470000,1,2.57000000,"M-R relationship",
"HD 81040","HD 81040 b",140.9455027,20.3646078,34.43410000,1,2301.07766668,"Mass","G2/G3"
"HD 171238","HD 171238 b",278.6818389,-28.0727849,44.81130000,1,2796.88998160,"Mass","G8 V"
"HD 87883","HD 87883 b",152.1794175,34.2419984,18.29120000,1,2005.49724817,"Mass","K0"
"TOI-2411","TOI-2411 b",20.9224567,-8.7017944,59.53620000,1,3.46000000,"M-R relationship",
"HD 106515 A","HD 106515 A b",183.7762699,-7.2575413,34.09150000,1,6006.95689230,"Mass","G5 V"
"HD 29021","HD 29021 b",69.4681379,60.6762985,30.99390000,1,1420.69297929,"Mass","G5"
"Ross 508","Ross 508 b",230.9613022,17.4605347,11.21030000,1,4.00000000,"Msini","M4.5 V"
"HD 136118","HD 136118 b",229.7306046,-1.5922913,51.43590000,1,4164.18778851,"Mass","F7 V"
"HD 140901","HD 140901 b",236.8689866,-37.9172333,15.25280000,2,15.57359194,"Msini","G7 IV"
"HD 93351","HD 93351 c",161.6779279,-1.6885763,56.16300000,2,4154.01727949,"Mass",
"GJ 2030","GJ 2030 b",50.8237604,-7.7950429,37.07880000,2,4.76742611,"Msini",
"HD 113337","HD 113337 b",195.4438496,63.6103280,36.18000000,2,1035.80277841,"Msini","F6 V"
"HD 142","HD 142 A d",1.5836771,-49.0753625,26.18530000,3,82.63538582,"Msini","F7V"
"GJ 2030","GJ 2030 c",50.8237604,-7.7950429,37.07880000,2,4069.15709482,"Mass",
"GJ 3222","GJ 3222 b",50.8972464,-40.0762325,18.23817000,1,11.44182265,"Msini","K0V"
"GJ 680","GJ 680 b",263.8072214,-48.6788427,9.67315000,1,7977.49301570,"Mass","K5"
"HD 151450","HD 151450 b",252.0080127,-15.9643450,43.60020000,2,38.45723725,"Msini",
"HD 149806","HD 149806 b",249.2855187,0.2546794,20.27270000,1,4003.68444298,"Mass","K0V"
"HD 151450","HD 151450 c",252.0080127,-15.9643450,43.60020000,2,1636.18063924,"Mass",
"HD 115404 A","HD 115404 A b",199.2155793,17.0160384,10.98160000,2,30.82935548,"Msini","K2V"
"HD 153557","HD 153557 c",254.4706516,47.3678558,17.94120000,3,17.48056238,"Msini","K0"
"HD 153557","HD 153557 d",254.4706516,47.3678558,17.94120000,3,8725.66108578,"Mass","K0"
"HD 12235","HD 12235 c",30.0391601,3.0959098,31.76270000,2,3135.69506346,"Mass",
"GJ 896 A","GJ 896 A b",352.9700384,19.9370011,6.26022000,1,718.29219982,"Mass","M3.5 V"
"GJ 676 A","GJ 676 A c",262.5448903,-51.6377777,16.02720000,4,4288.14086724,"Mass","M0"
"HD 155918","HD 155918 b",260.5364025,-75.3492390,27.56100000,2,7.62788177,"Msini","G2V"
"HD 111232","HD 111232 b",192.2159553,-68.4246679,28.95710000,2,2531.50326176,"Mass","G8 V"
"HD 10697","HD 10697 b",26.2324076,20.0826974,33.12050000,1,1825.28854140,"Mass","G3 V"
"HD 125612","HD 125612 b",215.2227183,-17.4818147,57.62070000,3,945.22168242,"Msini","G3 V"
"HD 156098","HD 156098 c",259.2646870,-32.6630768,48.24900000,2,1661.60691180,"Mass",
"HD 156098","HD 156098 b",259.2646870,-32.6630768,48.24900000,2,15.89142035,"Msini",
"HD 168863","HD 168863 b",275.6642157,-18.0219726,39.89790000,1,2154.87659946,"Mass",
"HIP 19976","HIP 19976 b",64.2597881,-40.7985198,40.27070000,1,21.61233168,"Msini",
"HIP 35965","HIP 35965 b",111.2025182,-51.3257507,50.16770000,1,2589.98368864,"Mass",
"HD 125612","HD 125612 c",215.2227183,-17.4818147,57.62070000,3,15.57359194,"Msini","G3 V"
"HD 125612","HD 125612 d",215.2227183,-17.4818147,57.62070000,3,2281.37230545,"Mass","G3 V"
"HD 156279","HD 156279 c",258.0966686,63.3527828,36.19450000,2,3098.82696825,"Mass","G6"
"HD 27894","HD 27894 d",65.1975693,-59.4096776,43.82140000,3,2063.65984665,"Mass","K2 V"
"HD 181234","HD 181234 b",289.9998695,-9.3249700,47.74580000,1,2980.91262925,"Mass","G8 IV"
"HD 18143","HD 18143 b",43.9140248,26.8723829,22.52430000,2,10.80616584,"Msini","K2"
"HIP 948","HIP 948 b",2.9276336,-39.2304879,34.85230000,1,6547.26518420,"Mass",
"HD 25015","HD 25015 b",59.4335463,-20.2673347,37.43300000,1,2884.92845034,"Mass","K2 V"
"HD 168443","HD 168443 b",275.0159879,-9.5966905,39.62450000,2,2424.39508860,"Msini","G5"
"HD 156279","HD 156279 b",258.0966686,63.3527828,36.19450000,2,2997.75753482,"Msini","G6"
"HD 168443","HD 168443 c",275.0159879,-9.5966905,39.62450000,2,5500.33841154,"Mass","G5"
"GJ 229","GJ 229 A c",92.6435993,-21.8677233,5.75624000,2,8.58136699,"Msini","M1.5V"
"HD 204313","HD 204313 e",322.0510568,-21.7274194,47.79450000,3,4868.17771002,"Mass","G5 V"
"HD 169830","HD 169830 c",276.9561859,-29.8167919,37.60480000,2,2437.42605328,"Mass","F7 V"
"HD 213519","HD 213519 b",337.7727845,45.1452472,41.00140000,1,9.21702380,"Msini",
"HD 217786","HD 217786 c",345.7838088,-0.4303594,55.48470000,2,7.31005336,"Msini","F8 V"
"HD 183263","HD 183263 c",292.1022982,8.3579183,54.19550000,2,2958.98246917,"Mass","G2 IV"
"HD 66428","HD 66428 c",120.8691654,-1.1636019,53.28170000,2,560.64930995,"Mass","G8 IV (+ G)"
"HD 25912","HD 25912 b",60.9074988,-51.9315058,49.16610000,2,38.13940884,"Msini",
"HD 25912","HD 25912 c",60.9074988,-51.9315058,49.16610000,2,5252.75008249,"Mass",
"HD 109988","HD 109988 b",189.8154662,-32.7263607,42.52790000,1,6935.33366915,"Mass",
"HD 28192","HD 28192 b",66.7032517,-1.7244842,49.80630000,1,99.79811980,"Msini",
"HD 38529","HD 38529 b",86.6451363,1.1675866,42.35380000,2,206.58846455,"Msini","G4 IV"
"HD 38529","HD 38529 c",86.6451363,1.1675866,42.35380000,2,3299.05886466,"Mass","G4 IV"
"HD 110537","HD 110537 b",190.7462412,-4.0501059,45.08580000,1,8612.83200129,"Mass","G6/8 V"
"HD 62364","HD 62364 c",113.9052658,-75.5442707,53.11200000,2,7923.46218651,"Mass","F7 V"
"TOI-712","TOI-712 c",92.9361063,-65.8258386,58.62120000,3,7.76000000,"M-R relationship","K4.5 V"
"TOI-712","TOI-712 d",92.9361063,-65.8258386,58.62120000,3,6.68000000,"M-R relationship","K4.5 V"
"HD 4113","HD 4113 b",10.8027515,-37.9831248,41.87270000,1,541.26177712,"Msini","G5 V"
"HD 111232","HD 111232 c",192.2159553,-68.4246679,28.95710000,2,5740.93451564,"Mass","G8 V"
"HD 62549","HD 62549 b",116.0821439,-5.0541223,49.33050000,1,2707.58019923,"Mass",
"HD 73267","HD 73267 b",129.0735123,-34.4594469,50.40930000,2,1321.53051631,"Mass","K0 V"
"HD 11505","HD 11505 b",28.2750265,-1.3284416,38.96790000,1,2510.52658689,"Mass",
"HD 8673","HD 8673 b",21.5378455,34.5793389,37.86190000,1,4210.59073594,"Mass","F5"
"HD 127506","HD 127506 b",217.6848544,35.4546059,22.52790000,1,27.33324300,"Msini","K3V"
"HD 86065","HD 86065 b",148.9256674,-18.1069385,40.36610000,1,2877.30056857,"Mass",
"HD 88072","HD 88072 b",152.3467466,2.3710540,35.90980000,1,2511.79790052,"Mass",
"HD 93351","HD 93351 b",161.6779279,-1.6885763,56.16300000,2,3.49611248,"Msini",
"HD 142","HD 142 c",1.5836771,-49.0753625,26.18530000,3,3464.64746471,"Mass","F7V"
"TOI-2096","TOI-2096 b",151.6186989,74.8272107,48.48090000,2,2.08000000,"M-R relationship","M4"
"GJ 338 B","GJ 338 B b",138.5916722,52.6835211,6.33256000,1,10.60000000,"Msini","M0 V"
"HIP 21152","HIP 21152 b",68.0205209,5.4100745,43.40730000,1,7627.88176800,"Mass","F5 V"
"HD 23472","HD 23472 b",55.4590314,-62.7672667,39.03410000,5,8.32000000,"Mass","K4 V"
"HD 191939","HD 191939 c",302.0256247,66.8503014,53.60890000,6,8.00000000,"Mass","G9 V"
"HD 23472","HD 23472 c",55.4590314,-62.7672667,39.03410000,5,3.41000000,"Mass","K4 V"
"HD 23472","HD 23472 f",55.4590314,-62.7672667,39.03410000,5,0.77000000,"Mass","K4 V"
"HD 23472","HD 23472 d",55.4590314,-62.7672667,39.03410000,5,0.55000000,"Mass","K4 V"
"HD 23472","HD 23472 e",55.4590314,-62.7672667,39.03410000,5,0.72000000,"Mass","K4 V"
"HD 45364","HD 45364 c",96.4105736,-31.4810037,34.35400000,2,174.48779544,"Msini","K0 V"
"PZ Tel","PZ Tel b",283.2745823,-50.1808952,47.06480000,1,8581.36698900,"Mass","G9 IV"
"K2-3","K2-3 d",172.3353708,-1.4551364,44.07270000,3,2.20000000,"Mass","M V"
"K2-3","K2-3 c",172.3353708,-1.4551364,44.07270000,3,2.68000000,"Mass","M V"
"HD 111998","HD 111998 b",193.2953521,-3.5531133,33.22370000,1,1525.57635360,"Mass","F6 V"
"HIP 70849","HIP 70849 b",217.3270762,-46.4646840,24.05720000,1,1430.22783150,"Mass","K7 V"
"HD 114783","HD 114783 c",198.1818436,-2.2649921,21.06280000,2,603.87397330,"Mass","K1 V"
"HD 140901","HD 140901 c",236.8689866,-37.9172333,15.25280000,2,572.09113260,"Mass","G7 IV"
"HIP 54597","HIP 54597 b",167.6082179,-29.4143018,39.74290000,1,762.78817680,"Mass","K5 V"
"HD 75302","HD 75302 b",132.3015641,3.4850141,30.32880000,1,1716.27339780,"Mass","G5 V"
"HD 15906","HD 15906 b",38.2712534,-10.3521780,45.56210000,2,5.65000000,"M-R relationship","K V"
"HD 108202","HD 108202 b",186.4613189,-1.1109233,38.68460000,1,953.48522100,"Mass","K4/5 V"
"HD 15906","HD 15906 c",38.2712534,-10.3521780,45.56210000,2,8.91000000,"M-R relationship","K V"
"HD 99492","HD 99492 b",171.6896870,3.0071331,18.20380000,2,25.50000000,"Msini","K2 V"
"GJ 1252","GJ 1252 b",306.9286462,-56.4622865,20.37300000,1,1.32000000,"Mass","M3"
"TOI-1235","TOI-1235 b",152.2182549,69.2766204,39.63450000,1,6.69000000,"Mass","M0.5 V"
"TOI-1634","TOI-1634 c",56.3906096,37.1122803,35.27360000,2,,"Msini","M2"
"TOI-2018","TOI-2018 b",229.8374423,29.2078771,27.99560000,1,9.20000000,"Mass","K V"
"TOI-244","TOI-244 b",10.5697537,-36.7179743,22.03370000,1,2.68000000,"Mass","M2.5 V"
"TOI-1470","TOI-1470 b",10.0891431,61.2133868,51.95030000,2,7.32000000,"Mass","M1.5 V"
"TOI-1470","TOI-1470 c",10.0891431,61.2133868,51.95030000,2,7.24000000,"Mass","M1.5 V"
"GJ 649","GJ 649 b",254.5363221,25.7419719,10.37960000,1,81.99972901,"Msini","M1.0"
"GJ 849","GJ 849 b",332.4229938,-4.6408317,8.80058000,2,283.82076745,"Msini","M3.5"
"GJ 849","GJ 849 c",332.4229938,-4.6408317,8.80058000,2,314.65012293,"Msini","M3.5"
"TOI-139","TOI-139 b",336.4024144,-34.9097131,42.40610000,1,6.60000000,"M-R relationship",
"HD 62364","HD 62364 b",113.9052658,-75.5442707,53.11200000,2,5965.63919939,"Mass","F7 V"
"BD-210397","BD-210397 b",33.3024198,-21.1962147,23.73240000,2,214.00000000,"Msini","K7 V"
"HD 74698","HD 74698 b",130.0744755,-71.8768726,52.06480000,2,23.00000000,"Msini","G5 V"
"HD 74698","HD 74698 c",130.0744755,-71.8768726,52.06480000,2,126.00000000,"Msini","G5 V"
"GJ 9404","GJ 9404 b",184.8472095,28.3827126,23.88390000,1,11.90000000,"Msini","M2V"
"GJ 832","GJ 832 b",323.3912616,-49.0125169,4.96435000,1,314.65012293,"Mass","M2/3 V"
"TOI-1680","TOI-1680 b",292.3139790,65.9738018,37.22090000,1,2.75000000,"M-R relationship","M4.5+/-0.5"
"HD 100777","HD 100777 b",173.9646303,-4.7555425,49.53360000,1,390.92894061,"Mass","G8 V"
"HD 215497","HD 215497 c",341.6527140,-56.5997984,40.54680000,2,111.23994245,"Mass","K3 V"
"K2-3","K2-3 b",172.3353708,-1.4551364,44.07270000,3,5.11000000,"Mass","M V"
"HD 167677","HD 167677 b",274.2067844,-11.4067857,54.32580000,1,905.81095995,"Mass","G5 V"
"HD 165131","HD 165131 b",271.3444007,-21.6737039,57.42630000,1,5943.39121090,"Mass","G3/5 V"
"omi UMa","omi UMa b",127.5649503,60.7177048,54.91490000,1,1160.39151396,"Msini","G4 II-III"
"TOI-544","TOI-544 b",82.2900716,-0.3428983,41.11660000,2,2.89000000,"Mass",
"Teegarden's Star","Teegarden's Star d",43.2691449,16.8649024,3.83078000,3,0.82000000,"Msini","M7.0 V"
"TOI-782","TOI-782 b",183.9203614,-18.9103377,52.51220000,1,19.10000000,"Mass",
"HD 4732","HD 4732 c",12.3085089,-24.1369079,54.78410000,2,1069.49258955,"Msini","K0 IV"
"HD 4732","HD 4732 b",12.3085089,-24.1369079,54.78410000,2,631.20721630,"Msini","K0 IV"
"TOI-904","TOI-904 b",89.3712733,-83.1297264,46.08910000,2,6.46000000,"M-R relationship",
"TOI-904","TOI-904 c",89.3712733,-83.1297264,46.08910000,2,5.34000000,"M-R relationship",
"gam Lib","gam Lib b",233.8818636,-14.7895020,47.40170000,2,357.87478628,"Msini","K0 III"
"HD 134606","HD 134606 d",228.8103897,-70.5203328,26.79090000,5,44.80000000,"Msini","G5IV"
"HD 134606","HD 134606 f",228.8103897,-70.5203328,26.79090000,5,5.63000000,"Msini","G5IV"
"HD 134606","HD 134606 e",228.8103897,-70.5203328,26.79090000,5,2.34000000,"Msini","G5IV"
"2MASS J21252752-8138278","2MASS J21252752-8138278 b",321.3662989,-81.6414894,34.11540000,1,3813.94088400,"Mass",
"HIP 66074","HIP 66074 b",203.1635632,75.0071038,35.44380000,1,1589.14203500,"Mass",
"GJ 724","GJ 724 b",280.2383650,-13.3824997,16.96580000,1,10.75000000,"Msini","M1.0 V"
"6 Lyn","6 Lyn b",97.6960311,58.1611753,54.65990000,1,597.83523357,"Msini","K0 IV"
"HD 167042","HD 167042 b",272.6326268,54.2876184,49.66330000,1,444.00628458,"Msini","K1 IV"
"LHS 1678","LHS 1678 c",68.1789866,-39.7908744,19.87820000,3,1.40000000,"Mass","M2.0 V"
"HS Psc","HS Psc b",24.3473790,26.9528036,37.66040000,1,464.02947422,"Msini","K7 V"
"kap CrB","kap CrB b",237.8080012,35.6558818,30.06510000,1,689.69110000,"Mass","K0 III-IV"
"TOI-4559","TOI-4559 b",211.0135378,-30.0141252,31.63540000,1,2.59000000,"M-R relationship",
"nu Oph","nu Oph b",269.7566013,-9.7741342,46.21070000,2,7057.73298000,"Mass","K0 III"
"LHS 3154","LHS 3154 b",241.6367309,40.9068221,15.76060000,1,13.15000000,"Msini","M6.5"
"GJ 238","GJ 238 b",98.4548810,-58.5250316,15.21420000,1,0.12600000,"M-R relationship","M2.5 V"
"TOI-1683","TOI-1683.01",65.9796504,27.8223701,51.18840000,1,7.45000000,"M-R relationship",
"TOI-2095","TOI-2095 b",285.6365235,75.4185135,41.91760000,2,4.10000000,"Mass","M2.5 V"
"TOI-1776","TOI-1776 b",164.7772913,40.9837182,44.64700000,1,1.40000000,"Mass",
"TOI-1824","TOI-1824 b",197.7312286,61.7448492,59.43140000,1,16.00000000,"Mass",
"HD 48948","HD 48948 b",102.4898110,60.3373133,16.90430000,3,4.88000000,"Msini","K3 V"
"TOI-815","TOI-815 c",155.8719377,-43.8349248,59.71170000,2,23.50000000,"Mass","K3 V"
"HD 48948","HD 48948 c",102.4898110,60.3373133,16.90430000,3,7.27000000,"Msini","K3 V"
"HD 48948","HD 48948 d",102.4898110,60.3373133,16.90430000,3,10.59000000,"Msini","K3 V"
"TOI-480","TOI-480 b",88.3784618,-16.2653974,54.53060000,1,20.80000000,"Mass",
"GJ 900 A","GJ 900 b",353.7526177,1.6055211,20.80650000,1,3496.11247700,"Mass","K7"
"TOI-1450 A","TOI-1450 A c",286.8540627,59.0866254,22.44670000,2,1.52700000,"Msini","M3.0 V"
"HD 25463","HD 25463 b",60.7483361,9.2077676,45.61810000,2,8.70000000,"Mass",
"HD 73344","HD 73344 b",129.6894456,23.6852651,35.26000000,3,10.48000000,"Mass","F6 V"
"BD-17 63","BD-17 63 b",7.1413494,-16.2273254,34.46030000,1,1639.99458012,"Mass","K5 V"
"HD 20794","HD 20794 d",49.9997666,-43.0666533,6.00278000,4,4.80000000,"Msin(i)/sin(i)","G6 V"
"TOI-406","TOI-406 c",49.2626428,-42.2441492,31.05970000,2,2.08000000,"Mass","M3"
"HD 86728","HD 86728 b",150.2500540,31.9218216,14.92020000,1,9.43000000,"Msini","G1V"
"HD 222237","HD 222237 b",354.9078642,-72.7253271,11.44690000,1,1649.52943233,"Mass","K3 V"
"TOI-5713","TOI-5713 b",208.4587323,52.6027628,40.86680000,1,3.78000000,"M-R relationship","M3.5+/-0.5"
"TOI-6002","TOI-6002 b",299.6142524,32.2871702,32.02660000,1,3.36000000,"M-R relationship","M3.5+/-0.5"
"HD 183579","HD 183579 b",293.2866147,-54.5327284,57.26510000,1,20.40000000,"Mass","G2 V"
"TOI-1467","TOI-1467 b",19.1146441,49.2331382,37.44180000,1,9.00000000,"Mass",
"HIP 56998","HD 101581 c",175.2563039,-44.4041485,12.77810000,2,0.93700000,"M-R relationship","K4/5V"
"HD 73344","HD 73344 d",129.6894456,23.6852651,35.26000000,3,810.46243785,"Mass","F6 V"
"TOI-2443","TOI-2443 b",40.1798608,1.1996757,23.92580000,1,4.80000000,"Mass","K5 V"
"TOI-2015","TOI-2015 c",232.1326528,27.3610730,47.34440000,2,8.91000000,"Mass","M4 +/- 0.5"
"TOI-2015","TOI-2015 b",232.1326528,27.3610730,47.34440000,2,9.20000000,"Mass","M4 +/- 0.5"
"GJ 3998","GJ 3998 b",259.0020507,11.0561751,18.14590000,3,2.50000000,"Msini","M1"
"GJ 3998","GJ 3998 c",259.0020507,11.0561751,18.14590000,3,6.82000000,"Msini","M1"
"Proxima Cen","Proxima Cen d",217.3934657,-62.6761821,1.30119000,2,0.26000000,"Msini","M5.5 V"
"Proxima Cen","Proxima Cen b",217.3934657,-62.6761821,1.30119000,2,1.05500000,"Msini","M5.5 V"
"LP 261-75 A","LP 261-75 b",147.7685281,35.9685562,33.92800000,1,6674.39654700,"Mass","M4.5 V"
"HR 858","HR 858 c",42.9849779,-30.8140609,31.96400000,3,3.80000000,"Mass","F6 V"
"Gl 410","Gl 410 b",165.6604212,21.9669164,11.93240000,1,8.40000000,"Msini","K"
"GJ 581","GJ 581 c",229.8564725,-7.7226935,6.29810000,3,6.81000000,"Mass","M3.0 V"
"G 192-15","G 192-15 c",90.6220931,49.8619390,9.53114000,2,14.30000000,"Msini","M5.0 V"
"GJ 508.2","GJ 508.2 b",200.2443854,34.2776644,16.63740000,1,587.98255295,"Msini","M1.0 V"
"GJ 3512","GJ 3512 c",130.3316616,59.4918364,9.48637000,2,143.97626837,"Msini","M5.5 V"
"HD 28471","HD 28471 b",66.2875166,-64.0786861,43.64550000,3,3.72000000,"Msini","G5 V"
"HD 28471","HD 28471 c",66.2875166,-64.0786861,43.64550000,3,5.72000000,"Msini","G5 V"
"AF Lep","AF Lep b",81.7699216,-11.9011752,26.85640000,1,1147.36054927,"Mass","F8"
"HD 28471","HD 28471 d",66.2875166,-64.0786861,43.64550000,3,4.91000000,"Msini","G5 V"
"2MASS J22501512+2325342","2MASS J22501512+2325342 b",342.5634097,23.4259058,57.23090000,1,9534.85221000,"Mass","M3"
"GJ 251","GJ 251 b",103.7002499,33.2664632,5.58057000,2,3.85000000,"Msini","M3.0 V"
"GJ 536","GJ 536 c",210.2597264,-2.6522901,10.40920000,2,5.89000000,"Msini","M1 V"
"51 Eri","51 Eri b",69.4007424,-2.4738245,29.75750000,1,3464.32963630,"Mass","F0 IV"
"HIP 18606","HIP 18606 b",59.7181058,-5.4706979,47.02880000,1,244.72787339,"Msini","K0/1 III"
"TOI-654","TOI-654.01",164.7245509,-5.5475446,57.75530000,1,8.71000000,"Mass","M2 V"
"Ross 176","Ross 176 b",305.6897438,47.3086191,46.44880000,1,4.57000000,"Mass","K7 V"
"TOI-5799","TOI-5799 b",301.6301790,15.9891418,27.81230000,2,3.65000000,"M-R relationship","M2 V"
"TOI-5799","TOI-5799 c",301.6301790,15.9891418,27.81230000,2,3.75000000,"M-R relationship","M2 V"
"HD 63433","HD 63433 c",117.4793699,27.3631342,22.40350000,3,15.53900000,"Mass","G5 V"
"GJ 317","GJ 317 b",130.2445254,-23.4528090,15.19680000,2,794.50000000,"Mass","M3.5 V"
"LHS 1903","LHS 1903 d",107.8658260,48.3279327,35.69170000,4,5.96000000,"Mass","M"
"LHS 1903","LHS 1903 e",107.8658260,48.3279327,35.69170000,4,5.79000000,"Mass","M"
"TOI-1774","HD 85426 c",148.1619305,35.1110080,53.97400000,2,10.30000000,"Msini",
"TOI-1774","TOI-1774.01",148.1619305,35.1110080,53.97400000,2,8.50000000,"Msini",
"HD 176986","HD 176986 b",285.7739138,-11.0449410,27.78430000,3,1487.75477317,"Mass","K2.5 V"
"HD 176986","HD 176986 d",285.7739138,-11.0449410,27.78430000,3,6.76000000,"Msini","K2.5 V"
"TOI-5489","TOI-5489 b",128.6912940,11.4895882,45.09070000,2,2.54000000,"M-R relationship",
"HD 208487","HD 208487 b",329.3332489,-37.7641354,45.14700000,1,146.20106722,"Msini","G2 V"
"HD 181433","HD 181433 b",291.2873731,-66.4677838,26.87620000,3,1708.64551603,"Mass","K3 IV"
"TOI-5716","TOI-5716 b",201.9007989,73.1774325,39.41220000,1,0.84000000,"M-R relationship",
"HD 181433","HD 181433 d",291.2873731,-66.4677838,26.87620000,3,858.13669890,"Mass","K3 IV"
"HD 181433","HD 181433 c",291.2873731,-66.4677838,26.87620000,3,2207.00045821,"Mass","K3 IV"
"HD 202206","HD 202206 b",318.7405221,-20.7897284,45.96650000,2,6849.20217085,"Mass","G2 V"
"TOI-5734","TOI-5734 b",111.2558179,37.2311218,32.51020000,1,9.10000000,"Mass","K3-K4 V"
"GJ 480","GJ 480 b",189.7134226,11.6950708,14.23580000,1,8.80000000,"Msini","M3.5 Ve"
"TOI-2267 A","TOI-2267 c",65.0614963,84.9008238,22.55000000,3,1.55000000,"M-R relationship","M5 V"
"TOI-2267 A","TOI-2267 b",65.0614963,84.9008238,22.55000000,3,0.97200000,"M-R relationship","M5 V"
"HD 39194","HD 39194 c",86.1290710,-70.1382377,26.41310000,3,7.49000000,"Msini","K0 V"
"DMPP-3 A","DMPP-3 A b",91.6243532,-72.5143057,46.89170000,1,2.67000000,"Msini","K0 V"
"TOI-7166","TOI-7166 b",320.6806363,8.8893975,35.41530000,1,4.70000000,"M-R relationship","M4.5+/-0.5"
"HD 28185","HD 28185 b",66.6100461,-10.5510754,39.38090000,2,1859.29618095,"Msini","G5"
"DMPP-6","DMPP-6 c",120.3857827,-70.0234291,54.63030000,2,13.47000000,"Msini",
"HD 72659","HD 72659 c",128.5128072,-1.5686323,51.89490000,2,6165.87109580,"Mass","G2 V"
"HD 95338","HD 95338 b",164.8563364,-56.6235564,36.99410000,1,42.90000000,"Mass","K0.5 V"
"TOI-1243","TOI-1243 b",135.7326412,71.6364158,43.18650000,1,7.70000000,"Mass","M2.0 V"
"TOI-5388","TOI-5388.01",152.1765169,35.5475571,18.52260000,1,2.20000000,"Mass","M3.0 V"
"HD 100508","HD 100508 b",173.3014057,-67.0546386,32.75480000,1,381.39408840,"Mass","K1 IV"
"HD 114386","HD 114386 c",197.6652124,-35.0561807,27.92430000,2,117.59651059,"Msini","K3 VC"
"TOI-6716","TOI-6716 b",111.6570820,-30.5521801,18.88730000,1,0.91100000,"M-R relationship","M4"
"HD 154345","HD 154345 b",255.6524619,47.0855544,18.28400000,1,376.94449070,"Mass","G8"
"HD 217107","HD 217107 b",344.5647243,-2.3954489,20.06190000,2,459.57987652,"Mass","G"
"HD 164604","HD 164604 b",270.7787177,-28.5608343,39.36330000,2,4195.33497240,"Mass","K3.5 V"
"HD 164604","HD 164604 c",270.7787177,-28.5608343,39.36330000,2,3019.36986650,"Mass","K3.5 V"
"GJ 4274","GJ 4274 b",335.7805478,-17.6104078,7.23556000,2,2.97000000,"Msini","M4.5 V"
"LHS 1903","LHS 1903 b",107.8658260,48.3279327,35.69170000,4,3.28000000,"Mass","M"
"LHS 1903","LHS 1903 c",107.8658260,48.3279327,35.69170000,4,4.55000000,"Mass","M"
"TOI-1080","TOI-1080 b",276.3683249,-52.2145730,25.55900000,1,10.70000000,"Mass","M4.0&plusmn;1.0 V"
"TIC 231949697","TIC 231949697 b",94.2576817,-43.3661845,50.24080000,1,2.95000000,"M-R relationship",
"CWISEP J193518.59-154620.3","CWISEP J193518.59-154620.3 b",293.8262172,-15.7725727,14.43000000,1,4926.34030850,"Mass","Y"
"HD 93083","GJ 1137 c",161.0866672,-33.5776794,28.51590000,2,5.12000000,"Msini","K2 IV-V"
"TOI-5159","TOI-5159 b",142.7859562,20.0193431,55.17880000,1,3.01000000,"M-R relationship",
"TOI-1718","TOI-1718 b",112.0180254,30.3217322,52.30440000,1,15.80000000,"M-R relationship",
"TOI-198","TOI-198 b",2.2715087,-27.1217452,23.72620000,1,3.17000000,"Mass","M0 V"
"gam Cep","gam Cep b",354.8358233,77.6331009,14.10240000,1,2987.58702580,"Mass","K1 III-IV"
"HD 7449","HD 7449 b",18.6214650,-5.0479716,38.66200000,1,2597.92939882,"Mass","F8 V"
"rho CrB","rho CrB e",240.2600639,33.3001861,17.46710000,3,3.71000000,"Msini","G0"
"HD 5388","HD 5388 b",13.7990300,-47.4067326,53.06610000,1,1017.05090240,"Mass","F6 V"
"HD 16760","HD 16760 b",40.5892123,38.6182163,50.17561000,1,6833.31075050,"Mass","G5 V"
"eps Eri","eps Eri b",53.2284306,-9.4581715,3.20260000,1,317.82840700,"Mass","K2 V"
"HD 190360","HD 190360 b",300.9092476,29.8945410,16.00690000,3,537.00000000,"Mass","G7 IV-V"
"HD 190360","HD 190360 c",300.9092476,29.8945410,16.00690000,3,26.20000000,"Mass","G7 IV-V"
"HD 190360","HD 190360 d",300.9092476,29.8945410,16.00690000,3,11.90000000,"Mass","G7 IV-V"
"COCONUTS-2 A","COCONUTS-2 b",117.3009140,-76.7026960,10.88640000,1,2383.71305250,"Mass","M3 V"
"HD 30177","HD 30177 c",70.4770964,-58.0208085,55.58670000,2,1484.25866069,"Mass","G8 V"
"TOI-237","TOI-237 c",353.2435381,-29.4164870,38.07490000,2,1.90000000,"M-R relationship","M4.5 V"
"HD 141937","HD 141937 b",238.0735585,-18.4359716,33.36220000,1,3591.46099910,"Mass","G1 V"
"HD 6718","HD 6718 b",16.9536005,-8.2336165,51.34440000,1,762.78817680,"Mass","G5 V"
"14 Her","14 Her b",242.6021014,43.8163621,17.93230000,2,2828.67282230,"Mass","K0"
"16 Cyg B","16 Cyg B b",295.4656422,50.5168243,21.13970000,1,565.73740000,"Msini","G3 V"
"eps Tau","eps Tau b",67.1546573,19.1802782,47.52852000,1,2285.18624633,"Msini","K0 III"
"gam1 Leo","gam1 Leo b",154.9932080,19.8413890,39.88830000,1,2790.43000000,"Msini","K1 IIIb Fe-0.5"
"51 Peg","51 Peg b",344.3675399,20.7690958,15.46140000,1,193.87532827,"Mass","G5V"
"61 Vir","61 Vir d",199.5964550,-18.3157745,8.50332000,3,22.90000000,"Msini","G5 V"
"BD+14 4559","BD+14 4559 b",318.4010002,14.6893834,49.35200000,1,330.54320000,"Msini","K2 V"
"HD 113538","HD 113538 b",196.2339330,-52.4463502,16.28170000,2,114.41000000,"Msini","K9 V"
"HD 114386","HD 114386 b",197.6652124,-35.0561807,27.92430000,2,464.02947422,"Mass","K3 VC"
"GJ 676 A","GJ 676 A b",262.5448903,-51.6377777,16.02720000,4,1840.86213334,"Mass","M0"
"HD 11506","HD 11506 b",28.2106607,-19.5073960,51.26100000,3,1551.00262616,"Mass","G0 V"
"HD 11506","HD 11506 c",28.2106607,-19.5073960,51.26100000,3,127.13136280,"Msini","G0 V"
"GJ 581","GJ 581 e",229.8564725,-7.7226935,6.29810000,3,2.48000000,"Mass","M3.0 V"
"GJ 876","GJ 876 b",343.3239737,-14.2665958,4.67517000,4,723.22350000,"Mass","M2.5V"
"HD 142","HD 142 b",1.5836771,-49.0753625,26.18530000,3,2256.58168970,"Mass","F7V"
"GJ 876","GJ 876 d",343.3239737,-14.2665958,4.67517000,4,6.83000000,"Mass","M2.5V"
"HD 125595","HD 125595 b",215.3434326,-40.3942443,28.19890000,1,3531.07360177,"Mass","K4 V"
"GJ 876","GJ 876 e",343.3239737,-14.2665958,4.67517000,4,14.60000000,"Mass","M2.5V"
"HD 10180","HD 10180 f",24.4731133,-60.5114881,38.96070000,6,23.90000000,"Msin(i)/sin(i)","G1 V"
"HD 10180","HD 10180 g",24.4731133,-60.5114881,38.96070000,6,3375.33768234,"Mass","G1 V"
"HD 12661","HD 12661 b",31.1423525,25.4135632,37.84780000,2,772.32690000,"Msini","K0"
"HD 104067","HD 104067 b",179.7923543,-20.3556058,20.36320000,2,62.10000000,"Msini","K2V"
"HD 106252","HD 106252 b",183.3730583,10.0404302,38.18500000,1,3178.28407000,"Mass","G0"
"HD 108874","HD 108874 c",187.6126029,22.8794399,59.51750000,2,314.64000000,"Msini","G5"
"HD 10647","HD 10647 b",25.6233526,-53.7412852,17.33570000,1,298.75000000,"Msini","F9 V"
"HD 134060","HD 134060 b",227.6847587,-61.4223747,24.01250000,2,10.10000000,"Msini","G3 IV"
"HD 215152","HD 215152 b",340.8380941,-6.4020685,21.59740000,4,565.41673605,"Mass","K3 V"
"HD 37124","HD 37124 c",84.2599947,20.7289784,31.66340000,3,207.22516000,"Msini","G4 V"
"HD 159868","HD 159868 b",264.7466665,-43.1462347,55.85030000,2,704.94694000,"Msini","G5 V"
"HD 187085","HD 187085 b",297.3915731,-37.7809929,45.89930000,1,265.70588000,"Msini","G0 V"
"HD 216437","HD 216437 b",343.6639631,-70.0733957,26.69020000,1,1334.87930940,"Mass","G1 V"
"HD 187123","HD 187123 c",296.7428786,34.4189900,45.95480000,2,912.16752809,"Mass","G3 V"
"HD 216770","HD 216770 b",343.9748751,-26.6595286,36.66250000,1,181.16310000,"Msini","G9 V CN+1"
"HD 21693","HD 21693 c",51.8040469,-58.3232726,33.25500000,2,17.37000000,"Msini","G8 V"
"HD 162020","HD 162020 b",267.6599252,-40.3184646,30.82480000,1,3127.44720000,"Msini","K3 V"
"HD 190647","HD 190647 b",301.8318167,-35.5395236,54.47380000,1,630.89255000,"Msini","G5 V"
"HD 192263","HD 192263 b",303.4990864,-0.8657574,19.63590000,1,177.98480000,"Msini","K2 V"
"HD 217786","HD 217786 b",345.7838088,-0.4303594,55.48470000,2,4402.55909376,"Mass","F8 V"
"HD 217107","HD 217107 c",344.5647243,-2.3954489,20.06190000,2,1388.91013859,"Mass","G"
"HD 41004 B","HD 41004 B b",89.9565956,-48.2394114,41.55040000,2,5838.29000000,"Msini","M2 V"
"HD 192310","HD 192310 c",303.8284712,-27.0337556,8.79687000,2,24.00000000,"Msin(i)/sin(i)","K3V"
"HD 4208","HD 4208 b",11.1125532,-26.5150392,34.19370000,1,257.44230000,"Msini","G7 V Fe-1 CH-0.5"
"HD 164922","HD 164922 b",270.6304652,26.3104077,22.00160000,4,116.00000000,"Msini","G9 V"
"HD 197037","HD 197037 b",309.8869681,42.2475930,33.19440000,1,251.00000000,"Msini","F7 V"
"HD 4308","HD 4308 b",11.1652594,-65.6527159,22.01580000,1,15.89150000,"Msini","G5V"
"HD 168746","HD 168746 b",275.4573269,-11.9229757,41.56810000,1,85.81410000,"Msini","G5"
"HD 148156","HD 148156 b",247.0723035,-46.3175085,57.12890000,1,270.14400000,"Msini","G0/2 V"
"HD 27894","HD 27894 b",65.1975693,-59.4096776,43.82140000,3,196.73578393,"Msini","K2 V"
"HD 28254","HD 28254 b",66.2108141,-50.6228081,55.28840000,1,1207.74794660,"Mass","G5 V"
"HD 204313","HD 204313 c",322.0510568,-21.7274194,47.79450000,3,17.16273398,"Msini","G5 V"
"HD 30177","HD 30177 b",70.4770964,-58.0208085,55.58670000,2,2622.08435775,"Mass","G8 V"
"HD 290327","HD 290327 b",80.8399887,-2.2780391,56.43300000,1,772.32690000,"Msini","G8 V"
"HD 20794","HD 20794 b",49.9997666,-43.0666533,6.00278000,4,2.70000000,"Msin(i)/sin(i)","G6 V"
"HD 31253","HD 31253 b",73.6822877,12.3520103,58.14380000,1,197.05460000,"Msini","F8"
"HD 178911 B","HD 178911 B b",287.2632091,34.6006972,40.97270000,1,2552.17490000,"Msini","G5"
"HD 155358","HD 155358 b",257.3930947,33.3549277,43.61970000,2,314.65170000,"Msini","G0"
"HD 155358","HD 155358 c",257.3930947,33.3549277,43.61970000,2,261.00000000,"Msini","G0"
"HD 210702","HD 210702 b",332.9638643,16.0404806,54.19630000,1,481.51003660,"Msini","K1 IV"
"HD 3651","HD 3651 b",9.8387218,21.2488844,11.13360000,1,72.46524000,"Msini","K0 V"
"HD 156668","HD 156668 b",259.4183491,29.2281610,24.33230000,2,4.15000000,"Msini","K2"
"HD 156411","HD 156411 b",259.9639522,-48.5502313,56.86550000,1,235.18000000,"Msini","F8 IV/V"
"HD 183263","HD 183263 b",292.1022982,8.3579183,54.19550000,2,1103.18240070,"Msini","G2 IV"
"HD 63454","HD 63454 b",114.8406393,-78.2791464,37.68940000,1,79.45750000,"Msini","K4 V"
"HD 89307","HD 89307 b",154.5874958,12.6209392,32.01040000,1,642.01338214,"Mass","G0 V"
"rho CrB","rho CrB b",240.2600639,33.3001861,17.46710000,3,347.99500000,"Msini","G0"
"HD 66428","HD 66428 b",120.8691654,-1.1636019,53.28170000,2,3478.94974302,"Mass","G8 IV (+ G)"
"HD 93083","HD 93083 b",161.0866672,-33.5776794,28.51590000,2,143.34061156,"Msini","K2 IV-V"
"HD 69830","HD 69830 b",124.6010091,-12.6364246,12.55910000,3,10.20000000,"Msini","K0V"
"HD 69830","HD 69830 d",124.6010091,-12.6364246,12.55910000,3,18.10000000,"Msini","K0V"
"HD 70573","HD 70573 b",125.7079153,1.8591088,59.18200000,1,1900.00000000,"Msini","G1-1.5 V"
"HD 97658","HD 97658 b",168.6376584,25.7105962,21.56180000,1,8.30000000,"Mass","K1 V"
"HD 74156","HD 74156 b",130.6047813,4.5772338,57.60300000,2,532.36258173,"Msini","G0"
"HIP 12961","HIP 12961 b",41.6800749,-23.0860048,23.37100000,1,114.41880000,"Msini","M0"
"HD 45184","HD 45184 b",96.1820205,-28.7806402,21.95320000,2,12.19000000,"Msini","G1.5 V"
"HD 45364","HD 45364 b",96.4105736,-31.4810037,34.35400000,2,60.16491745,"Msini","K0 V"
"HD 7924","HD 7924 b",20.4956562,76.7101475,16.99220000,3,2058.25676373,"Mass","K0.5 V"
"HD 79498","HD 79498 b",138.7885794,23.3748792,48.94890000,1,425.89220000,"Msini","G5"
"HD 49674","HD 49674 b",102.8773483,40.8672284,43.03990000,1,31.78300000,"Msini","G5 V"
"HIP 57274","HIP 57274 c",176.1705487,30.9576484,25.86180000,3,130.00000000,"Msini","K4 V"
"HD 52265","HD 52265 b",105.0746449,-5.3668142,29.98030000,1,384.57430000,"Msini","G0V"
"HR 8799","HR 8799 e",346.8701486,21.1340376,41.24410000,4,3178.30000000,"Mass","A5"
"HD 85390","HD 85390 b",147.5105663,-49.7905254,33.52250000,1,31.46517000,"Msini","K1.5 V"
"xi Aql","xi Aql b",298.5624491,8.4611051,56.18580000,1,616.90493799,"Msini","K0 III"
"WD 0806-661","WD 0806-661 b",121.7275683,-66.3058835,19.24440000,1,2224.79884900,"Mass","DQ"
"HD 32963","HD 32963 b",76.9820146,26.3276805,38.07860000,1,657.90480249,"Mass","G5 IV"
"HD 169830","HD 169830 b",276.9561859,-29.8167919,37.60480000,2,804.42369812,"Msini","F8 V"
"gam Lib","gam Lib c",233.8818636,-14.7895020,47.40170000,2,1662.56039702,"Msini","K0 III"
"TOI-406","TOI-406.01",49.2626428,-42.2441492,31.05970000,2,6.57000000,"Mass","M3"
"HD 195019","HD 195019 b",307.0792427,18.7692509,37.66810000,1,1264.96340000,"Msini","G3 IV-V"
"BD-06 1339","BD-06 1339 c",88.2511811,-5.9963378,20.26950000,2,53.00000000,"Msini","K7/M0 V"
"HD 564","HD 564 b",2.4694459,-50.2678998,51.16590000,1,104.88000000,"Msini","G2/G3 V"
"HD 5608","HD 5608 b",14.5594349,33.9505774,58.11050000,1,371.22357938,"Msini","K0 IV"
"HD 108341","HD 108341 b",186.8791724,-71.4224896,48.91020000,1,715.11391575,"Mass","K2 V"
"HD 34445","HD 34445 f",79.4207483,7.3527156,46.09070000,6,37.90000000,"Msini","G0 V"
"HD 34445","HD 34445 e",79.4207483,7.3527156,46.09070000,6,16.80000000,"Msini","G0 V"
"HD 216435","HD 216435 b",343.4094703,-48.5986332,32.98340000,1,400.40000000,"Msini","G0 V"
"HD 23079","HD 23079 b",54.9281897,-52.9162344,33.45910000,2,845.42356262,"Msini","F9.5 V"
"HD 20794","HD 20794 e",49.9997666,-43.0666533,6.00278000,4,4.77000000,"Msini","G8"
"K2-239","K2-239 b",160.5941265,4.4413751,31.08490000,3,1.37000000,"M-R relationship","M3.0 V"
"HIP 91258","HIP 91258 b",279.2211173,61.7015065,45.88460000,1,346.43470000,"Msini","G5 V"
"HIP 109384","HIP 109384 b",332.4089720,71.3139560,58.95820000,1,495.81480000,"Msini","G5"
"HD 27894","HD 27894 c",65.1975693,-59.4096776,43.82140000,3,51.48846000,"Msini","K2 V"
"K2-239","K2-239 d",160.5941265,4.4413751,31.08490000,3,1.37000000,"M-R relationship","M3.0 V"
"HD 33564","HD 33564 b",80.6378979,79.2318488,20.95310000,1,2892.10000000,"Msini","F6 V"
"bet UMi","bet UMi b",222.6764950,74.1555480,38.77472000,1,1938.70000000,"Msini","K4 III"
"HD 12484","HD 12484 b",30.6115322,2.8158078,48.33670000,1,947.13340000,"Msini","F8"
"HD 45652","HD 45652 b",97.3058709,10.9336212,34.85410000,1,137.62039000,"Msini","G8/K0"
"GJ 1265","GJ 1265 b",333.4324675,-17.6870623,10.25250000,1,7.40000000,"Msini","M4.5 V"
"tau Cet","tau Cet h",26.0093029,-15.9337987,3.60304000,3,1.83000000,"Msini","G8.5V"
"HD 220689","HD 220689 b",351.4707282,-20.6167923,46.87780000,1,381.39408840,"Mass","G3 V"
"GJ 163","GJ 163 b",62.3228353,-53.3711768,15.12850000,3,10.60000000,"Msini","M"
"DENIS-P J082303.1-491201","DENIS-P J082303.1-491201 b",125.7620668,-49.2003008,20.77000000,1,9057.77000000,"Mass","L1.5"
"YZ Cet","YZ Cet d",18.1330792,-16.9962434,3.71207000,3,1.09000000,"Msini","M4.5 V"
"GJ 667 C","GJ 667 C g",259.7510609,-34.9977651,7.24396000,5,4.60000000,"Msini","M1.5 V"
"GJ 504","GJ 504 b",199.1923480,9.4249781,17.52990000,1,1271.30000000,"Mass","G0 V"
"psi1 Dra B","psi1 Dra B b",265.4925754,72.1557114,22.71880000,1,486.27990000,"Msini","G0 V"
"GJ 3942","GJ 3942 b",242.2645452,52.9441443,16.92870000,1,7.14000000,"Msini","M0"
"HD 203030","HD 203030 b",319.7432238,26.2305846,39.25030000,1,3496.11247700,"Mass","G8 V"
"Wolf 1061","Wolf 1061 d",247.5748276,-12.6676866,4.30592000,3,7.70000000,"Msini","M3.5"
"K2-129","K2-129 b",289.1485491,-25.6463233,27.79570000,1,1.12000000,"M-R relationship",
"HD 147379","HD 147379 b",244.1725686,67.2392041,10.76430000,1,21.60000000,"Msini","M0.0 V"
"HD 83443","HD 83443 c",144.2994103,-43.2727210,40.89910000,2,476.74261050,"Mass","K0 V"
"HD 108147","HD 108147 b",186.4409852,-64.0223492,38.92000000,1,82.95000000,"Msini","F8 V CH+0.4"
"HD 18599","HD 18599 b",44.2620144,-56.1918694,38.56530000,1,24.10000000,"Mass","K2 V"
"HIP 55507","HIP 55507 b",170.5227246,46.9078030,25.48930000,1,2585.53409095,"Mass","M0"
"HD 155918","HD 155918 c",260.5364025,-75.3492390,27.56100000,2,1878.04805696,"Mass","G2V"
"HIP 56998","HD 101581 b",175.2563039,-44.4041485,12.77810000,2,0.82700000,"M-R relationship","K4/5V"
"Barnard's star","Barnard c",269.4486144,4.7379808,1.82655000,4,0.33500000,"Msini","M3.5-4 V"
"HD 16905","HD 16905 b",40.0136203,-61.3550396,39.74010000,1,3591.46099910,"Mass","K3 V"
"TOI-6281","TOI-6281 b",172.3785238,-40.6094246,57.74510000,1,4.36000000,"M-R relationship",
"Barnard's star","Barnard b",269.4486144,4.7379808,1.82655000,4,0.29900000,"Msini","M3.5-4 V"
"Barnard's star","Barnard e",269.4486144,4.7379808,1.82655000,4,0.19300000,"Msini","M3.5-4 V"
"LHS 1678","LHS 1678 d",68.1789866,-39.7908744,19.87820000,3,0.90700000,"M-R relationship","M2.0 V"
"HD 18143","HD 18143 c",43.9140248,26.8723829,22.52430000,2,3177.64841319,"Mass","K2"
"Wolf 1069","Wolf 1069 b",306.5242477,58.5753044,9.58341000,1,1.26000000,"Msini","M5.0 V"
"HD 206893","HD 206893 b",326.3416874,-12.7833522,40.75830000,2,6197.65393650,"Mass","F5 V"
"G 196-3","G 196-3 b",151.0884754,50.3861806,21.79120000,1,8263.53858200,"Mass",
"G 261-6","G 261-6 b",291.0743200,75.5558405,10.62670000,1,1.37000000,"Msini","M5.5 V"
"TOI-5789","TOI-5789 d",302.7734475,16.1897138,20.45810000,4,4.29000000,"Msini","K1 V"
"TOI-5789","TOI-5789 b",302.7734475,16.1897138,20.45810000,4,2.12000000,"Msini","K1 V"
"Gliese 48","Gliese 48 b",15.6582402,71.6781735,8.23366000,1,8.11000000,"Msini","M3.5 V"
"TOI-5789","TOI-5789 e",302.7734475,16.1897138,20.45810000,4,11.61000000,"Msini","K1 V"
"TOI-6086","TOI-6086 b",265.3704236,30.3037755,31.45660000,1,1.76000000,"M-R relationship","M3.0"
"HD 63433","HD 63433 d",117.4793699,27.3631342,22.40350000,3,1.25000000,"M-R relationship","G5 V"
"HIP 113103","HIP 113103 b",343.5723794,-43.0102291,46.21220000,2,4.00000000,"M-R relationship",
"UCAC3 113-933","UCAC3 113-933 b",5.2758121,-33.8031679,52.58290000,1,6674.39654700,"Mass","M0"
"HD 73344","HD 73344 c",129.6894456,23.6852651,35.26000000,3,118.54999581,"Msini","F6 V"
"HIP 113103","HIP 113103 c",343.5723794,-43.0102291,46.21220000,2,6.35000000,"M-R relationship",
"HD 196067","HD 196067 c",310.4364195,-75.3514992,39.93460000,2,10.40000000,"Msini","G0 V"
"GJ 887","GJ 887 d",346.5027573,-35.8473489,3.28679000,4,6.10000000,"Msini","M1 V"
"HD 11112","HD 11112 b",27.0881399,-41.4944106,44.38040000,1,2598.56505563,"Mass",
"HD 113337","HD 113337 c",195.4438496,63.6103280,36.18000000,2,6299.67685515,"Mass","F6 V"
"HD 94771","HD 94771 b",163.9746776,-35.1145225,57.78070000,1,169.00000000,"Msini","G3/G5 V"
"Gaia-5","Gaia-5 b",302.0408173,41.9415455,41.18130000,1,6633.07885409,"Mass",
"HD 122562","HD 122562 c",210.5886904,20.8810286,53.25280000,1,73.10053361,"Msini",
"HD 115404 A","HD 115404 A c",199.2155793,17.0160384,10.98160000,2,3279.67133183,"Mass","K2V"
"GJ 1002","GJ 1002 c",1.6764641,-7.5462123,4.84867000,2,1.36000000,"Msini","M5.5 V"
"HIP 99770","HIP 99770 b",303.6338344,36.8066046,40.07650000,1,5403.08291900,"Mass","A5-A6"
"GJ 2126","GJ 2126 b",257.3606793,-35.3917190,38.12900000,1,413.17692910,"Msini","M0 V"
"GJ 3988","GJ 3988 b",255.8503747,51.4089795,9.91050000,1,3.69000000,"Msini","M4.5 V"
"HD 68475","HD 68475 b",122.7192621,-42.8128841,33.42970000,1,1639.99458012,"Mass","K2 VC"
"nu Oct A","nu Oct A b",325.3702792,-77.3910853,21.19990000,1,696.04421133,"Mass","K1 IV"
"HN Lib","HN Lib b",218.5684823,-12.5170062,6.24442000,1,5.46000000,"Msini","M4.0 V"
"HD 219134","HD 219134 c",348.3372026,57.1696255,6.53127000,6,4.36000000,"Mass","K3 V"
"HD 191939","HD 191939 d",302.0256247,66.8503014,53.60890000,6,2.80000000,"Mass","G9 V"
"TOI-2274","TOI-2274 b",277.4593110,40.5414117,48.87600000,1,6.57000000,"M-R relationship","M"
"HIP 54373","HIP 54373 b",166.8643532,-19.2916857,18.71680000,2,8.62000000,"Msini","K5 V"
"Teegarden's Star","Teegarden's Star b",43.2691449,16.8649024,3.83078000,3,1.16000000,"Msini","M7.0 V"
"BD+60 1417","BD+60 1417 b",190.8875453,60.0143636,44.95430000,1,4767.42610500,"Mass","K0"
"HD 24085","HD 24085 b",56.2563447,-70.0245193,54.90040000,1,11.80000000,"Msini","G0 V"
"K2-315","K2-315 b",228.0210932,-20.1081634,56.96860000,1,0.80900000,"M-R relationship","M(3.5+/-0.5) V"
"HD 216520","HD 216520 b",341.8768719,83.6975307,19.55200000,2,10.26000000,"Msini","K2"
"GJ 514","GJ 514 b",202.5040424,10.3725387,7.61778000,1,5.20000000,"Msini","M0.5-1.0 V"
"HD 233832","HD 233832 b",171.5196515,50.3763099,58.74200000,1,565.73740000,"Msini","G0"
"GJ 687","GJ 687 c",264.1041731,68.3336741,4.54939000,2,16.00000000,"Msini","M3.0V"
"HIP 5763","HIP 5763 b",18.4953430,16.4942738,31.90430000,1,162.09248757,"Msini","K6 V"
"TOI-712","TOI-712 b",92.9361063,-65.8258386,58.62120000,3,4.85000000,"M-R relationship","K4.5 V"
"GJ 9066","GJ 9066 c",30.0588307,13.0443172,4.47100000,1,66.74396547,"Msini","M5.0 V"
"TOI-2094","TOI-2094 b",254.1425333,70.0273157,50.02480000,1,4.27000000,"M-R relationship","M3 V"
"HD 164922","HD 164922 d",270.6304652,26.3104077,22.00160000,4,4.00000000,"Msini","G9 V"
"2MASS J01033563-5515561 A","2MASS J01033563-5515561 AB b",15.8992489,-55.2658291,47.20000000,1,4131.79000000,"Mass","M5.5/M6"
"TOI-815","TOI-815 b",155.8719377,-43.8349248,59.71170000,2,7.60000000,"Mass","K3 V"
"GJ 433","GJ 433 c",173.8619194,-32.5436302,9.06456000,3,32.42200000,"Msini","M2V"
"TOI-1860","TOI-1860 b",226.4567308,64.0476821,45.86400000,1,2.27000000,"M-R relationship","G V"
"GJ 682","GJ 682 b",264.2610245,-44.3232519,5.00671000,2,4.40000000,"Msini","M3.5 V"
"TOI-2194","TOI-2194 b",299.1563393,-31.3351812,19.57110000,1,4.61000000,"M-R relationship",
"TOI-2267 B","TOI-2267 d",65.0615000,84.9008250,22.55000000,3,3.78000000,"M-R relationship","M6 V"
"Kepler-444","Kepler-444 d",289.7528323,41.6318840,36.43960000,5,0.20000000,"Mass","K"
"HD 80883","HD 80883 b",139.9331831,-59.4780815,34.60110000,1,1748.05623850,"Mass",
"Kepler-42","Kepler-42 d",292.2196000,44.6173667,40.05950000,3,0.35778500,"Mass","M"
"GJ 229","GJ 229 b",92.6435993,-21.8677233,5.75624000,2,14.93793513,"Msini","M1.5V"
"GJ 180","GJ 180 c",73.4600970,-17.7761940,11.94070000,3,6.40000000,"Msini","M3"
"HD 93385","HD 93385 b",161.5627065,-41.4646040,43.34750000,3,4.20000000,"Msini","G2/G3 V"
"HD 92788","HD 92788 c",160.7021351,-2.1847173,34.65380000,2,1166.43610000,"Msini","G6 V"
"GJ 422","GJ 422 b",168.9810458,-57.5425629,12.66310000,1,11.07000000,"Msini","M3.5 V"
"GJ 414 A","GJ 414 A c",167.7745044,30.4451688,11.88930000,2,53.83000000,"Msini","K7 V"
"TOI-4529","TOI-4529 b",16.9688462,12.8809549,28.38400000,1,4.90000000,"Mass","M1.5 V"
"HD 27631","HD 27631 b",64.9392168,-41.9606604,50.28620000,1,495.81231492,"Mass","G3 IV/V"
"Wolf 503","Wolf 503 b",206.8461979,-6.1393369,44.52600000,1,6.26000000,"Mass","K3.5 V"
"HD 98649","HD 98649 b",170.2147665,-23.2181063,42.17270000,1,3082.93554790,"Mass","G3/G5 V"
"TOI-1634","TOI-1634 b",56.3906096,37.1122803,35.27360000,2,4.90000000,"Mass","M2"
"HD 42012","HD 42012 b",92.4854730,34.1341722,36.79840000,1,508.52800000,"Msini","K0"
"GJ 720 A","GJ 720 A b",278.8294172,45.7456038,15.55750000,1,13.64000000,"Msini","M0.5 V"
"HD 210193","HD 210193 b",332.3951324,-41.2252050,42.20290000,1,153.10000000,"Msini","G3 V"
"GJ 3138","GJ 3138 c",32.2977385,-16.3392495,28.47120000,3,4.18000000,"Msini","M0"
"HD 39855","HD 39855 b",88.6260731,-19.7044472,23.25990000,1,8.50000000,"Msini","G8 V"
"GJ 273","GJ 273 b",111.8520910,5.2258070,5.92153500,2,2.89000000,"Msini","M3.5"
"GJ 4276","GJ 4276 b",336.3221454,59.4125030,21.33620000,1,16.57000000,"Msini","M4.0"
"GJ 273","GJ 273 c",111.8520910,5.2258070,5.92153500,2,1.18000000,"Msini","M3.5"
"HD 20781","HD 20781 d",50.0139757,-28.7841175,35.97150000,5,10.61000000,"Msini","K0 V"
"HD 7924","HD 7924 c",20.4956562,76.7101475,16.99220000,3,1762.67634522,"Mass","K0.5 V"
"GJ 143","GJ 143 b",51.7501882,-63.5001660,16.32000000,2,22.70000000,"Mass","K4.5"
"HD 107148","HD 107148 c",184.8059773,-3.3199927,49.41560000,2,19.89605828,"Msini","G5 V"
"GJ 3512","GJ 3512 b",130.3316616,59.4918364,9.48637000,2,146.51889563,"Msini","M5.5 V"
"14 Her","HD 145675 c",242.6021014,43.8163621,17.93230000,2,2510.84441530,"Mass","K0"
"HD 168009","HD 168009 b",273.8847918,45.2088229,23.30320000,1,9.53485221,"Msini","G2V"
"HD 164922","HD 164922 e",270.6304652,26.3104077,22.00160000,4,10.52012027,"Msini","G9 V"
"LHS 1678","LHS 1678 b",68.1789866,-39.7908744,19.87820000,3,0.35000000,"Mass","M2.0 V"
"GJ 160.2","GJ 160.2 b",61.6454173,-20.8564724,25.85570000,1,10.20000000,"Msini","M0 V"
"HD 39194","HD 39194 d",86.1290710,-70.1382377,26.41310000,3,5.16000000,"Msini","K0 V"
