system_id,stars,n_window_classA,observed_unattributed,expected_unattributed,p_at_least_observed
HD14055,HD14055,38,6,4.7286,0.3365
ALMA J153702653-33192492,ALMA J153702653-33192492,43,5,3.7450,0.3215
bet Pic,bet Pic,25,2,1.6041,0.4764
HD 69830,HD 69830,22,2,1.0716,0.2905
61 Vir,61 Vir,5,2,0.5139,0.0945
AU Mic,AU Mic,13,2,0.3134,0.0400
HD161868,HD161868,24,1,2.0753,0.8745
HD 10647,HD 10647,14,1,1.1739,0.6909
HR 1010 Gaia DR3 4722135642226902656,HR 1010 Gaia DR3 4722135642226902656,13,1,0.6148,0.4593
CP-72 2713,CP-72 2713,6,1,0.6116,0.4575
HD170773,HD170773,8,1,0.5184,0.4045
eta Crv,eta Crv,12,1,0.5095,0.3992
GJ 849,GJ 849,6,1,0.3892,0.3224
HD110411,HD110411,10,1,0.3363,0.2856
HD 207129 Gaia DR3 6564091190988411520,HD 207129 Gaia DR3 6564091190988411520,4,1,0.3180,0.2724
LHS 1140,LHS 1140,4,1,0.2826,0.2462
HD 31392,HD 31392,9,1,0.1811,0.1656
HD 23484 Gaia DR3 4856592239127350400,HD 23484 Gaia DR3 4856592239127350400,4,1,0.0917,0.0876
CD-57 1054,CD-57 1054,1,1,0.0456,0.0445
HD61005,HD61005,15,0,1.3413,1.0000
HD 48370,HD 48370,4,0,1.0989,1.0000
TWA 3A 696000,TWA 3A 696000; TWA 3A [576064],6,0,0.6795,1.0000
HD 285968,HD 285968,4,0,0.6044,1.0000
hd107146,hd107146,8,0,0.5379,1.0000
TRAPPIST-1,TRAPPIST-1,5,0,0.5260,1.0000
tau Cet,tau Cet,6,0,0.5147,1.0000
hd92945,hd92945,6,0,0.4394,1.0000
HD172555,HD172555,5,0,0.3735,1.0000
HN Lib,HN Lib,5,0,0.3500,1.0000
TWA 7,TWA 7,2,0,0.3368,1.0000
GL 3379 Gaia DR3 3316364602541746048,GL 3379 Gaia DR3 3316364602541746048,6,0,0.3088,1.0000
HD202628,HD202628,5,0,0.2304,1.0000
lp 876-10 Gaia DR3 6623351805412369024,lp 876-10 Gaia DR3 6623351805412369024,3,0,0.2260,1.0000
GJ14 Gaia DR3 383426372059603712,GJ14 Gaia DR3 383426372059603712,4,0,0.2207,1.0000
HD 38858 Gaia DR3 3023711269067191296,HD 38858 Gaia DR3 3023711269067191296,4,0,0.2075,1.0000
HD 89452,HD 89452,8,0,0.2015,1.0000
HD 45184,HD 45184,7,0,0.1811,1.0000
HD 139084,HD 139084,1,0,0.1604,1.0000
V star TX PsA,V star TX PsA; V star WW PsA,2,0,0.1239,1.0000
LP 353-51,LP 353-51,2,0,0.1203,1.0000
HD53143 Gaia DR3 5479222240596469632,HD53143 Gaia DR3 5479222240596469632,6,0,0.1029,1.0000
GJ 2006A,GJ 2006A; GJ 2006B,2,0,0.1021,1.0000
HIP 490,HIP 490,1,0,0.0996,1.0000
HD 155555C,HD 155555C,1,0,0.0747,1.0000
LP 476-207 384128,LP 476-207 384128; LP 476-207 783296,2,0,0.0729,1.0000
NAME AT Mic AB Gaia DR3 6792436799475128960,NAME AT Mic AB Gaia DR3 6792436799475128960; V AT Mic B,2,0,0.0711,1.0000
j1256-1257,LP 736-15,2,0,0.0674,1.0000
UCAC3 176-23654,UCAC3 176-23654,1,0,0.0547,1.0000
HD 139664,HD 139664,2,0,0.0523,1.0000
Wolf 219,Wolf 219,2,0,0.0523,1.0000
TYC 2211-1309-1,TYC 2211-1309-1,1,0,0.0492,1.0000
UCAC2 20312880,UCAC2 20312880,1,0,0.0365,1.0000
kap CrB,kap CrB,1,0,0.0299,1.0000
L 836-122,L 836-122,1,0,0.0292,1.0000
Barta 161 12,Barta 161 12,1,0,0.0255,1.0000
HD377,HD377,2,0,0.0224,1.0000
WD 0407179,WD 0407+179,1,0,0.0019,1.0000
PM J034331958,PM J03433+1958,1,0,0.0000,1.0000
51 Eri,51 Eri,1,0,0.0000,1.0000
HIP10679,HIP10679,2,0,0.0000,1.0000
