star_name,band,eb,dist_pc,flo_GHz,fhi_GHz,chanw_Hz,bandwidth_Hz,eirp_5sigma_W,rms_mJy,star_snr,ctrl_max_snr,n_ctrl_ge_star,n_ctrl,p_star_empirical,drift_max_Hz_s,on_source_s,resolution_class,nearest_line,line_offset_MHz,flagged_symmetric
Proxima Cen,6,A002_X106a1f1_X6a0c,1.302,224.91406,223.08594,15625000.0,1843750000.0,3.431e+13,2.167,2.892,4.425,192,512,0.37622,2688.0,2998.8,"coarse (>5 MHz, continuum-mode -- weak technosignature constraint)",,,0
Proxima Cen,6,A002_X106a1f1_X6a0c,1.302,224.91406,223.08594,15625000.0,1843750000.0,3.434e+13,2.167,2.892,4.425,192,512,0.37622,2688.0,2998.8,"coarse (>5 MHz, continuum-mode -- weak technosignature constraint)",13CO(2-1),2749.439,0
Proxima Cen,6,A002_X106a1f1_X6a0c,1.302,226.91406,225.08594,15625000.0,1843750000.0,3.297e+13,2.08,3.326,5.037,68,512,0.1345,2712.0,2998.8,"coarse (>5 MHz, continuum-mode -- weak technosignature constraint)",CO(2-1),-4405.186,0
Proxima Cen,6,A002_X106a1f1_X6a0c,1.302,239.08594,240.91406,15625000.0,1843750000.0,5.328e+13,3.361,3.471,4.607,37,512,0.074074,2880.0,2998.8,"coarse (>5 MHz, continuum-mode -- weak technosignature constraint)",CS(5-4),-5725.064,0
Proxima Cen,6,A002_X106a1f1_X6a0c,1.302,241.08594,242.91406,15625000.0,1843750000.0,3.804e+13,2.399,2.763,4.225,204,512,0.39961,2904.0,2998.8,"coarse (>5 MHz, continuum-mode -- weak technosignature constraint)",CS(5-4),-3084.439,0
NAME Barnards star,6,A002_Xfdf45f_X478e,1.828,224.91406,223.08594,15625000.0,1843750000.0,6.402e+13,2.047,3.059,4.125,108,512,0.21248,2688.0,2998.8,"coarse (>5 MHz, continuum-mode -- weak technosignature constraint)",13CO(2-1),3124.439,0
NAME Barnards star,6,A002_Xfdf45f_X478e,1.828,226.91406,225.08594,15625000.0,1843750000.0,6.15e+13,1.966,4.398,4.382,0,512,0.0019493,2712.0,2998.8,"coarse (>5 MHz, continuum-mode -- weak technosignature constraint)",13CO(2-1),4921.314,0
NAME Barnards star,6,A002_Xfdf45f_X478e,1.828,239.08594,240.91406,15625000.0,1843750000.0,6.579e+13,2.103,2.088,3.993,490,512,0.95712,2880.0,2998.8,"coarse (>5 MHz, continuum-mode -- weak technosignature constraint)",CS(5-4),-5850.064,0
NAME Barnards star,6,A002_Xfdf45f_X478e,1.828,241.08594,242.91406,15625000.0,1843750000.0,6.887e+13,2.201,2.451,4.127,410,512,0.80117,2904.0,2998.8,"coarse (>5 MHz, continuum-mode -- weak technosignature constraint)",CS(5-4),-2287.564,0
Wolf  359,6,A002_Xfdb69b_X667a,2.409,224.91406,223.08594,15625000.0,1843750000.0,8.412e+13,1.55,2.586,4.596,337,512,0.65887,2688.0,2998.8,"coarse (>5 MHz, continuum-mode -- weak technosignature constraint)",13CO(2-1),3311.939,0
Wolf  359,6,A002_Xfdb69b_X667a,2.409,226.91406,225.08594,15625000.0,1843750000.0,7.836e+13,1.444,2.845,4.418,202,512,0.39571,2712.0,2998.8,"coarse (>5 MHz, continuum-mode -- weak technosignature constraint)",CO(2-1),-5030.186,0
Wolf  359,6,A002_Xfdb69b_X667a,2.409,239.08594,240.91406,15625000.0,1843750000.0,8.672e+13,1.597,2.405,4.535,412,512,0.80507,2880.0,2998.8,"coarse (>5 MHz, continuum-mode -- weak technosignature constraint)",CS(5-4),-4412.564,0
Wolf  359,6,A002_Xfdb69b_X667a,2.409,241.08594,242.91406,15625000.0,1843750000.0,9.105e+13,1.677,3.087,4.417,136,512,0.26706,2904.0,2998.8,"coarse (>5 MHz, continuum-mode -- weak technosignature constraint)",CS(5-4),-2584.439,0
alf CMa B,3,A002_Xc99ad7_X348,2.67,93.86176,92.12739,15625000.0,1750000000.0,2.556e+13,0.3834,2.551,4.463,254,512,0.49708,1115.9,344.7,"coarse (>5 MHz, continuum-mode -- weak technosignature constraint)",,,0
alf CMa B,3,A002_Xc99ad7_X348,2.67,93.86176,92.12739,15625000.0,1750000000.0,2.648e+13,0.3834,2.551,4.463,254,512,0.49708,1115.9,344.7,"coarse (>5 MHz, continuum-mode -- weak technosignature constraint)",HCO+(1-0),4407.138,0
alf CMa B,3,A002_Xc99ad7_X348,2.67,95.79926,94.06489,15625000.0,1750000000.0,2.668e+13,0.3858,2.891,4.807,111,512,0.21832,1139.2,344.7,"coarse (>5 MHz, continuum-mode -- weak technosignature constraint)",HCO+(1-0),5844.638,0
alf CMa B,3,A002_Xc99ad7_X348,2.67,104.12739,105.86176,15625000.0,1750000000.0,2.926e+13,0.4196,3.252,4.243,41,512,0.081871,1259.9,344.7,"coarse (>5 MHz, continuum-mode -- weak technosignature constraint)",CN(1-0),-7707.363,0
alf CMa B,3,A002_Xc99ad7_X348,2.67,106.12739,107.86176,15625000.0,1750000000.0,3.073e+13,0.44,2.232,4.394,379,512,0.74074,1283.9,344.7,"coarse (>5 MHz, continuum-mode -- weak technosignature constraint)",CN(1-0),-6426.113,0
alf CMa B,4,A002_Xcc626d_X579,2.67,143.86176,142.12739,15625000.0,1750000000.0,2.315e+13,0.3473,2.08,3.947,432,512,0.84405,1715.9,344.7,"coarse (>5 MHz, continuum-mode -- weak technosignature constraint)",,,0
alf CMa B,4,A002_Xcc626d_X579,2.67,143.86176,142.12739,15625000.0,1750000000.0,2.536e+13,0.3473,2.08,3.947,432,512,0.84405,1715.9,344.7,"coarse (>5 MHz, continuum-mode -- weak technosignature constraint)",CO(1-0),27059.512,0
alf CMa B,4,A002_Xcc626d_X579,2.67,145.79926,144.06489,15625000.0,1750000000.0,2.345e+13,0.3203,3.053,4.622,70,512,0.1384,1739.2,344.7,"coarse (>5 MHz, continuum-mode -- weak technosignature constraint)",CO(1-0),29700.137,0
alf CMa B,4,A002_Xcc626d_X579,2.67,154.12739,155.86176,15625000.0,1750000000.0,2.612e+13,0.352,2.648,4.771,192,512,0.37622,1859.9,344.7,"coarse (>5 MHz, continuum-mode -- weak technosignature constraint)",CO(1-0),39903.262,0
alf CMa B,4,A002_Xcc626d_X579,2.67,156.12739,157.86176,15625000.0,1750000000.0,2.963e+13,0.3982,2.557,4.564,237,512,0.46394,1883.9,344.7,"coarse (>5 MHz, continuum-mode -- weak technosignature constraint)",CO(1-0),41653.262,0
alf CMa B,5,A002_Xd0fb35_X90dc,2.67,196.86176,195.12739,15625000.0,1750000000.0,3.482e+13,0.5224,2.639,4.898,203,512,0.39766,2351.9,344.7,"coarse (>5 MHz, continuum-mode -- weak technosignature constraint)",,,0
alf CMa B,5,A002_Xd0fb35_X90dc,2.67,196.86176,195.12739,15625000.0,1750000000.0,4.041e+13,0.5224,2.639,4.898,203,512,0.39766,2351.9,344.7,"coarse (>5 MHz, continuum-mode -- weak technosignature constraint)",SiO(5-4),-20790.112,0
alf CMa B,5,A002_Xd0fb35_X90dc,2.67,198.79926,197.06489,15625000.0,1750000000.0,3.39e+13,0.4369,2.378,4.678,328,512,0.64133,2375.2,344.7,"coarse (>5 MHz, continuum-mode -- weak technosignature constraint)",SiO(5-4),-19461.987,0
alf CMa B,5,A002_Xd0fb35_X90dc,2.67,207.12739,208.86176,15625000.0,1750000000.0,4.714e+13,0.5981,2.174,4.168,392,512,0.76608,2495.9,344.7,"coarse (>5 MHz, continuum-mode -- weak technosignature constraint)",SiO(5-4),-9383.862,0
alf CMa B,5,A002_Xd0fb35_X90dc,2.67,209.12739,210.86176,15625000.0,1750000000.0,4.922e+13,0.6224,2.444,4.133,312,512,0.61014,2519.9,344.7,"coarse (>5 MHz, continuum-mode -- weak technosignature constraint)",SiO(5-4),-7727.612,0
G 272-61B,3,A002_X877e41_X14c1,2.675,91.36176,89.62739,15625000.0,1750000000.0,1.654e+13,0.2474,2.574,4.129,257,512,0.50292,1085.9,1862.8,"coarse (>5 MHz, continuum-mode -- weak technosignature constraint)",,,0
G 272-61B,3,A002_X877e41_X14c1,2.675,91.36176,89.62739,15625000.0,1750000000.0,1.656e+13,0.2474,2.574,4.129,257,512,0.50292,1085.9,1862.8,"coarse (>5 MHz, continuum-mode -- weak technosignature constraint)",HCO+(1-0),2125.888,0
G 272-61B,3,A002_X877e41_X14c1,2.675,93.29926,91.56489,15625000.0,1750000000.0,1.616e+13,0.2413,1.985,4.637,467,512,0.91228,1109.2,1862.8,"coarse (>5 MHz, continuum-mode -- weak technosignature constraint)",HCO+(1-0),3141.513,0
G 272-61B,3,A002_X877e41_X14c1,2.675,101.62739,103.36176,15625000.0,1750000000.0,1.641e+13,0.245,2.439,4.488,290,512,0.56725,1229.9,1862.8,"coarse (>5 MHz, continuum-mode -- weak technosignature constraint)",CN(1-0),-11519.863,0
G 272-61B,3,A002_X877e41_X14c1,2.675,103.62739,105.36176,15625000.0,1750000000.0,1.645e+13,0.2456,2.141,4.249,436,512,0.85185,1253.9,1862.8,"coarse (>5 MHz, continuum-mode -- weak technosignature constraint)",CN(1-0),-8582.363,0
G 272-61A,3,A002_X877e41_X14c1,2.72,91.36176,89.62739,15625000.0,1750000000.0,1.711e+13,0.2475,2.037,4.351,444,512,0.86745,1085.9,1862.8,"coarse (>5 MHz, continuum-mode -- weak technosignature constraint)",,,0
G 272-61A,3,A002_X877e41_X14c1,2.72,91.36176,89.62739,15625000.0,1750000000.0,1.715e+13,0.2475,2.037,4.351,444,512,0.86745,1085.9,1862.8,"coarse (>5 MHz, continuum-mode -- weak technosignature constraint)",HCO+(1-0),1907.138,0
G 272-61A,3,A002_X877e41_X14c1,2.72,93.29926,91.56489,15625000.0,1750000000.0,1.671e+13,0.2412,2.359,4.311,310,512,0.60624,1109.2,1862.8,"coarse (>5 MHz, continuum-mode -- weak technosignature constraint)",HCO+(1-0),2516.513,0
G 272-61A,3,A002_X877e41_X14c1,2.72,101.62739,103.36176,15625000.0,1750000000.0,1.696e+13,0.2447,2.826,4.255,128,512,0.25146,1229.9,1862.8,"coarse (>5 MHz, continuum-mode -- weak technosignature constraint)",CN(1-0),-11285.488,0
G 272-61A,3,A002_X877e41_X14c1,2.72,103.62739,105.36176,15625000.0,1750000000.0,1.703e+13,0.2457,2.914,4.472,107,512,0.21053,1253.9,1862.8,"coarse (>5 MHz, continuum-mode -- weak technosignature constraint)",CN(1-0),-8144.863,0
CD-23 14742,6,A002_Xfeb5e6_X13ee,2.976,224.91406,223.08594,15625000.0,1843750000.0,1.202e+14,1.451,2.503,4.428,373,512,0.72904,2688.0,2998.8,"coarse (>5 MHz, continuum-mode -- weak technosignature constraint)",,,0
CD-23 14742,6,A002_Xfeb5e6_X13ee,2.976,224.91406,223.08594,15625000.0,1843750000.0,1.202e+14,1.451,2.503,4.428,373,512,0.72904,2688.0,2998.8,"coarse (>5 MHz, continuum-mode -- weak technosignature constraint)",13CO(2-1),3593.189,0
CD-23 14742,6,A002_Xfeb5e6_X13ee,2.976,226.91406,225.08594,15625000.0,1843750000.0,1.121e+14,1.354,2.564,4.122,354,512,0.69201,2712.0,2998.8,"coarse (>5 MHz, continuum-mode -- weak technosignature constraint)",CO(2-1),-4264.561,0
CD-23 14742,6,A002_Xfeb5e6_X13ee,2.976,239.08594,240.91406,15625000.0,1843750000.0,1.235e+14,1.491,3.473,3.883,30,512,0.060429,2880.0,2998.8,"coarse (>5 MHz, continuum-mode -- weak technosignature constraint)",CS(5-4),-4600.064,0
CD-23 14742,6,A002_Xfeb5e6_X13ee,2.976,241.08594,242.91406,15625000.0,1843750000.0,1.299e+14,1.568,3.112,4.749,181,512,0.35478,2904.0,2998.8,"coarse (>5 MHz, continuum-mode -- weak technosignature constraint)",CS(5-4),-2162.564,0
eps Eri,6,A002_X99c183_X4f1e,3.22,229.65282,231.37792,488281.25,1725585937.5,4.078e+13,4.031,4.39,5.789,326,512,0.63743,2766.2,2570.4,fine (<1 MHz),CO(2-1),450.271,0
eps Eri,6,A002_X99c183_X4f1e,3.22,232.10094,233.83531,15625000.0,1750000000.0,2.373e+14,0.7145,2.687,4.191,277,512,0.54191,2795.6,2570.4,"coarse (>5 MHz, continuum-mode -- weak technosignature constraint)",CO(2-1),2156.688,0
eps Eri,6,A002_X99c183_X4f1e,3.22,219.08733,217.35296,15625000.0,1750000000.0,1.747e+14,0.6116,2.534,4.715,356,512,0.69591,2618.6,2570.4,"coarse (>5 MHz, continuum-mode -- weak technosignature constraint)",C18O(2-1),-488.294,0
eps Eri,6,A002_X99c183_X4f1e,3.22,216.83764,215.10326,15625000.0,1750000000.0,1.729e+14,0.6189,1.98,4.254,505,512,0.98635,2591.6,2570.4,"coarse (>5 MHz, continuum-mode -- weak technosignature constraint)",SiO(5-4),-720.486,0
tau Cet,,A002_Xb9cc97_X150a,3.652,231.47412,229.63379,488281.25,1840820312.5,3.792e+13,9.731,4.944,5.754,73,512,0.14425,2766.6,2963.5,,,,0
tau Cet,6,A002_Xb9cc97_X150a,3.652,231.47412,229.63379,488281.25,1840820312.5,5.459e+13,14.01,4.0,5.932,476,512,0.92982,2766.6,1391.0,fine (<1 MHz),,,0
BD05  1668,6,A002_Xc74b5b_X7c16,3.786,224.86719,223.13281,15625000.0,1750000000.0,2.832e+14,2.113,2.266,4.256,435,512,0.8499,2688.0,1421.3,"coarse (>5 MHz, continuum-mode -- weak technosignature constraint)",13CO(2-1),3936.939,0
BD05  1668,6,A002_Xc74b5b_X7c16,3.786,226.86719,225.13281,15625000.0,1750000000.0,2.714e+14,2.025,3.01,4.357,97,512,0.19103,2712.0,1421.3,"coarse (>5 MHz, continuum-mode -- weak technosignature constraint)",CO(2-1),-3952.061,0
BD05  1668,6,A002_Xc74b5b_X7c16,3.786,239.13281,240.86719,15625000.0,1750000000.0,2.956e+14,2.206,3.187,4.33,66,512,0.1306,2880.0,1421.3,"coarse (>5 MHz, continuum-mode -- weak technosignature constraint)",CS(5-4),-4756.314,0
BD05  1668,6,A002_Xc74b5b_X7c16,3.786,241.13281,242.86719,15625000.0,1750000000.0,3.113e+14,2.323,2.225,4.378,421,512,0.82261,2904.0,1421.3,"coarse (>5 MHz, continuum-mode -- weak technosignature constraint)",CS(5-4),-2600.064,0
HD  33793,6,A002_Xc8b2b0_X9c35,3.934,224.91406,223.08594,15625000.0,1843750000.0,5.621e+14,3.885,2.265,4.376,350,512,0.68421,2688.0,846.7,"coarse (>5 MHz, continuum-mode -- weak technosignature constraint)",,,0
Wolf   28,6,A002_X9f2ff8_X25b0,4.314,224.86719,223.13281,15625000.0,1750000000.0,6.672e+13,0.3834,2.59,4.525,311,512,0.60819,2688.0,2903.0,"coarse (>5 MHz, continuum-mode -- weak technosignature constraint)",,,0
GJ 674,6,A002_X107fa96_Xce38,4.551,224.91406,223.08594,15625000.0,1843750000.0,2.744e+14,1.417,2.91,4.397,195,512,0.38207,2688.0,2998.8,"coarse (>5 MHz, continuum-mode -- weak technosignature constraint)",,,0
GJ 674,6,A002_X107fa96_Xce38,4.551,224.91406,223.08594,15625000.0,1843750000.0,2.744e+14,1.417,2.91,4.397,195,512,0.38207,2688.0,2998.8,"coarse (>5 MHz, continuum-mode -- weak technosignature constraint)",13CO(2-1),3436.939,0
GJ 674,6,A002_X107fa96_Xce38,4.551,226.91406,225.08594,15625000.0,1843750000.0,2.542e+14,1.313,3.846,4.254,10,512,0.021442,2712.0,2998.8,"coarse (>5 MHz, continuum-mode -- weak technosignature constraint)",CO(2-1),-4030.186,0
GJ 674,6,A002_X107fa96_Xce38,4.551,239.08594,240.91406,15625000.0,1843750000.0,2.844e+14,1.469,2.631,4.189,342,512,0.66862,2880.0,2998.8,"coarse (>5 MHz, continuum-mode -- weak technosignature constraint)",CS(5-4),-5693.814,0
GJ 674,6,A002_X107fa96_Xce38,4.551,241.08594,242.91406,15625000.0,1843750000.0,2.966e+14,1.532,2.328,4.42,469,512,0.91618,2904.0,2998.8,"coarse (>5 MHz, continuum-mode -- weak technosignature constraint)",CS(5-4),-3303.189,0
GL 3379  Gaia DR3 3316364602541746048,6,A002_Xda2c82_X765d,5.208,213.87402,212.0459,15625000.0,1843750000.0,6.213e+14,2.45,3.26,4.17,81,512,0.15984,2555.5,2751.8,"coarse (>5 MHz, continuum-mode -- weak technosignature constraint)",SiO(5-4),-4277.854,0
GL 3379  Gaia DR3 3316364602541746048,6,A002_Xda2c82_X765d,5.208,215.87364,214.04552,15625000.0,1843750000.0,5.86e+14,2.311,2.574,4.35,326,512,0.63743,2579.5,2751.8,"coarse (>5 MHz, continuum-mode -- weak technosignature constraint)",SiO(5-4),-3043.855,0
GL 3379  Gaia DR3 3316364602541746048,6,A002_Xda2c82_X765d,5.208,227.04307,228.8712,15625000.0,1843750000.0,5.724e+14,2.257,2.554,4.917,377,512,0.73684,2735.5,2751.8,"coarse (>5 MHz, continuum-mode -- weak technosignature constraint)",CO(2-1),-2135.553,0
GL 3379  Gaia DR3 3316364602541746048,6,A002_Xda2c82_X765d,5.208,229.03659,230.87692,488281.25,1840820312.5,1.116e+14,14.08,4.794,5.707,99,512,0.19493,2759.5,2751.8,fine (<1 MHz),CO(2-1),-1128.849,0
LSR J18353259,3,A002_Xba3ea7_X2ab4,5.689,91.36176,89.62739,15625000.0,1750000000.0,5.124e+13,0.1692,2.012,4.099,465,512,0.90838,1085.9,2588.5,"coarse (>5 MHz, continuum-mode -- weak technosignature constraint)",HCO+(1-0),2110.263,0
LSR J18353259,3,A002_Xba3ea7_X2ab4,5.689,93.29926,91.56489,15625000.0,1750000000.0,5.321e+13,0.1757,2.808,4.125,136,512,0.26706,1109.2,2588.5,"coarse (>5 MHz, continuum-mode -- weak technosignature constraint)",HCO+(1-0),3907.138,0
LSR J18353259,3,A002_Xba3ea7_X2ab4,5.689,101.62739,103.36176,15625000.0,1750000000.0,5.39e+13,0.178,1.889,4.158,490,512,0.95712,1229.9,2588.5,"coarse (>5 MHz, continuum-mode -- weak technosignature constraint)",CN(1-0),-10754.238,0
LSR J18353259,3,A002_Xba3ea7_X2ab4,5.689,103.62739,105.36176,15625000.0,1750000000.0,5.58e+13,0.1842,2.34,4.349,330,512,0.64522,1253.9,2588.5,"coarse (>5 MHz, continuum-mode -- weak technosignature constraint)",CN(1-0),-9301.113,0
HN Lib,6,A002_Xdc621b_X2bb0,6.253,213.90867,212.08054,15625000.0,1843750000.0,8.426e+14,2.305,2.077,4.357,476,512,0.92982,2555.9,1451.5,"coarse (>5 MHz, continuum-mode -- weak technosignature constraint)",SiO(5-4),-3461.959,0
HN Lib,6,A002_Xdc621b_X2bb0,6.253,215.90862,214.08049,15625000.0,1843750000.0,7.819e+14,2.139,2.261,4.582,450,512,0.87914,2579.9,1451.5,"coarse (>5 MHz, continuum-mode -- weak technosignature constraint)",SiO(5-4),-1399.51,0
HN Lib,6,A002_Xdc621b_X2bb0,6.253,227.08012,228.90825,15625000.0,1843750000.0,7.571e+14,2.071,3.166,4.751,90,512,0.17739,2735.9,1451.5,"coarse (>5 MHz, continuum-mode -- weak technosignature constraint)",CO(2-1),-2082.878,0
HN Lib,6,A002_Xdc621b_X2bb0,6.253,229.074,230.91433,488281.25,1840820312.5,1.49e+14,13.04,4.589,6.149,143,512,0.2807,2759.9,1451.5,fine (<1 MHz),CO(2-1),-859.993,0
GJ 581,,A002_Xd16a1e_X8d4,6.3,224.91406,223.08594,15625000.0,1843750000.0,6.349e+14,1.711,2.446,4.322,410,512,0.80117,2688.0,2998.8,,,,0
GJ 581,6,A002_Xd16a1e_X8d4,6.3,224.91406,223.08594,15625000.0,1843750000.0,6.349e+14,1.711,2.433,4.352,425,512,0.83041,2688.0,2998.8,"coarse (>5 MHz, continuum-mode -- weak technosignature constraint)",,,0
GJ 581,6,A002_Xd16a1e_X8d4,6.3,226.91406,225.08594,15625000.0,1843750000.0,6.013e+14,1.621,3.485,4.105,28,512,0.05653,2712.0,2998.8,"coarse (>5 MHz, continuum-mode -- weak technosignature constraint)",,,0
GJ 581,6,A002_Xd16a1e_X8d4,6.3,239.08594,240.91406,15625000.0,1843750000.0,6.605e+14,1.78,3.591,4.77,50,512,0.099415,2880.0,2998.8,"coarse (>5 MHz, continuum-mode -- weak technosignature constraint)",,,0
GJ 581,6,A002_Xd16a1e_X8d4,6.3,241.08594,242.91406,15625000.0,1843750000.0,6.974e+14,1.879,2.451,4.408,394,512,0.76998,2904.0,2998.8,"coarse (>5 MHz, continuum-mode -- weak technosignature constraint)",,,0
lp 876-10  Gaia DR3 6623351805412369024,7,A002_Xcda49e_Xdebb,7.676,344.9711,346.6962,488281.25,1725585937.5,2.703e+13,1.57,4.151,5.803,495,512,0.96686,4150.0,2026.1,fine (<1 MHz),,,0
lp 876-10  Gaia DR3 6623351805412369024,7,A002_Xcda49e_Xdebb,7.676,346.96646,348.70084,15625000.0,1750000000.0,1.638e+14,0.2972,2.396,4.539,425,512,0.83041,4174.0,2788.1,"coarse (>5 MHz, continuum-mode -- weak technosignature constraint)",CO(3-2),1654.837,0
lp 876-10  Gaia DR3 6623351805412369024,7,A002_Xcda49e_Xdebb,7.676,336.65884,334.92446,15625000.0,1750000000.0,1.384e+14,0.2512,3.758,4.535,15,512,0.031189,4029.5,2788.1,"coarse (>5 MHz, continuum-mode -- weak technosignature constraint)",CO(3-2),-10387.163,0
lp 876-10  Gaia DR3 6623351805412369024,7,A002_Xcda49e_Xdebb,7.676,334.70084,332.96646,15625000.0,1750000000.0,1.6e+14,0.2903,2.709,4.629,289,512,0.5653,4006.0,2788.1,"coarse (>5 MHz, continuum-mode -- weak technosignature constraint)",CO(3-2),-11954.538,0
lp 876-10  Gaia DR3 6623351805412369024,7,A002_Xcda49e_Xdebb,7.676,344.9711,346.6962,488281.25,1725585937.5,2.705e+13,1.57,4.151,5.803,495,512,0.96686,4150.0,2026.1,fine (<1 MHz),CO(3-2),24.221,0
61 Vir,7,A002_Xc067f7_X822,8.534,344.87384,346.71417,488281.25,1840820312.5,4.52e+14,21.24,4.819,6.452,146,512,0.28655,4149.5,2268.0,fine (<1 MHz),CO(3-2),-236.128,0
61 Vir,7,A002_Xc067f7_X822,8.534,346.82232,348.55669,15625000.0,1750000000.0,2.867e+15,4.21,2.484,4.782,377,512,0.73684,4172.3,2268.0,"coarse (>5 MHz, continuum-mode -- weak technosignature constraint)",CO(3-2),1166.941,0
61 Vir,7,A002_Xc067f7_X822,8.534,336.55669,334.82232,15625000.0,1750000000.0,2.539e+15,3.729,2.438,4.188,382,512,0.74659,4028.3,2268.0,"coarse (>5 MHz, continuum-mode -- weak technosignature constraint)",CO(3-2),-9786.184,0
61 Vir,7,A002_Xc067f7_X822,8.534,334.66119,332.92682,15625000.0,1750000000.0,3.2e+15,4.701,3.08,4.377,134,512,0.26316,4005.5,2268.0,"coarse (>5 MHz, continuum-mode -- weak technosignature constraint)",CO(3-2),-11619.184,0
chi01 Ori,3,A002_X74deb6_Xff1,8.699,95.86176,94.12739,15625000.0,1750000000.0,1.076e+14,0.152,3.188,4.877,61,512,0.12086,1139.9,2782.1,"coarse (>5 MHz, continuum-mode -- weak technosignature constraint)",HCO+(1-0),6032.138,0
chi01 Ori,3,A002_X74deb6_Xff1,8.699,97.79926,96.06489,15625000.0,1750000000.0,1.116e+14,0.1577,3.165,4.583,46,512,0.091618,1163.2,2782.1,"coarse (>5 MHz, continuum-mode -- weak technosignature constraint)",HCO+(1-0),7657.138,0
chi01 Ori,3,A002_X74deb6_Xff1,8.699,106.12739,107.86176,15625000.0,1750000000.0,1.247e+14,0.1762,2.492,4.24,333,512,0.65107,1283.9,2782.1,"coarse (>5 MHz, continuum-mode -- weak technosignature constraint)",CN(1-0),-7332.363,0
chi01 Ori,3,A002_X74deb6_Xff1,8.699,108.12739,109.86176,15625000.0,1750000000.0,1.318e+14,0.1862,3.451,4.56,35,512,0.070175,1307.9,2782.1,"coarse (>5 MHz, continuum-mode -- weak technosignature constraint)",CN(1-0),-4254.238,0
GJ 849,,A002_Xd86f11_X584b,8.815,229.07904,230.91937,488281.25,1840820312.5,8.304e+14,36.59,4.475,5.552,304,512,0.59454,2760.0,2661.1,,,,0
GJ 849,6,A002_Xd86f11_X584b,8.815,213.9133,212.08518,15625000.0,1843750000.0,4.182e+15,5.758,2.69,4.487,268,512,0.52437,2556.0,2661.1,"coarse (>5 MHz, continuum-mode -- weak technosignature constraint)",SiO(5-4),-4863.57,0
GJ 849,6,A002_Xd86f11_X584b,8.815,215.9133,214.08517,15625000.0,1843750000.0,4.115e+15,5.665,2.267,4.053,454,512,0.88694,2580.0,2661.1,"coarse (>5 MHz, continuum-mode -- weak technosignature constraint)",SiO(5-4),-1426.077,0
GJ 849,6,A002_Xd86f11_X584b,8.815,227.08515,228.91327,15625000.0,1843750000.0,4.369e+15,6.015,3.129,4.34,106,512,0.20858,2736.0,2661.1,"coarse (>5 MHz, continuum-mode -- weak technosignature constraint)",CO(2-1),-3374.729,0
GJ 849,6,A002_Xd86f11_X584b,8.815,229.07904,230.91937,488281.25,1840820312.5,8.305e+14,36.59,4.475,5.552,304,512,0.59454,2760.0,2661.1,fine (<1 MHz),CO(2-1),-668.431,0
gam Lep,6,A002_Xd28a9e_Xbcdf,8.905,224.91406,223.08594,15625000.0,1843750000.0,1.017e+14,0.1372,3.162,4.582,93,512,0.18324,2688.0,2649.0,"coarse (>5 MHz, continuum-mode -- weak technosignature constraint)",13CO(2-1),2718.187,0
gam Lep,6,A002_Xd28a9e_Xbcdf,8.905,226.91406,225.08594,15625000.0,1843750000.0,9.267e+13,0.125,3.1,4.254,135,512,0.26511,2712.0,2649.0,"coarse (>5 MHz, continuum-mode -- weak technosignature constraint)",13CO(2-1),4999.437,0
gam Lep,6,A002_Xd28a9e_Xbcdf,8.905,239.08594,240.91406,15625000.0,1843750000.0,1.016e+14,0.137,2.666,5.226,283,512,0.55361,2880.0,2649.0,"coarse (>5 MHz, continuum-mode -- weak technosignature constraint)",CS(5-4),-4928.187,0
gam Lep,6,A002_Xd28a9e_Xbcdf,8.905,241.08594,242.91406,15625000.0,1843750000.0,1.089e+14,0.1469,2.442,4.778,408,512,0.79727,2904.0,2649.0,"coarse (>5 MHz, continuum-mode -- weak technosignature constraint)",CS(5-4),-3037.562,0
gam Lep,7,A002_Xd248b5_X5186,8.905,337.36176,335.62739,15625000.0,1750000000.0,2.856e+14,0.3852,2.514,4.182,317,512,0.61988,4037.9,1173.3,"coarse (>5 MHz, continuum-mode -- weak technosignature constraint)",CO(3-2),-9059.237,0
gam Lep,7,A002_Xd248b5_X5186,8.905,339.29926,337.56489,15625000.0,1750000000.0,2.364e+14,0.3189,2.14,4.12,455,512,0.88889,4061.2,1173.3,"coarse (>5 MHz, continuum-mode -- weak technosignature constraint)",CO(3-2),-6527.987,0
gam Lep,7,A002_Xd248b5_X5186,8.905,347.62739,349.36176,15625000.0,1750000000.0,2.653e+14,0.3579,2.796,4.511,196,512,0.38402,4181.9,1173.3,"coarse (>5 MHz, continuum-mode -- weak technosignature constraint)",CO(3-2),2909.513,0
gam Lep,7,A002_Xd248b5_X5186,8.905,349.62739,351.36176,15625000.0,1750000000.0,3.143e+14,0.424,3.059,4.061,94,512,0.18519,4205.9,1173.3,"coarse (>5 MHz, continuum-mode -- weak technosignature constraint)",CO(3-2),5018.888,0
HD 285968,,A002_Xd98580_X3bf6,9.485,229.03724,230.87757,488281.25,1840820312.5,3.453e+14,13.14,6.189,10.854,51,512,0.10136,2759.5,2812.3,,,,0
HD 285968,6,A002_Xd98580_X3bf6,9.485,213.87462,212.04649,15625000.0,1843750000.0,1.926e+15,2.29,2.889,4.396,170,512,0.33333,2555.5,2812.3,"coarse (>5 MHz, continuum-mode -- weak technosignature constraint)",SiO(5-4),-4808.509,0
HD 285968,6,A002_Xd98580_X3bf6,9.485,215.87425,214.04612,15625000.0,1843750000.0,1.833e+15,2.179,3.585,4.196,15,512,0.031189,2579.5,2812.3,"coarse (>5 MHz, continuum-mode -- weak technosignature constraint)",SiO(5-4),-2621.379,0
HD 285968,6,A002_Xd98580_X3bf6,9.485,227.04371,228.87183,15625000.0,1843750000.0,1.968e+15,2.34,2.896,4.208,168,512,0.32943,2735.5,2812.3,"coarse (>5 MHz, continuum-mode -- weak technosignature constraint)",CO(2-1),-2134.916,0
HD 285968,6,A002_Xd98580_X3bf6,9.485,229.03724,230.87757,488281.25,1840820312.5,3.454e+14,13.14,6.189,10.854,51,512,0.10136,2759.5,2812.3,fine (<1 MHz),CO(2-1),-35.921,0
AU Mic,3,A002_X1237e23_Xdb0,9.714,101.83178,100.00366,15625000.0,1843750000.0,1.717e+14,0.1946,2.676,4.477,175,512,0.34308,1211.0,3265.9,"coarse (>5 MHz, continuum-mode -- weak technosignature constraint)",CN(1-0),-11690.468,0
AU Mic,3,A002_X1237e23_Xdb0,9.714,103.78978,101.96166,15625000.0,1843750000.0,1.778e+14,0.2016,2.036,4.361,477,512,0.93177,1234.5,3265.9,"coarse (>5 MHz, continuum-mode -- weak technosignature constraint)",CN(1-0),-10904.343,0
AU Mic,3,A002_X1237e23_Xdb0,9.714,112.00366,113.83178,15625000.0,1843750000.0,2.047e+14,0.2321,3.394,4.516,38,512,0.076023,1355.0,3265.9,"coarse (>5 MHz, continuum-mode -- weak technosignature constraint)",CN(1-0),215.782,0
AU Mic,3,A002_X1237e23_Xdb0,9.714,114.01293,115.73851,976562.5,1726562500.0,1.548e+14,2.809,4.384,5.546,89,512,0.17544,1378.5,2419.2,fine (<1 MHz),CO(1-0),-474.87,0
AU Mic,3,A002_X12925a3_Xa4b1,9.714,103.74086,101.91273,15625000.0,1843750000.0,8.509e+13,0.09646,2.065,4.15,471,512,0.92008,1233.9,3392.9,"coarse (>5 MHz, continuum-mode -- weak technosignature constraint)",CN(1-0),-10812.645,0
AU Mic,3,A002_X12925a3_Xa4b1,9.714,101.84536,100.01723,15625000.0,1843750000.0,8.9e+13,0.1009,2.196,4.558,434,512,0.84795,1211.2,3392.9,"coarse (>5 MHz, continuum-mode -- weak technosignature constraint)",CN(1-0),-11880.02,0
AU Mic,3,A002_X12925a3_Xa4b1,9.714,112.01723,113.84536,15625000.0,1843750000.0,1.153e+14,0.1307,2.75,4.463,183,512,0.35867,1355.2,3392.9,"coarse (>5 MHz, continuum-mode -- weak technosignature constraint)",CN(1-0),291.855,0
AU Mic,3,A002_X12925a3_Xa4b1,9.714,114.0265,115.75209,976562.5,1726562500.0,5.82e+13,1.056,4.274,5.614,212,512,0.4152,1378.7,2884.9,fine (<1 MHz),CO(1-0),-675.164,0
AU Mic,6,A002_X899169_X1838,9.714,229.67582,231.40091,488281.25,1725585937.5,5.257e+13,1.907,5.221,5.846,10,512,0.021442,2766.5,1506.0,fine (<1 MHz),CO(2-1),287.23,0
AU Mic,6,A002_X899169_X1838,9.714,227.62512,229.35949,15625000.0,1750000000.0,2.639e+14,0.2991,3.167,4.567,87,512,0.17154,2741.9,1506.0,"coarse (>5 MHz, continuum-mode -- weak technosignature constraint)",CO(2-1),-2881.632,0
AU Mic,6,A002_X899169_X1838,9.714,214.36,212.62562,15625000.0,1750000000.0,2.783e+14,0.3155,3.312,4.707,40,512,0.079922,2561.9,1506.0,"coarse (>5 MHz, continuum-mode -- weak technosignature constraint)",SiO(5-4),-4041.876,0
AU Mic,6,A002_X899169_X1838,9.714,216.85991,215.12554,15625000.0,1750000000.0,2.952e+14,0.3347,2.724,4.91,227,512,0.44444,2591.9,1506.0,"coarse (>5 MHz, continuum-mode -- weak technosignature constraint)",SiO(5-4),-791.961,0
V AT Mic B,7,A002_Xcd97a1_X3f1e,9.807,347.06669,348.80106,15625000.0,1750000000.0,3.432e+14,0.3809,2.668,4.382,225,512,0.44055,4175.2,1258.0,"coarse (>5 MHz, continuum-mode -- weak technosignature constraint)",CO(3-2),2848.812,0
V AT Mic B,7,A002_Xcd97a1_X3f1e,9.807,336.80106,335.06669,15625000.0,1750000000.0,2.883e+14,0.32,2.013,4.551,487,512,0.95127,4031.2,1258.0,"coarse (>5 MHz, continuum-mode -- weak technosignature constraint)",CO(3-2),-10526.188,0
V AT Mic B,7,A002_Xcd97a1_X3f1e,9.807,334.90556,333.17119,15625000.0,1750000000.0,3.305e+14,0.3669,2.761,4.823,206,512,0.40351,4008.5,1258.0,"coarse (>5 MHz, continuum-mode -- weak technosignature constraint)",CO(3-2),-12156.063,0
V AT Mic B,7,A002_Xcd97a1_X3f1e,9.807,345.17583,346.90092,488281.25,1725585937.5,5.598e+13,1.988,3.895,5.572,498,512,0.97271,4152.5,877.0,fine (<1 MHz),CO(3-2),726.505,0
NAME AT Mic AB  Gaia DR3 6792436799475128960,7,A002_Xcd97a1_X3f1e,9.921,347.06669,348.80106,15625000.0,1750000000.0,3.56e+14,0.3799,3.204,4.767,66,512,0.1306,4175.2,1258.0,"coarse (>5 MHz, continuum-mode -- weak technosignature constraint)",CO(3-2),1817.562,0
NAME AT Mic AB  Gaia DR3 6792436799475128960,7,A002_Xcd97a1_X3f1e,9.921,336.80106,335.06669,15625000.0,1750000000.0,2.997e+14,0.3202,2.624,4.03,266,512,0.52047,4031.2,1258.0,"coarse (>5 MHz, continuum-mode -- weak technosignature constraint)",CO(3-2),-9494.938,0
NAME AT Mic AB  Gaia DR3 6792436799475128960,7,A002_Xcd97a1_X3f1e,9.921,334.90556,333.17119,15625000.0,1750000000.0,3.443e+14,0.3679,2.486,4.66,336,512,0.65692,4008.5,1258.0,"coarse (>5 MHz, continuum-mode -- weak technosignature constraint)",CO(3-2),-11124.813,0
NAME AT Mic AB  Gaia DR3 6792436799475128960,7,A002_Xcd97a1_X3f1e,9.921,345.17583,346.90092,488281.25,1725585937.5,5.822e+13,1.988,4.712,5.554,78,512,0.154,4152.5,877.0,fine (<1 MHz),CO(3-2),340.275,0
gam Vir,6,A002_Xd95042_X2d99,12.02,224.91406,223.08594,15625000.0,1843750000.0,2.49e+14,0.1843,3.462,4.572,23,512,0.046784,2688.0,2183.3,"coarse (>5 MHz, continuum-mode -- weak technosignature constraint)",13CO(2-1),4030.687,0
gam Vir,6,A002_Xd95042_X2d99,12.02,226.91406,225.08594,15625000.0,1843750000.0,2.24e+14,0.1658,3.948,4.046,2,512,0.005848,2712.0,2183.3,"coarse (>5 MHz, continuum-mode -- weak technosignature constraint)",CO(2-1),-3889.563,0
gam Vir,6,A002_Xd95042_X2d99,12.02,239.08594,240.91406,15625000.0,1843750000.0,2.494e+14,0.1846,2.24,4.256,425,512,0.83041,2880.0,2183.3,"coarse (>5 MHz, continuum-mode -- weak technosignature constraint)",CS(5-4),-4943.812,0
gam Vir,6,A002_Xd95042_X2d99,12.02,241.08594,242.91406,15625000.0,1843750000.0,2.594e+14,0.1919,2.868,4.074,146,512,0.28655,2904.0,2183.3,"coarse (>5 MHz, continuum-mode -- weak technosignature constraint)",CS(5-4),-3350.062,0
gam Vir,7,A002_Xd6ebab_X41a3,12.02,337.40864,335.58051,15625000.0,1843750000.0,4.431e+14,0.3277,2.226,5.507,470,512,0.91813,4037.9,1880.9,"coarse (>5 MHz, continuum-mode -- weak technosignature constraint)",CO(3-2),-9059.237,0
gam Vir,7,A002_Xd6ebab_X41a3,12.02,339.34614,337.51801,15625000.0,1843750000.0,3.864e+14,0.2857,3.029,4.467,139,512,0.2729,4061.2,1880.9,"coarse (>5 MHz, continuum-mode -- weak technosignature constraint)",CO(3-2),-7277.987,0
gam Vir,7,A002_Xd6ebab_X41a3,12.02,347.58051,349.40864,15625000.0,1843750000.0,4.182e+14,0.3092,2.996,4.287,133,512,0.26121,4181.9,1880.9,"coarse (>5 MHz, continuum-mode -- weak technosignature constraint)",CO(3-2),2534.513,0
gam Vir,7,A002_Xd6ebab_X41a3,12.02,349.58051,351.40864,15625000.0,1843750000.0,4.728e+14,0.3496,2.597,4.378,319,512,0.62378,4205.9,1880.9,"coarse (>5 MHz, continuum-mode -- weak technosignature constraint)",CO(3-2),4862.638,0
HR 1010  Gaia DR3 4722135642226902656,,A002_Xc66ce1_Xaa9,12.039,231.45194,229.61112,976562.5,1841796875.0,6.061e+14,7.158,5.099,5.656,10,512,0.021442,2766.4,3265.9,,,,0
HR 1010  Gaia DR3 4722135642226902656,6,A002_Xc66ce1_Xaa9,12.039,231.45194,229.61112,976562.5,1841796875.0,6.495e+14,7.67,4.95,5.666,29,512,0.05848,2766.4,2842.6,fine (<1 MHz),CO(2-1),243.041,0
HR 1010  Gaia DR3 4722135642226902656,6,A002_Xc66ce1_Xaa9,12.039,233.35304,231.61866,15625000.0,1750000000.0,1.745e+15,1.288,3.203,3.927,78,512,0.154,2789.8,2842.6,"coarse (>5 MHz, continuum-mode -- weak technosignature constraint)",CO(2-1),1846.288,0
HR 1010  Gaia DR3 4722135642226902656,6,A002_Xc66ce1_Xaa9,12.039,244.61787,246.35224,15625000.0,1750000000.0,1.866e+15,1.377,2.421,4.665,454,512,0.88694,2945.8,2842.6,"coarse (>5 MHz, continuum-mode -- weak technosignature constraint)",CS(5-4),-83.757,0
HR 1010  Gaia DR3 4722135642226902656,6,A002_Xc66ce1_Xaa9,12.039,246.61775,248.35212,15625000.0,1750000000.0,2.205e+15,1.628,2.4,4.552,441,512,0.8616,2969.8,2842.6,"coarse (>5 MHz, continuum-mode -- weak technosignature constraint)",CS(5-4),2009.871,0
HR 1010  Gaia DR3 4722135642226902656,7,A002_Xc6141c_X3af0,12.039,345.31659,346.237,488281.25,920898437.5,1.27e+15,29.65,4.728,5.737,171,512,0.33528,4149.3,1360.8,fine (<1 MHz),CO(3-2),-477.942,0
HR 1010  Gaia DR3 4722135642226902656,7,A002_Xc6141c_X3af0,12.039,347.04535,348.87347,15625000.0,1843750000.0,6.338e+15,4.622,3.059,4.487,189,512,0.37037,4175.5,1360.8,"coarse (>5 MHz, continuum-mode -- weak technosignature constraint)",CO(3-2),1546.22,0
HR 1010  Gaia DR3 4722135642226902656,7,A002_Xc6141c_X3af0,12.039,334.91547,333.08735,15625000.0,1843750000.0,6.095e+15,4.449,3.179,4.814,99,512,0.19493,4008.0,1360.8,"coarse (>5 MHz, continuum-mode -- weak technosignature constraint)",CO(3-2),-11833.651,0
HR 1010  Gaia DR3 4722135642226902656,7,A002_Xc6141c_X3af0,12.039,336.87347,335.04535,15625000.0,1843750000.0,5.327e+15,3.888,3.308,4.354,69,512,0.13645,4031.5,1360.8,"coarse (>5 MHz, continuum-mode -- weak technosignature constraint)",CO(3-2),-10063.151,0
TRAPPIST-1,,A002_Xc9831a_X443,12.467,91.36176,89.62739,15625000.0,1750000000.0,1.53e+14,0.1053,1.769,4.134,503,512,0.98246,1085.9,3265.9,,,,0
TRAPPIST-1,3,A002_Xc9831a_X443,12.467,91.36176,89.62739,15625000.0,1750000000.0,1.567e+14,0.1079,2.748,4.608,219,512,0.42885,1207.2,3084.5,"coarse (>5 MHz, continuum-mode -- weak technosignature constraint)",HCO+(1-0),1141.513,0
TRAPPIST-1,3,A002_Xc9831a_X443,12.467,93.29926,91.56489,15625000.0,1750000000.0,1.554e+14,0.1069,2.891,4.262,160,512,0.31384,1233.0,3084.5,"coarse (>5 MHz, continuum-mode -- weak technosignature constraint)",HCO+(1-0),3375.888,0
TRAPPIST-1,3,A002_Xc9831a_X443,12.467,101.62739,103.36176,15625000.0,1750000000.0,1.566e+14,0.1078,2.092,4.455,483,512,0.94347,1367.3,3084.5,"coarse (>5 MHz, continuum-mode -- weak technosignature constraint)",CN(1-0),-11004.238,0
TRAPPIST-1,3,A002_Xc9831a_X443,12.467,103.62739,105.36176,15625000.0,1750000000.0,1.595e+14,0.1098,2.72,4.546,205,512,0.40156,1394.0,3084.5,"coarse (>5 MHz, continuum-mode -- weak technosignature constraint)",CN(1-0),-9066.738,0
TRAPPIST-1,6,A002_X12a8fc8_X10b8,12.467,224.92188,223.07813,31250000.0,1875000000.0,5.082e+15,1.749,3.111,4.135,65,512,0.12865,2988.2,3219.6,"coarse (>5 MHz, continuum-mode -- weak technosignature constraint)",13CO(2-1),4429.125,0
TRAPPIST-1,6,A002_X12a8fc8_X10b8,12.467,226.92188,225.07812,31250000.0,1875000000.0,4.721e+15,1.625,1.824,3.844,503,512,0.98246,3014.8,3219.6,"coarse (>5 MHz, continuum-mode -- weak technosignature constraint)",CO(2-1),-4334.875,0
TRAPPIST-1,6,A002_X12a8fc8_X10b8,12.467,239.07813,240.92188,31250000.0,1875000000.0,5.185e+15,1.785,2.479,4.037,299,512,0.5848,3201.6,3219.6,"coarse (>5 MHz, continuum-mode -- weak technosignature constraint)",CS(5-4),-5451.625,0
TRAPPIST-1,6,A002_X12a8fc8_X10b8,12.467,241.07812,242.92188,31250000.0,1875000000.0,5.492e+15,1.89,2.705,4.363,252,512,0.49318,3228.3,3219.6,"coarse (>5 MHz, continuum-mode -- weak technosignature constraint)",CS(5-4),-2482.875,0
TRAPPIST-1,7,A002_Xcccc19_X5564,12.467,347.62288,349.35725,15625000.0,1750000000.0,3.467e+14,0.2385,2.233,4.599,489,512,0.95517,4648.9,3798.1,"coarse (>5 MHz, continuum-mode -- weak technosignature constraint)",CO(3-2),3295.627,0
TRAPPIST-1,7,A002_Xcccc19_X5564,12.467,337.35725,335.62288,15625000.0,1750000000.0,2.857e+14,0.1966,2.427,4.651,446,512,0.87135,4488.8,3798.1,"coarse (>5 MHz, continuum-mode -- weak technosignature constraint)",CO(3-2),-8610.623,0
TRAPPIST-1,7,A002_Xcccc19_X5564,12.467,335.46175,333.72738,15625000.0,1750000000.0,3.306e+14,0.2275,3.565,4.286,32,512,0.064327,4463.5,3798.1,"coarse (>5 MHz, continuum-mode -- weak technosignature constraint)",CO(3-2),-10818.623,0
TRAPPIST-1,7,A002_Xcccc19_X5564,12.467,345.73202,347.45711,488281.25,1725585937.5,5.756e+13,1.267,4.267,5.72,488,512,0.95322,4623.6,2782.1,fine (<1 MHz),CO(3-2),420.879,0
HD 69830,6,A002_Xcbb583_Xb78,12.569,242.18803,243.92241,15625000.0,1750000000.0,2.326e+14,0.1575,2.244,4.125,447,512,0.87329,2916.7,2897.0,"coarse (>5 MHz, continuum-mode -- weak technosignature constraint)",CS(5-4),-1997.969,0
HD 69830,6,A002_Xcbb583_Xb78,12.569,244.18766,245.92204,15625000.0,1750000000.0,2.526e+14,0.1711,2.932,4.45,161,512,0.31579,2940.7,2897.0,"coarse (>5 MHz, continuum-mode -- weak technosignature constraint)",CS(5-4),-342.088,0
HD 69830,6,A002_Xcbb583_Xb78,12.569,228.02741,226.30231,488281.25,1725585937.5,4.044e+13,0.8762,4.416,6.057,277,512,0.54191,2726.0,2389.0,fine (<1 MHz),CO(2-1),-4068.212,0
HD 69830,6,A002_Xcbb583_Xb78,12.569,230.92016,229.19506,488281.25,1725585937.5,3.909e+13,0.847,4.527,5.655,241,512,0.47173,2760.7,2389.0,fine (<1 MHz),CO(2-1),-3.092,0
HD 69830,7,A002_X1207c39_X9417,12.569,321.27417,321.16651,244140.625,107910156.25,8.649e+13,3.748,4.42,5.687,217,512,0.42495,3854.6,2903.0,fine (<1 MHz),,,0
HD 69830,7,A002_X1207c39_X9417,12.569,332.58277,334.41089,15625000.0,1843750000.0,3.796e+14,0.257,2.191,4.529,494,512,0.96491,4002.0,5273.9,"coarse (>5 MHz, continuum-mode -- weak technosignature constraint)",CO(3-2),-12135.109,0
HD 69830,7,A002_X1207c39_X9417,12.569,321.27417,321.16651,244140.625,107910156.25,8.649e+13,3.748,4.42,5.687,217,512,0.42495,3854.6,2903.0,fine (<1 MHz),CO(3-2),-24570.656,0
HD 69830,7,A002_X1207c39_X9417,12.569,322.51367,322.406,244140.625,107910156.25,1.171e+14,5.077,4.399,5.741,248,512,0.48538,3869.5,2903.0,fine (<1 MHz),CO(3-2),-23367.539,0
HD 69830,7,A002_X1207c39_X9417,12.569,335.33609,335.44376,244140.625,107910156.25,5.895e+13,2.554,4.799,5.876,56,512,0.11111,4024.7,2903.0,fine (<1 MHz),CO(3-2),-10371.285,0
CD-38 10980,6,A002_Xe5808e_X80a1,12.908,224.91406,223.08594,15625000.0,1843750000.0,4.445e+14,0.2854,3.872,4.082,3,512,0.0077973,2688.0,616.9,"coarse (>5 MHz, continuum-mode -- weak technosignature constraint)",13CO(2-1),3327.562,0
CD-38 10980,6,A002_Xe5808e_X80a1,12.908,226.91406,225.08594,15625000.0,1843750000.0,4.135e+14,0.2655,1.887,4.464,496,512,0.96881,2712.0,616.9,"coarse (>5 MHz, continuum-mode -- weak technosignature constraint)",13CO(2-1),4874.437,0
CD-38 10980,6,A002_Xe5808e_X80a1,12.908,239.08594,240.91406,15625000.0,1843750000.0,4.538e+14,0.2913,2.676,4.145,179,512,0.35088,2880.0,616.9,"coarse (>5 MHz, continuum-mode -- weak technosignature constraint)",CS(5-4),-4787.562,0
CD-38 10980,6,A002_Xe5808e_X80a1,12.908,241.08594,242.91406,15625000.0,1843750000.0,4.861e+14,0.3121,2.614,4.541,217,512,0.42495,2904.0,616.9,"coarse (>5 MHz, continuum-mode -- weak technosignature constraint)",CS(5-4),-3006.312,0
LP  349-25,3,A002_Xb9a2bb_X1899,14.128,91.36176,89.62739,15625000.0,1750000000.0,2.574e+14,0.1378,2.458,4.331,287,512,0.5614,1085.9,2649.0,"coarse (>5 MHz, continuum-mode -- weak technosignature constraint)",HCO+(1-0),1891.513,0
LP  349-25,3,A002_Xb9a2bb_X1899,14.128,93.29926,91.56489,15625000.0,1750000000.0,2.664e+14,0.1427,2.346,4.28,327,512,0.63938,1109.2,2649.0,"coarse (>5 MHz, continuum-mode -- weak technosignature constraint)",HCO+(1-0),3391.513,0
LP  349-25,3,A002_Xb9a2bb_X1899,14.128,101.62739,103.36176,15625000.0,1750000000.0,2.61e+14,0.1397,2.349,4.96,331,512,0.64717,1229.9,2649.0,"coarse (>5 MHz, continuum-mode -- weak technosignature constraint)",CN(1-0),-11082.363,0
LP  349-25,3,A002_Xb9a2bb_X1899,14.128,103.62739,105.36176,15625000.0,1750000000.0,2.628e+14,0.1407,2.6,4.489,217,512,0.42495,1253.9,2649.0,"coarse (>5 MHz, continuum-mode -- weak technosignature constraint)",CN(1-0),-8488.613,0
GJ14  Gaia DR3 383426372059603712,6,A002_Xcf196f_Xabc5,14.688,242.24921,243.98359,15625000.0,1750000000.0,7.496e+14,0.3717,3.02,4.562,146,512,0.28655,2917.4,3320.4,"coarse (>5 MHz, continuum-mode -- weak technosignature constraint)",CS(5-4),-2139.911,0
GJ14  Gaia DR3 383426372059603712,6,A002_Xcf196f_Xabc5,14.688,244.24935,245.98372,15625000.0,1750000000.0,7.846e+14,0.3891,2.78,4.795,229,512,0.44834,2941.4,3320.4,"coarse (>5 MHz, continuum-mode -- weak technosignature constraint)",CS(5-4),-514.776,0
GJ14  Gaia DR3 383426372059603712,6,A002_Xcf196f_Xabc5,14.688,228.0869,226.3618,488281.25,1725585937.5,1.339e+14,2.126,4.258,5.66,419,512,0.81871,2726.7,2812.3,fine (<1 MHz),CO(2-1),-2904.717,0
GJ14  Gaia DR3 383426372059603712,6,A002_Xcf196f_Xabc5,14.688,230.97807,229.25298,488281.25,1725585937.5,1.207e+14,1.915,4.621,6.063,163,512,0.31969,2761.4,2812.3,fine (<1 MHz),CO(2-1),-1052.114,0
LHS 1140,6,A002_Xd9d7c7_X6fd2,14.964,213.91263,212.0845,15625000.0,1843750000.0,3.564e+15,1.703,2.78,3.968,207,512,0.40546,2556.0,2600.6,"coarse (>5 MHz, continuum-mode -- weak technosignature constraint)",SiO(5-4),-4958.0,0
LHS 1140,6,A002_Xd9d7c7_X6fd2,14.964,215.91261,214.08449,15625000.0,1843750000.0,3.347e+15,1.599,2.709,4.556,304,512,0.59454,2580.0,2600.6,"coarse (>5 MHz, continuum-mode -- weak technosignature constraint)",SiO(5-4),-1567.388,0
LHS 1140,6,A002_Xd9d7c7_X6fd2,14.964,227.08444,228.91256,15625000.0,1843750000.0,3.312e+15,1.582,2.546,4.338,334,512,0.65302,2736.0,2590.6,"coarse (>5 MHz, continuum-mode -- weak technosignature constraint)",CO(2-1),-1844.186,0
LHS 1140,6,A002_Xd9d7c7_X6fd2,14.964,229.07834,230.91867,488281.25,1840820312.5,6.237e+14,9.535,5.051,5.812,23,512,0.046784,2760.0,2600.6,fine (<1 MHz),CO(2-1),97.464,0
HD 38858  Gaia DR3 3023711269067191296,,A002_Xc20718_X2fcf,15.21,231.44965,229.60932,488281.25,1840820312.5,9.183e+14,13.59,4.345,6.181,414,512,0.80897,2766.4,2782.1,,,,0
HD 38858  Gaia DR3 3023711269067191296,6,A002_Xb0be8b_X785f,15.21,244.08538,245.81975,15625000.0,1750000000.0,3.564e+15,1.648,2.192,4.721,396,512,0.77388,2939.4,20.7,"coarse (>5 MHz, continuum-mode -- weak technosignature constraint)",CS(5-4),-241.248,0
HD 38858  Gaia DR3 3023711269067191296,6,A002_Xb0be8b_X785f,15.21,246.08499,247.81936,15625000.0,1750000000.0,3.971e+15,1.836,2.244,3.962,382,512,0.74659,2963.4,20.7,"coarse (>5 MHz, continuum-mode -- weak technosignature constraint)",CS(5-4),1930.24,0
HD 38858  Gaia DR3 3023711269067191296,6,A002_Xb0be8b_X785f,15.21,233.32217,231.5878,15625000.0,1750000000.0,3.175e+15,1.468,1.799,4.254,500,512,0.97661,2789.5,20.7,"coarse (>5 MHz, continuum-mode -- weak technosignature constraint)",CO(2-1),2034.172,0
HD 38858  Gaia DR3 3023711269067191296,6,A002_Xb0be8b_X785f,15.21,231.3624,229.6373,488281.25,1725585937.5,6.963e+14,10.3,3.868,5.087,154,512,0.30214,2766.0,90.7,fine (<1 MHz),CO(2-1),-846.502,0
HD 207129  Gaia DR3 6564091190988411520,,A002_Xc19d6f_X19ce,15.559,231.48178,229.64145,488281.25,1840820312.5,7.618e+14,10.77,4.065,5.987,507,512,0.99025,2766.7,2872.8,,,,0
HD 207129  Gaia DR3 6564091190988411520,6,A002_Xc19d6f_X19ce,15.559,244.14876,245.88313,15625000.0,1750000000.0,4.032e+15,1.782,3.317,4.276,79,512,0.15595,2940.2,2872.8,"coarse (>5 MHz, continuum-mode -- weak technosignature constraint)",CS(5-4),275.258,0
HD 207129  Gaia DR3 6564091190988411520,6,A002_Xc19d6f_X19ce,15.559,246.14889,247.88326,15625000.0,1750000000.0,5.057e+15,2.235,3.529,4.216,21,512,0.042885,2964.2,2872.8,"coarse (>5 MHz, continuum-mode -- weak technosignature constraint)",CS(5-4),2259.763,0
HD 207129  Gaia DR3 6564091190988411520,6,A002_Xc19d6f_X19ce,15.559,231.48178,229.64145,488281.25,1840820312.5,7.618e+14,10.77,4.065,5.987,507,512,0.99025,2766.7,2872.8,fine (<1 MHz),CO(2-1),740.167,0
HD 207129  Gaia DR3 6564091190988411520,6,A002_Xc19d6f_X19ce,15.559,233.38232,231.64794,15625000.0,1750000000.0,3.888e+15,1.718,2.828,4.691,240,512,0.46979,2790.2,2872.8,"coarse (>5 MHz, continuum-mode -- weak technosignature constraint)",CO(2-1),1891.194,0
HD 23484  Gaia DR3 4856592239127350400,6,A002_X10b0d7d_X323f,16.17,229.60986,231.45068,976562.5,1841796875.0,1.698e+15,11.12,4.197,5.612,325,512,0.63548,2766.4,2751.8,fine (<1 MHz),,,0
HD 23484  Gaia DR3 4856592239127350400,6,A002_X10b0d7d_X323f,16.17,216.40234,214.57421,15625000.0,1843750000.0,5.122e+15,2.096,2.318,4.559,433,512,0.846,2585.9,2751.8,"coarse (>5 MHz, continuum-mode -- weak technosignature constraint)",SiO(5-4),-2468.286,0
HD 23484  Gaia DR3 4856592239127350400,6,A002_X10b0d7d_X323f,16.17,218.40234,216.57421,15625000.0,1843750000.0,5.023e+15,2.055,2.513,4.588,395,512,0.77193,2609.9,2751.8,"coarse (>5 MHz, continuum-mode -- weak technosignature constraint)",H2CO,55.339,0
HD 23484  Gaia DR3 4856592239127350400,6,A002_X10b0d7d_X323f,16.17,229.60986,231.45068,976562.5,1841796875.0,1.698e+15,11.12,4.197,5.612,325,512,0.63548,2766.4,2751.8,fine (<1 MHz),CO(2-1),-438.879,0
HD 23484  Gaia DR3 4856592239127350400,6,A002_X10b0d7d_X323f,16.17,231.57421,233.40234,15625000.0,1843750000.0,5.357e+15,2.192,2.154,4.789,485,512,0.94737,2789.9,2751.8,"coarse (>5 MHz, continuum-mode -- weak technosignature constraint)",CO(2-1),2786.211,0
HD 10647,6,A002_Xb39557_X3789,17.349,244.12221,245.85658,15625000.0,1750000000.0,1.851e+15,0.6577,2.216,4.539,410,512,0.80117,2939.9,520.1,"coarse (>5 MHz, continuum-mode -- weak technosignature constraint)",CS(5-4),186.209,0
HD 10647,6,A002_Xb39557_X3789,17.349,246.12212,247.8565,15625000.0,1750000000.0,1.976e+15,0.7022,2.402,4.63,299,512,0.5848,2963.9,520.1,"coarse (>5 MHz, continuum-mode -- weak technosignature constraint)",CS(5-4),2717.372,0
HD 10647,6,A002_Xb39557_X3789,17.349,231.4498,229.62168,15625000.0,1843750000.0,2.835e+12,0.001007,2.702,4.619,198,512,0.38791,2766.4,12.1,"coarse (>5 MHz, continuum-mode -- weak technosignature constraint)",CO(2-1),458.679,0
HD 10647,6,A002_Xb39557_X3789,17.349,231.39829,229.67319,488281.25,1725585937.5,3.611e+14,4.107,4.317,5.254,97,512,0.19103,2766.4,393.1,fine (<1 MHz),CO(2-1),357.36,0
HD 10647,7,A002_Xcf0c6b_X6513,17.349,346.81592,348.5503,15625000.0,1750000000.0,8.917e+14,0.3169,2.446,4.513,407,512,0.79532,4172.2,3278.0,"coarse (>5 MHz, continuum-mode -- weak technosignature constraint)",CO(3-2),1441.795,0
HD 10647,7,A002_Xcf0c6b_X6513,17.349,336.5503,334.81592,15625000.0,1750000000.0,7.658e+14,0.2722,3.089,4.181,127,512,0.24951,4028.2,3278.0,"coarse (>5 MHz, continuum-mode -- weak technosignature constraint)",CO(3-2),-9276.955,0
HD 10647,7,A002_Xcf0c6b_X6513,17.349,334.6548,332.92042,15625000.0,1750000000.0,8.773e+14,0.3118,1.756,4.418,511,512,0.99805,4005.5,3278.0,"coarse (>5 MHz, continuum-mode -- weak technosignature constraint)",CO(3-2),-11313.08,0
HD 10647,7,A002_Xcf0c6b_X6513,17.349,344.92506,346.65016,488281.25,1725585937.5,1.489e+14,1.694,4.342,5.976,421,512,0.82261,4149.5,2389.0,fine (<1 MHz),CO(3-2),96.832,0
HD 10647,7,A002_Xff294f_X2db6,17.349,332.19107,330.35074,488281.25,1840820312.5,1.973e+15,22.45,5.394,5.929,8,512,0.017544,3975.3,2630.9,fine (<1 MHz),,,0
g Lup,6,A002_Xb2e94e_X361a,17.399,244.14172,245.8761,15625000.0,1750000000.0,1.262e+15,0.4459,2.479,4.357,266,512,0.52047,2940.1,520.1,"coarse (>5 MHz, continuum-mode -- weak technosignature constraint)",CS(5-4),611.972,0
g Lup,6,A002_Xb2e94e_X361a,17.399,246.14179,247.87617,15625000.0,1750000000.0,1.43e+15,0.5052,2.451,4.224,274,512,0.53606,2964.1,520.1,"coarse (>5 MHz, continuum-mode -- weak technosignature constraint)",CS(5-4),1658.919,0
g Lup,6,A002_Xb2e94e_X361a,17.399,231.46882,229.64069,15625000.0,1843750000.0,2.79e+12,0.000986,2.27,4.494,356,512,0.69591,2766.7,12.1,"coarse (>5 MHz, continuum-mode -- weak technosignature constraint)",CO(2-1),-366.055,0
g Lup,6,A002_Xb2e94e_X361a,17.399,231.41731,229.69221,488281.25,1725585937.5,2.548e+14,2.881,4.118,5.561,192,512,0.37622,2766.7,393.1,fine (<1 MHz),CO(2-1),-478.604,0
eta Crv,7,A002_X11e10bc_X12662,18.244,344.20768,342.48258,488281.25,1725585937.5,1.472e+14,1.514,4.89,5.563,114,512,0.22417,4120.1,2842.6,fine (<1 MHz),CO(3-2),-2456.484,0
eta Crv,7,A002_X11e10bc_X12662,18.244,345.82205,345.76816,61035.15625,53955078.125,4.363e+13,3.59,4.828,6.14,223,512,0.43665,4149.5,2842.6,fine (<1 MHz),CO(3-2),15.004,0
eta Crv,7,A002_X11e10bc_X12662,18.244,354.31558,356.04068,488281.25,1725585937.5,1.6e+14,1.646,4.531,5.836,340,512,0.66472,4262.1,2842.6,fine (<1 MHz),CO(3-2),9699.758,0
eta Crv,7,A002_X11e10bc_X12662,18.244,356.19058,357.91568,488281.25,1725585937.5,1.802e+14,1.853,4.236,5.843,499,512,0.97466,4284.6,2842.6,fine (<1 MHz),CO(3-2),11158.742,0
eta Crv,8,A002_X12277ed_X22e53,18.244,481.1675,479.33938,15625000.0,1843750000.0,6.08e+16,19.54,2.782,4.579,281,512,0.54971,5763.0,3072.4,"coarse (>5 MHz, continuum-mode -- weak technosignature constraint)",CO(4-3),19189.003,0
eta Crv,8,A002_X12277ed_X22e53,18.244,483.063,481.23488,15625000.0,1843750000.0,6.125e+16,19.69,2.781,4.287,282,512,0.55166,5785.8,3072.4,"coarse (>5 MHz, continuum-mode -- weak technosignature constraint)",CO(4-3),21787.628,0
eta Crv,8,A002_X12277ed_X22e53,18.244,493.29738,495.1255,15625000.0,1843750000.0,7.101e+16,22.83,2.48,4.714,420,512,0.82066,5930.5,3072.4,"coarse (>5 MHz, continuum-mode -- weak technosignature constraint)",CO(4-3),33537.628,0
eta Crv,8,A002_X12277ed_X22e53,18.244,492.18596,492.23985,61035.15625,53955078.125,3.164e+15,260.3,4.829,5.926,234,512,0.45809,5906.6,2056.3,fine (<1 MHz),CO(4-3),31159.607,0
HD53143  Gaia DR3 5479222240596469632,,A002_X10a341d_X82d2,18.34,229.60123,231.44205,976562.5,1841796875.0,2.843e+15,14.47,4.198,5.534,295,512,0.577,2766.3,2509.9,,,,0
HD53143  Gaia DR3 5479222240596469632,6,A002_X10a341d_X82d2,18.34,216.3937,214.56558,15625000.0,1843750000.0,8.448e+15,2.687,3.098,3.941,81,512,0.15984,2585.8,2509.9,"coarse (>5 MHz, continuum-mode -- weak technosignature constraint)",SiO(5-4),-1086.297,0
HD53143  Gaia DR3 5479222240596469632,6,A002_X10a341d_X82d2,18.34,218.3937,216.56558,15625000.0,1843750000.0,8.488e+15,2.7,2.793,4.621,255,512,0.49903,2609.8,2509.9,"coarse (>5 MHz, continuum-mode -- weak technosignature constraint)",H2CO,-359.547,0
HD53143  Gaia DR3 5479222240596469632,6,A002_X10a341d_X82d2,18.34,229.60123,231.44205,976562.5,1841796875.0,2.843e+15,14.47,4.198,5.534,295,512,0.577,2766.3,2509.9,fine (<1 MHz),CO(2-1),-857.672,0
HD53143  Gaia DR3 5479222240596469632,6,A002_X10a341d_X82d2,18.34,231.56557,233.3937,15625000.0,1843750000.0,8.972e+15,2.854,3.059,4.654,119,512,0.23392,2789.8,2509.9,"coarse (>5 MHz, continuum-mode -- weak technosignature constraint)",CO(2-1),2152.574,0
Wolf  219,6,A002_Xb25e1a_Xed74,18.883,216.93353,215.19916,15625000.0,1750000000.0,4.355e+15,1.299,2.004,4.173,453,512,0.88499,2592.8,60.5,"coarse (>5 MHz, continuum-mode -- weak technosignature constraint)",SiO(5-4),-483.967,0
Wolf  219,6,A002_Xb25e1a_Xed74,18.883,218.82695,217.09257,15625000.0,1750000000.0,4.336e+15,1.294,2.216,4.446,373,512,0.72904,2615.5,60.5,"coarse (>5 MHz, continuum-mode -- weak technosignature constraint)",H2CO,589.323,0
Wolf  219,6,A002_Xb25e1a_Xed74,18.883,231.59257,233.32695,15625000.0,1750000000.0,4.534e+15,1.352,2.068,4.093,442,512,0.86355,2789.5,60.5,"coarse (>5 MHz, continuum-mode -- weak technosignature constraint)",CO(2-1),2195.198,0
Wolf  219,6,A002_Xb25e1a_Xed74,18.883,229.26421,230.98931,488281.25,1725585937.5,8.426e+14,8.04,3.903,5.762,157,512,0.30799,2761.5,60.5,fine (<1 MHz),CO(2-1),224.259,0
bet Pic,3,A002_Xf5d76d_X32f1,19.635,114.82925,115.6918,244140.625,862792968.75,2.081e+14,3.696,14.654,7.266,0,512,0.0019493,1383.1,1209.6,fine (<1 MHz),,,1
bet Pic,3,A002_Xf5d76d_X32f1,19.635,101.92542,100.09729,15625000.0,1843750000.0,8.043e+14,0.2232,2.785,4.359,150,512,0.29435,1212.1,1463.6,"coarse (>5 MHz, continuum-mode -- weak technosignature constraint)",HCO+(1-0),11173.916,0
bet Pic,3,A002_Xf5d76d_X32f1,19.635,103.82092,101.99279,15625000.0,1843750000.0,7.939e+14,0.2203,2.355,4.108,333,512,0.65107,1234.9,1463.6,"coarse (>5 MHz, continuum-mode -- weak technosignature constraint)",CN(1-0),-10716.959,0
bet Pic,3,A002_Xf5d76d_X32f1,19.635,112.59729,114.42542,15625000.0,1843750000.0,1.162e+15,0.3225,2.346,4.869,335,512,0.65497,1362.1,1463.6,"coarse (>5 MHz, continuum-mode -- weak technosignature constraint)",CN(1-0),-721.834,0
bet Pic,3,A002_Xf5d76d_X32f1,19.635,114.82925,115.6918,244140.625,862792968.75,2.081e+14,3.696,14.654,7.266,0,512,0.0019493,1383.1,1209.6,fine (<1 MHz),CO(1-0),-10.356,1
bet Pic,6,A002_X6f1341_X1484,19.635,230.0838,231.00396,244140.625,920410156.25,2.013e+15,35.75,10.165,15.174,8,512,0.017544,2766.5,1824.5,fine (<1 MHz),,,0
bet Pic,6,A002_X6f1341_X1484,19.635,230.0838,231.00396,244140.625,920410156.25,2.013e+15,35.75,10.165,15.174,8,512,0.017544,2766.5,1824.5,fine (<1 MHz),CO(2-1),-9.866,0
bet Pic,6,A002_X6f1341_X1484,19.635,231.67674,233.41112,15625000.0,1750000000.0,1.59e+16,4.411,2.55,4.375,317,512,0.61988,2790.5,1844.6,"coarse (>5 MHz, continuum-mode -- weak technosignature constraint)",CO(2-1),2232.495,0
bet Pic,6,A002_X6f1341_X1484,19.635,219.34922,217.64609,15625000.0,1718750000.0,1.531e+16,4.247,2.35,4.495,383,512,0.74854,2622.0,1824.5,"coarse (>5 MHz, continuum-mode -- weak technosignature constraint)",H2CO,-138.409,0
bet Pic,6,A002_X6f1341_X1484,19.635,217.40607,215.68098,488281.25,1725585937.5,2.769e+15,24.59,4.578,5.857,138,512,0.27096,2598.5,1834.6,fine (<1 MHz),SiO(5-4),-948.927,0
bet Pic,6,A002_Xd9668b_X3a90,19.635,243.0493,244.87743,15625000.0,1843750000.0,7.409e+14,0.2056,2.361,4.467,403,512,0.78752,2927.6,2709.5,"coarse (>5 MHz, continuum-mode -- weak technosignature constraint)",CS(5-4),-339.824,0
bet Pic,6,A002_Xd9668b_X3a90,19.635,226.34721,226.23942,122070.3125,107910156.25,5.904e+13,2.097,4.394,6.117,284,512,0.55556,2715.5,2328.5,fine (<1 MHz),CO(2-1),-4249.144,0
bet Pic,6,A002_Xd9668b_X3a90,19.635,225.73048,225.62269,122070.3125,107910156.25,6.001e+13,2.132,4.817,5.856,54,512,0.10721,2708.1,2328.5,fine (<1 MHz),CO(2-1),-4810.576,0
bet Pic,6,A002_Xd9668b_X3a90,19.635,226.90742,226.79963,122070.3125,107910156.25,5.871e+13,2.085,4.456,5.751,230,512,0.45029,2722.2,2328.5,fine (<1 MHz),CO(2-1),-3734.343,0
bet Pic,6,A002_Xd9668b_X3a90,19.635,226.69221,226.58442,122070.3125,107910156.25,5.923e+13,2.104,4.523,5.675,180,512,0.35283,2719.7,2328.5,fine (<1 MHz),CO(2-1),-3884.123,0
bet Pic,6,A002_Xd9668b_X3a90,19.635,230.54332,230.48941,15258.7890625,53924560.546875,2.344e+13,6.66,11.681,9.117,0,512,0.0019493,2766.2,2328.5,fine (<1 MHz),CO(2-1),-21.872,1
bet Pic,6,A002_Xd9668b_X3a90,19.635,241.55312,241.98439,122070.3125,431396484.375,6.17e+13,2.192,5.42,5.812,15,512,0.031189,2901.2,2328.5,fine (<1 MHz),CS(5-4),-3184.764,0
eta Cru,6,A002_Xbe7502_X2047,19.688,224.86719,223.13281,15625000.0,1750000000.0,1.146e+15,0.3163,3.057,4.457,108,512,0.21248,2688.0,1814.4,"coarse (>5 MHz, continuum-mode -- weak technosignature constraint)",13CO(2-1),3140.062,0
eta Cru,6,A002_Xbe7502_X2047,19.688,226.86719,225.13281,15625000.0,1750000000.0,1.109e+15,0.3061,2.589,4.007,254,512,0.49708,2712.0,1814.4,"coarse (>5 MHz, continuum-mode -- weak technosignature constraint)",CO(2-1),-4155.188,0
eta Cru,6,A002_Xbe7502_X2047,19.688,239.13281,240.86719,15625000.0,1750000000.0,1.211e+15,0.3341,3.039,4.282,110,512,0.21637,2880.0,1814.4,"coarse (>5 MHz, continuum-mode -- weak technosignature constraint)",CS(5-4),-5568.812,0
eta Cru,6,A002_Xbe7502_X2047,19.688,241.13281,242.86719,15625000.0,1750000000.0,1.289e+15,0.3558,2.25,4.309,427,512,0.83431,2904.0,1814.4,"coarse (>5 MHz, continuum-mode -- weak technosignature constraint)",CS(5-4),-2490.687,0
PM J034331958,6,A002_Xb25e1a_Xed74,20.757,216.93353,215.19916,15625000.0,1750000000.0,5.212e+15,1.294,1.706,4.662,507,512,0.99025,2592.8,60.5,"coarse (>5 MHz, continuum-mode -- weak technosignature constraint)",SiO(5-4),-577.717,0
PM J034331958,6,A002_Xb25e1a_Xed74,20.757,218.82695,217.09257,15625000.0,1750000000.0,5.192e+15,1.289,2.968,4.463,84,512,0.16569,2615.5,60.5,"coarse (>5 MHz, continuum-mode -- weak technosignature constraint)",H2CO,89.323,0
PM J034331958,6,A002_Xb25e1a_Xed74,20.757,231.59257,233.32695,15625000.0,1750000000.0,5.406e+15,1.342,2.525,4.49,249,512,0.48733,2789.5,60.5,"coarse (>5 MHz, continuum-mode -- weak technosignature constraint)",CO(2-1),1617.073,0
PM J034331958,6,A002_Xb25e1a_Xed74,20.757,229.26421,230.98931,488281.25,1725585937.5,1.006e+15,7.993,3.331,4.894,485,512,0.94737,2761.5,60.5,fine (<1 MHz),CO(2-1),-727.889,0
V star TX PsA,7,A002_Xcd2acd_X6125,20.835,347.05881,348.79318,15625000.0,1750000000.0,1.656e+15,0.4075,3.117,4.745,111,512,0.21832,4175.1,1385.0,"coarse (>5 MHz, continuum-mode -- weak technosignature constraint)",CO(3-2),2309.684,0
V star TX PsA,7,A002_Xcd2acd_X6125,20.835,336.79318,335.05881,15625000.0,1750000000.0,1.407e+15,0.3464,3.371,4.278,31,512,0.062378,4031.1,1385.0,"coarse (>5 MHz, continuum-mode -- weak technosignature constraint)",CO(3-2),-9268.441,0
V star TX PsA,7,A002_Xcd2acd_X6125,20.835,334.89768,333.16331,15625000.0,1750000000.0,1.612e+15,0.3969,3.04,4.808,113,512,0.22222,4008.4,1385.0,"coarse (>5 MHz, continuum-mode -- weak technosignature constraint)",CO(3-2),-12179.566,0
V star TX PsA,7,A002_Xcd2acd_X6125,20.835,345.16795,346.89305,488281.25,1725585937.5,2.746e+14,2.163,4.665,5.945,137,512,0.26901,4152.4,877.0,fine (<1 MHz),CO(3-2),-421.998,0
V star WW PsA,7,A002_Xcd2acd_X6125,20.867,347.05881,348.79318,15625000.0,1750000000.0,1.712e+15,0.4205,3.206,4.678,81,512,0.15984,4175.1,877.0,"coarse (>5 MHz, continuum-mode -- weak technosignature constraint)",CO(3-2),2481.559,0
V star WW PsA,7,A002_Xcd2acd_X6125,20.867,336.79318,335.05881,15625000.0,1750000000.0,1.446e+15,0.3551,2.697,4.191,193,512,0.37817,4031.1,877.0,"coarse (>5 MHz, continuum-mode -- weak technosignature constraint)",CO(3-2),-9018.441,0
V star WW PsA,7,A002_Xcd2acd_X6125,20.867,334.89768,333.16331,15625000.0,1750000000.0,1.65e+15,0.4053,2.156,4.524,425,512,0.83041,4008.4,877.0,"coarse (>5 MHz, continuum-mode -- weak technosignature constraint)",CO(3-2),-11992.066,0
V star WW PsA,7,A002_Xcd2acd_X6125,20.867,345.16795,346.89305,488281.25,1725585937.5,2.758e+14,2.168,4.398,5.674,314,512,0.61404,4152.4,877.0,fine (<1 MHz),CO(3-2),584.35,0
j1256-1257,7,A002_Xd9398d_X322a,21.154,344.9361,343.10798,15625000.0,1843750000.0,2.468e+15,0.3408,2.952,4.485,157,512,0.30799,4128.3,2939.3,"coarse (>5 MHz, continuum-mode -- weak technosignature constraint)",CO(3-2),-2516.146,0
j1256-1257,7,A002_Xd9398d_X322a,21.154,356.90886,358.73699,15625000.0,1843750000.0,3.401e+15,0.4491,2.638,4.274,298,512,0.58285,4293.9,2939.3,"coarse (>5 MHz, continuum-mode -- weak technosignature constraint)",CO(3-2),12456.614,0
j1256-1257,7,A002_Xd9398d_X322a,21.154,355.10875,356.93687,15625000.0,1843750000.0,2.917e+15,0.3873,4.025,4.496,4,512,0.0097466,4272.3,2939.3,"coarse (>5 MHz, continuum-mode -- weak technosignature constraint)",CO(3-2),9656.498,0
j1256-1257,7,A002_Xd9398d_X322a,21.154,346.68094,344.95535,976562.5,1726562500.0,8.323e+14,1.828,4.961,5.483,30,512,0.060429,4149.8,2177.3,fine (<1 MHz),CO(3-2),508.963,0
hd92945,7,A002_Xbbadbe_X3846,21.509,345.91588,344.08775,15625000.0,1843750000.0,1.956e+12,0.0004524,2.757,5.083,288,512,0.56335,4140.0,48.4,"coarse (>5 MHz, continuum-mode -- weak technosignature constraint)",CO(3-2),-1020.745,0
hd92945,7,A002_Xbbadbe_X3846,21.509,343.9735,342.23913,15625000.0,1750000000.0,1.228e+15,0.2841,3.454,4.961,43,512,0.08577,4117.3,3320.4,"coarse (>5 MHz, continuum-mode -- weak technosignature constraint)",CO(3-2),-2228.745,0
hd92945,7,A002_Xbbadbe_X3846,21.509,354.19405,356.02217,15625000.0,1843750000.0,2.017e+12,0.0004664,2.614,4.591,358,512,0.69981,4261.3,48.4,"coarse (>5 MHz, continuum-mode -- weak technosignature constraint)",CO(3-2),9304.297,0
hd92945,7,A002_Xbbadbe_X3846,21.509,356.13463,357.869,15625000.0,1750000000.0,1.548e+15,0.3579,2.402,4.833,430,512,0.84016,4284.0,3320.4,"coarse (>5 MHz, continuum-mode -- weak technosignature constraint)",CO(3-2),11479.255,0
hd92945,7,A002_Xbbadbe_X3846,21.509,345.86461,344.13902,976562.5,1726562500.0,4.019e+14,1.487,4.032,5.588,466,512,0.91033,4140.0,2812.3,fine (<1 MHz),CO(3-2),-1252.679,0
hd92945,7,A002_Xbbadbe_X3846,21.509,354.24556,355.97066,488281.25,1725585937.5,2.648e+14,1.96,4.735,6.048,167,512,0.32749,4261.3,2812.3,fine (<1 MHz),CO(3-2),9637.549,0
WD2039-202,6,A002_Xe539c7_X113b1,21.771,224.91406,223.08594,15625000.0,1843750000.0,1.372e+15,0.3097,3.213,4.238,39,512,0.077973,2688.0,616.9,"coarse (>5 MHz, continuum-mode -- weak technosignature constraint)",13CO(2-1),3702.562,0
WD2039-202,6,A002_Xe539c7_X113b1,21.771,226.91406,225.08594,15625000.0,1843750000.0,1.294e+15,0.2922,2.466,4.177,275,512,0.53801,2712.0,616.9,"coarse (>5 MHz, continuum-mode -- weak technosignature constraint)",CO(2-1),-4123.938,0
WD2039-202,6,A002_Xe539c7_X113b1,21.771,239.08594,240.91406,15625000.0,1843750000.0,1.411e+15,0.3185,1.955,4.269,487,512,0.95127,2880.0,616.9,"coarse (>5 MHz, continuum-mode -- weak technosignature constraint)",CS(5-4),-4287.562,0
WD2039-202,6,A002_Xe539c7_X113b1,21.771,241.08594,242.91406,15625000.0,1843750000.0,1.51e+15,0.3409,2.521,4.071,247,512,0.48343,2904.0,616.9,"coarse (>5 MHz, continuum-mode -- weak technosignature constraint)",CS(5-4),-2225.062,0
HD 45184,6,A002_X126c7ed_Xe9d,21.892,233.90073,232.0726,15625000.0,1843750000.0,8.58e+15,1.915,2.861,4.431,231,512,0.45224,2795.8,3610.7,"coarse (>5 MHz, continuum-mode -- weak technosignature constraint)",CO(2-1),2456.477,0
HD 45184,6,A002_X126c7ed_Xe9d,21.892,244.0726,245.90073,15625000.0,1843750000.0,8.876e+15,1.981,3.186,4.521,98,512,0.19298,2939.8,3610.7,"coarse (>5 MHz, continuum-mode -- weak technosignature constraint)",CS(5-4),89.727,0
HD 45184,6,A002_X126c7ed_Xe9d,21.892,246.0726,247.90073,15625000.0,1843750000.0,9.786e+15,2.184,3.753,4.198,16,512,0.033138,2963.8,3610.7,"coarse (>5 MHz, continuum-mode -- weak technosignature constraint)",CS(5-4),2714.727,0
HD 45184,6,A002_X126c7ed_Xe9d,21.892,231.39146,229.66587,976562.5,1726562500.0,3.034e+15,10.84,4.513,5.49,109,512,0.21442,2766.3,2933.3,fine (<1 MHz),CO(2-1),471.621,0
LP 476-207 783296,7,A002_Xd10f82_X2635,23.753,347.04526,348.77963,15625000.0,1750000000.0,2.907e+15,0.5333,3.427,4.228,36,512,0.072125,4174.9,1409.2,"coarse (>5 MHz, continuum-mode -- weak technosignature constraint)",CO(3-2),2296.134,0
LP 476-207 783296,7,A002_Xd10f82_X2635,23.753,336.77963,335.04526,15625000.0,1750000000.0,2.463e+15,0.453,2.97,4.295,120,512,0.23587,4030.9,1409.2,"coarse (>5 MHz, continuum-mode -- weak technosignature constraint)",CO(3-2),-10672.616,0
LP 476-207 783296,7,A002_Xd10f82_X2635,23.753,334.88413,333.14976,15625000.0,1750000000.0,2.841e+15,0.5226,2.033,4.189,493,512,0.96296,4008.2,1409.2,"coarse (>5 MHz, continuum-mode -- weak technosignature constraint)",CO(3-2),-12161.866,0
LP 476-207 783296,7,A002_Xd10f82_X2635,23.753,345.1544,346.8795,488281.25,1725585937.5,4.854e+14,2.851,4.437,5.858,184,512,0.36062,4152.2,1028.2,fine (<1 MHz),CO(3-2),1027.343,0
LP 476-207 384128,7,A002_Xd10f82_X2635,23.788,347.04526,348.77963,15625000.0,1750000000.0,2.825e+15,0.5326,2.935,4.336,119,512,0.23392,4174.9,1409.2,"coarse (>5 MHz, continuum-mode -- weak technosignature constraint)",CO(3-2),1624.259,0
LP 476-207 384128,7,A002_Xd10f82_X2635,23.788,336.77963,335.04526,15625000.0,1750000000.0,2.399e+15,0.4524,2.866,4.42,154,512,0.30214,4030.9,1409.2,"coarse (>5 MHz, continuum-mode -- weak technosignature constraint)",CO(3-2),-10375.741,0
LP 476-207 384128,7,A002_Xd10f82_X2635,23.788,334.88413,333.14976,15625000.0,1750000000.0,2.77e+15,0.5224,1.854,4.617,505,512,0.98635,4008.2,1409.2,"coarse (>5 MHz, continuum-mode -- weak technosignature constraint)",CO(3-2),-12427.491,0
LP 476-207 384128,7,A002_Xd10f82_X2635,23.788,345.1544,346.8795,488281.25,1725585937.5,4.726e+14,2.851,4.194,5.766,391,512,0.76413,4152.2,1028.2,fine (<1 MHz),CO(3-2),718.75,0
HD202628,6,A002_Xd64dca_X410,23.794,233.38798,231.55985,15625000.0,1843750000.0,6.389e+14,0.1207,2.612,4.991,324,512,0.63353,2789.7,3441.3,"coarse (>5 MHz, continuum-mode -- weak technosignature constraint)",CO(2-1),1021.855,0
HD202628,6,A002_Xd64dca_X410,23.794,244.5584,246.38652,15625000.0,1843750000.0,7.008e+14,0.1324,2.806,4.865,238,512,0.46589,2945.7,3441.3,"coarse (>5 MHz, continuum-mode -- weak technosignature constraint)",CS(5-4),184.896,0
HD202628,6,A002_Xd64dca_X410,23.794,246.55817,248.3863,15625000.0,1843750000.0,8.197e+14,0.1549,2.224,4.437,465,512,0.90838,2969.7,3441.3,"coarse (>5 MHz, continuum-mode -- weak technosignature constraint)",CS(5-4),2778.422,0
HD202628,6,A002_Xd64dca_X410,23.794,230.94355,230.08075,488281.25,863281250.0,1.766e+14,1.068,4.201,5.689,425,512,0.83041,2766.1,2933.3,fine (<1 MHz),CO(2-1),190.704,0
HD 31392,6,A002_X128b034_X187cc,25.76,233.88597,232.05784,15625000.0,1843750000.0,1.39e+16,2.241,2.695,4.364,285,512,0.5575,2795.7,3640.9,"coarse (>5 MHz, continuum-mode -- weak technosignature constraint)",CO(2-1),2894.845,0
HD 31392,6,A002_X128b034_X187cc,25.76,244.05784,245.88597,15625000.0,1843750000.0,1.458e+16,2.351,2.368,4.864,440,512,0.85965,2939.7,3640.9,"coarse (>5 MHz, continuum-mode -- weak technosignature constraint)",CS(5-4),903.095,0
HD 31392,6,A002_X128b034_X187cc,25.76,246.05784,247.88597,15625000.0,1843750000.0,1.579e+16,2.546,3.209,5.19,103,512,0.20273,2963.7,3640.9,"coarse (>5 MHz, continuum-mode -- weak technosignature constraint)",CS(5-4),1809.345,0
HD 31392,6,A002_X128b034_X187cc,25.76,231.3767,229.65111,976562.5,1726562500.0,4.846e+15,12.5,4.106,5.679,385,512,0.75244,2766.2,2963.5,fine (<1 MHz),CO(2-1),306.474,0
CD-57 1054,7,A002_Xcf525f_X5aa4,26.873,347.01404,348.74841,15625000.0,1750000000.0,4.534e+15,0.6716,2.481,4.889,314,512,0.61404,4174.6,1409.2,"coarse (>5 MHz, continuum-mode -- weak technosignature constraint)",CO(3-2),1593.039,0
CD-57 1054,7,A002_Xcf525f_X5aa4,26.873,336.74841,335.01404,15625000.0,1750000000.0,3.932e+15,0.5824,2.82,4.084,177,512,0.34698,4030.6,1409.2,"coarse (>5 MHz, continuum-mode -- weak technosignature constraint)",CO(3-2),-9297.586,0
CD-57 1054,7,A002_Xcf525f_X5aa4,26.873,334.85291,333.11854,15625000.0,1750000000.0,4.55e+15,0.674,2.344,4.385,376,512,0.73489,4007.8,1409.2,"coarse (>5 MHz, continuum-mode -- weak technosignature constraint)",CO(3-2),-11521.211,0
CD-57 1054,7,A002_Xcf525f_X5aa4,26.873,345.12318,346.84827,488281.25,1725585937.5,7.628e+14,3.616,5.108,5.711,18,512,0.037037,4151.8,1028.2,fine (<1 MHz),CO(3-2),713.896,0
LP 353-51,7,A002_Xd10f82_X706f,27.099,347.0031,348.83122,15625000.0,1843750000.0,7.197e+15,1.048,2.233,4.272,460,512,0.89864,4175.0,756.0,"coarse (>5 MHz, continuum-mode -- weak technosignature constraint)",CO(3-2),2113.346,0
LP 353-51,7,A002_Xd10f82_X706f,27.099,336.83122,335.0031,15625000.0,1843750000.0,6.125e+15,0.8921,2.977,4.206,138,512,0.27096,4031.0,756.0,"coarse (>5 MHz, continuum-mode -- weak technosignature constraint)",CO(3-2),-10433.529,0
LP 353-51,7,A002_Xd10f82_X706f,27.099,334.93572,333.1076,15625000.0,1843750000.0,7.067e+15,1.029,3.386,4.663,48,512,0.095517,4008.3,756.0,"coarse (>5 MHz, continuum-mode -- weak technosignature constraint)",CO(3-2),-11594.654,0
LP 353-51,7,A002_Xd10f82_X706f,27.099,345.15911,346.88421,488281.25,1725585937.5,1.235e+15,5.755,4.48,5.677,261,512,0.51072,4152.3,756.0,fine (<1 MHz),CO(3-2),-530.933,0
hd107146,7,A002_Xb999fd_X148,27.47,345.93356,344.09274,976562.5,1841796875.0,1.155e+16,26.19,4.338,5.493,301,512,0.58869,4140.2,2086.6,fine (<1 MHz),CO(3-2),-542.128,0
hd107146,7,A002_Xb999fd_X148,27.47,343.98484,342.25046,15625000.0,1750000000.0,3.789e+16,5.371,3.435,4.618,82,512,0.16179,4117.4,2086.6,"coarse (>5 MHz, continuum-mode -- weak technosignature constraint)",CO(3-2),-3045.538,0
hd107146,7,A002_Xb999fd_X148,27.47,354.19944,356.03977,488281.25,1840820312.5,7.256e+15,32.92,4.975,5.825,62,512,0.12281,4261.4,2086.6,fine (<1 MHz),CO(3-2),9794.064,0
hd107146,7,A002_Xb999fd_X148,27.47,356.14596,357.88034,15625000.0,1750000000.0,4.74e+16,6.72,2.823,4.295,238,512,0.46589,4284.2,2086.6,"coarse (>5 MHz, continuum-mode -- weak technosignature constraint)",CO(3-2),10662.462,0
L 836-122,7,A002_Xcd64ec_X21c9,28.697,347.02832,348.76269,15625000.0,1750000000.0,4.24e+15,0.5505,2.185,4.18,442,512,0.86355,4174.7,1258.0,"coarse (>5 MHz, continuum-mode -- weak technosignature constraint)",CO(3-2),1872.941,0
L 836-122,7,A002_Xcd64ec_X21c9,28.697,336.76269,335.02832,15625000.0,1750000000.0,3.656e+15,0.4747,2.981,4.59,114,512,0.22417,4030.7,1258.0,"coarse (>5 MHz, continuum-mode -- weak technosignature constraint)",CO(3-2),-9892.684,0
L 836-122,7,A002_Xcd64ec_X21c9,28.697,334.86719,333.13282,15625000.0,1750000000.0,4.227e+15,0.5488,2.604,4.627,283,512,0.55361,4008.0,1258.0,"coarse (>5 MHz, continuum-mode -- weak technosignature constraint)",CO(3-2),-12413.184,0
L 836-122,7,A002_Xcd64ec_X21c9,28.697,345.13745,346.86255,488281.25,1725585937.5,7.109e+14,2.953,4.184,5.555,363,512,0.70955,4152.0,877.0,fine (<1 MHz),CO(3-2),947.9,0
HD172555,6,A002_Xa68906_X1590,28.789,230.50248,230.55639,15258.7890625,53924560.546875,1.215e+14,16.05,4.73,5.846,388,512,0.75828,2766.4,453.6,fine (<1 MHz),CO(2-1),-8.161,0
HD172555,6,A002_Xa68906_X1590,28.789,232.11287,233.84725,15625000.0,1750000000.0,2.925e+15,0.3776,2.707,4.074,173,512,0.33918,2795.8,453.6,"coarse (>5 MHz, continuum-mode -- weak technosignature constraint)",CO(2-1),3074.87,0
HD172555,6,A002_Xa68906_X1590,28.789,219.33471,217.60034,15625000.0,1750000000.0,2.849e+15,0.3678,2.674,4.758,166,512,0.32554,2621.6,453.6,"coarse (>5 MHz, continuum-mode -- weak technosignature constraint)",H2CO,-324.787,0
HD172555,6,A002_Xa68906_X1590,28.789,220.41747,220.36356,15258.7890625,53924560.546875,1.319e+14,17.43,4.957,6.181,176,512,0.34503,2644.7,453.6,fine (<1 MHz),13CO(2-1),-22.513,0
HD161868,6,A002_Xcd97a1_X2377,29.747,228.14501,226.30468,488281.25,1840820312.5,1.979e+15,7.655,4.325,5.665,363,512,0.70955,2726.7,2177.3,fine (<1 MHz),CO(2-1),-4049.728,0
HD161868,6,A002_Xcd97a1_X2377,29.747,231.03617,229.19584,488281.25,1840820312.5,1.877e+15,7.263,4.39,5.995,345,512,0.67446,2761.4,2177.3,fine (<1 MHz),CO(2-1),-232.295,0
HD161868,6,A002_Xcd97a1_X2377,29.747,242.24972,243.9841,15625000.0,1750000000.0,1.141e+16,1.38,2.132,4.305,456,512,0.89084,2917.4,2177.3,"coarse (>5 MHz, continuum-mode -- weak technosignature constraint)",CS(5-4),-2280.029,0
HD161868,6,A002_Xcd97a1_X2377,29.747,244.24986,245.98424,15625000.0,1750000000.0,1.184e+16,1.431,2.867,4.215,117,512,0.23002,2941.4,2177.3,"coarse (>5 MHz, continuum-mode -- weak technosignature constraint)",CS(5-4),938.86,0
HD161868,7,A002_Xff294f_X7bf4,29.747,332.20836,330.36803,488281.25,1840820312.5,6.04e+15,23.37,4.992,5.829,102,512,0.20078,3975.5,2751.8,fine (<1 MHz),CO(3-2),-14866.934,0
HD161868,7,A002_Xff294f_X7bf4,29.747,334.09406,332.26594,15625000.0,1843750000.0,2.763e+16,3.34,3.206,4.322,97,512,0.19103,3998.2,2751.8,"coarse (>5 MHz, continuum-mode -- weak technosignature constraint)",CO(3-2),-11889.439,0
HD161868,7,A002_Xff294f_X7bf4,29.747,342.31533,344.14345,15625000.0,1843750000.0,2.619e+16,3.166,2.631,4.279,296,512,0.57895,4118.8,2751.8,"coarse (>5 MHz, continuum-mode -- weak technosignature constraint)",CO(3-2),-3293.171,0
HD161868,7,A002_Xff294f_X7bf4,29.747,344.20103,346.04136,488281.25,1840820312.5,5.313e+15,20.55,4.711,6.266,244,512,0.47758,4141.5,2751.8,fine (<1 MHz),CO(3-2),-250.246,0
51 Eri,6,A002_Xb95160_X3e24,29.905,229.61105,231.43917,15625000.0,1843750000.0,4.979e+12,0.0005956,2.542,4.205,246,512,0.48148,2766.3,24.2,"coarse (>5 MHz, continuum-mode -- weak technosignature constraint)",CO(2-1),-83.204,0
51 Eri,6,A002_Xb95160_X3e24,29.905,231.63742,233.3718,15625000.0,1750000000.0,2.072e+15,0.2479,3.706,4.633,10,512,0.021442,2790.1,1282.2,"coarse (>5 MHz, continuum-mode -- weak technosignature constraint)",CO(2-1),2505.671,0
51 Eri,6,A002_Xb95160_X3e24,29.905,218.76015,217.02577,15625000.0,1750000000.0,1.98e+15,0.2368,2.232,3.958,383,512,0.74854,2614.7,1282.2,"coarse (>5 MHz, continuum-mode -- weak technosignature constraint)",H2CO,397.522,0
51 Eri,6,A002_Xb95160_X3e24,29.905,216.26023,214.52585,15625000.0,1750000000.0,1.936e+15,0.2316,2.124,4.305,426,512,0.83236,2584.7,1282.2,"coarse (>5 MHz, continuum-mode -- weak technosignature constraint)",SiO(5-4),-1766.647,0
51 Eri,6,A002_Xb95160_X3e24,29.905,229.6628,231.38741,1953125.0,1726562500.0,1.094e+15,1.047,3.903,4.971,136,512,0.26706,2766.3,1028.2,medium (1-5 MHz),CO(2-1),-201.369,0
HD 155555C,7,A002_Xccea8d_X2ff5,30.412,347.04318,348.77755,15625000.0,1750000000.0,4.097e+15,0.4739,2.866,4.491,140,512,0.27485,4174.9,1778.1,"coarse (>5 MHz, continuum-mode -- weak technosignature constraint)",CO(3-2),2762.804,0
HD 155555C,7,A002_Xccea8d_X2ff5,30.412,336.77755,335.04318,15625000.0,1750000000.0,3.547e+15,0.4102,2.117,3.99,451,512,0.88109,4030.9,1778.1,"coarse (>5 MHz, continuum-mode -- weak technosignature constraint)",CO(3-2),-9299.696,0
HD 155555C,7,A002_Xccea8d_X2ff5,30.412,334.88205,333.14768,15625000.0,1750000000.0,4.081e+15,0.472,2.771,4.117,183,512,0.35867,4008.2,1778.1,"coarse (>5 MHz, continuum-mode -- weak technosignature constraint)",CO(3-2),-11054.571,0
HD 155555C,7,A002_Xccea8d_X2ff5,30.412,345.15232,346.87741,488281.25,1725585937.5,6.908e+14,2.557,4.17,5.712,427,512,0.83431,4152.2,1270.1,fine (<1 MHz),CO(3-2),110.712,0
2MASS J05241914-1601153 551040,7,A002_Xcf749a_X4871,30.985,347.02258,348.75696,15625000.0,1750000000.0,4.474e+15,0.4969,2.202,4.348,456,512,0.89084,4174.7,877.0,"coarse (>5 MHz, continuum-mode -- weak technosignature constraint)",CO(3-2),1789.085,0
2MASS J05241914-1601153 551040,7,A002_Xcf749a_X4871,30.985,336.75696,335.02258,15625000.0,1750000000.0,3.62e+15,0.4022,2.611,4.574,301,512,0.58869,4030.7,877.0,"coarse (>5 MHz, continuum-mode -- weak technosignature constraint)",CO(3-2),-10210.915,0
2MASS J05241914-1601153 551040,7,A002_Xcf749a_X4871,30.985,334.86146,333.12708,15625000.0,1750000000.0,4.133e+15,0.4591,3.049,4.194,110,512,0.21637,4007.9,877.0,"coarse (>5 MHz, continuum-mode -- weak technosignature constraint)",CO(3-2),-12434.54,0
WD0346-011,6,A002_Xe50c9e_X17ab,31.04,224.91406,223.08594,15625000.0,1843750000.0,2.707e+15,0.3006,2.593,4.26,235,512,0.46004,2688.0,647.1,"coarse (>5 MHz, continuum-mode -- weak technosignature constraint)",13CO(2-1),3015.062,0
WD0346-011,6,A002_Xe50c9e_X17ab,31.04,226.91406,225.08594,15625000.0,1843750000.0,2.54e+15,0.282,2.397,4.413,324,512,0.63353,2712.0,647.1,"coarse (>5 MHz, continuum-mode -- weak technosignature constraint)",CO(2-1),-4155.188,0
WD0346-011,6,A002_Xe50c9e_X17ab,31.04,239.08594,240.91406,15625000.0,1843750000.0,2.791e+15,0.3099,2.231,4.442,398,512,0.77778,2880.0,647.1,"coarse (>5 MHz, continuum-mode -- weak technosignature constraint)",CS(5-4),-5850.062,0
WD0346-011,6,A002_Xe50c9e_X17ab,31.04,241.08594,242.91406,15625000.0,1843750000.0,3.049e+15,0.3386,2.87,4.323,114,512,0.22417,2904.0,647.1,"coarse (>5 MHz, continuum-mode -- weak technosignature constraint)",CS(5-4),-3615.687,0
2MASS J05241914-1601153 717696,7,A002_Xcf749a_X4871,31.19,347.02258,348.75696,15625000.0,1750000000.0,4.533e+15,0.4971,2.718,4.796,250,512,0.48928,4174.7,877.0,"coarse (>5 MHz, continuum-mode -- weak technosignature constraint)",CO(3-2),2351.585,0
2MASS J05241914-1601153 717696,7,A002_Xcf749a_X4871,31.19,336.75696,335.02258,15625000.0,1750000000.0,3.658e+15,0.4012,2.768,4.421,220,512,0.4308,4030.7,877.0,"coarse (>5 MHz, continuum-mode -- weak technosignature constraint)",CO(3-2),-10210.915,0
2MASS J05241914-1601153 717696,7,A002_Xcf749a_X4871,31.19,334.86146,333.12708,15625000.0,1750000000.0,4.198e+15,0.4605,2.92,4.202,183,512,0.35867,4007.9,877.0,"coarse (>5 MHz, continuum-mode -- weak technosignature constraint)",CO(3-2),-11090.79,0
UCAC2 20312880,7,A002_Xcdd033_X85ff,33.766,346.9922,348.72657,15625000.0,1750000000.0,6.421e+15,0.6012,2.501,4.552,326,512,0.63743,4174.3,1258.0,"coarse (>5 MHz, continuum-mode -- weak technosignature constraint)",CO(3-2),1758.699,0
UCAC2 20312880,7,A002_Xcdd033_X85ff,33.766,336.72657,334.9922,15625000.0,1750000000.0,5.325e+15,0.4987,1.993,4.563,491,512,0.95906,4030.3,1258.0,"coarse (>5 MHz, continuum-mode -- weak technosignature constraint)",CO(3-2),-10538.176,0
UCAC2 20312880,7,A002_Xcdd033_X85ff,33.766,334.83107,333.0967,15625000.0,1750000000.0,6.162e+15,0.577,2.271,4.883,426,512,0.83236,4007.6,1258.0,"coarse (>5 MHz, continuum-mode -- weak technosignature constraint)",CO(3-2),-11918.051,0
UCAC2 20312880,7,A002_Xcdd033_X85ff,33.766,345.10134,346.82644,488281.25,1725585937.5,1.061e+15,3.18,4.538,5.415,147,512,0.2885,4151.6,877.0,fine (<1 MHz),CO(3-2),-628.745,0
HR 2562,7,A002_Xcd64ec_X9149,33.928,337.36176,335.62739,15625000.0,1750000000.0,3.757e+15,0.3492,2.899,4.293,195,512,0.38207,4037.9,2358.7,"coarse (>5 MHz, continuum-mode -- weak technosignature constraint)",CO(3-2),-8902.987,0
HR 2562,7,A002_Xcd64ec_X9149,33.928,339.29926,337.56489,15625000.0,1750000000.0,3.394e+15,0.3154,2.204,5.165,480,512,0.93762,4061.2,2358.7,"coarse (>5 MHz, continuum-mode -- weak technosignature constraint)",CO(3-2),-8012.362,0
HR 2562,7,A002_Xcd64ec_X9149,33.928,347.62739,349.36176,15625000.0,1750000000.0,3.664e+15,0.3405,3.398,4.841,44,512,0.087719,4181.9,2358.7,"coarse (>5 MHz, continuum-mode -- weak technosignature constraint)",CO(3-2),2331.388,0
HR 2562,7,A002_Xcd64ec_X9149,33.928,349.62739,351.36176,15625000.0,1750000000.0,4.158e+15,0.3864,2.843,4.772,205,512,0.40156,4205.9,2358.7,"coarse (>5 MHz, continuum-mode -- weak technosignature constraint)",CO(3-2),5300.138,0
TWA 7,7,A002_Xb77b17_X3940,34.097,335.24696,333.51259,15625000.0,1750000000.0,5.71e+15,0.4012,2.476,4.917,395,512,0.77193,4012.6,2897.0,"coarse (>5 MHz, continuum-mode -- weak technosignature constraint)",CO(3-2),-11470.915,0
TWA 7,7,A002_Xb77b17_X3940,34.097,337.13792,335.40354,15625000.0,1750000000.0,5.103e+15,0.3574,3.214,4.737,98,512,0.19298,4035.2,2897.0,"coarse (>5 MHz, continuum-mode -- weak technosignature constraint)",CO(3-2),-8720.581,0
TWA 7,7,A002_Xb77b17_X3940,34.097,345.46491,347.29303,15625000.0,1843750000.0,7.752e+12,0.000534,3.14,4.717,104,512,0.20468,4156.5,48.4,"coarse (>5 MHz, continuum-mode -- weak technosignature constraint)",CO(3-2),965.783,0
TWA 7,7,A002_Xb77b17_X3940,34.097,347.51174,349.24611,15625000.0,1750000000.0,6.14e+15,0.4215,3.115,4.377,118,512,0.23197,4180.5,2897.0,"coarse (>5 MHz, continuum-mode -- weak technosignature constraint)",CO(3-2),2012.614,0
TWA 7,7,A002_Xb77b17_X3940,34.097,345.54779,346.41034,244140.625,862792968.75,7.394e+14,3.262,4.717,5.903,279,512,0.54581,4151.7,2389.0,fine (<1 MHz),CO(3-2),62.341,0
WD 0407179,6,A002_Xb25e1a_Xed74,34.11,216.93353,215.19916,15625000.0,1750000000.0,1.434e+16,1.318,2.699,3.923,173,512,0.33918,2592.8,60.5,"coarse (>5 MHz, continuum-mode -- weak technosignature constraint)",SiO(5-4),-874.592,0
WD 0407179,6,A002_Xb25e1a_Xed74,34.11,218.82695,217.09257,15625000.0,1750000000.0,1.443e+16,1.326,2.879,4.482,112,512,0.22027,2615.5,60.5,"coarse (>5 MHz, continuum-mode -- weak technosignature constraint)",H2CO,573.698,0
WD 0407179,6,A002_Xb25e1a_Xed74,34.11,231.59257,233.32695,15625000.0,1750000000.0,1.484e+16,1.364,2.857,4.154,115,512,0.22612,2789.5,60.5,"coarse (>5 MHz, continuum-mode -- weak technosignature constraint)",CO(2-1),1710.823,0
WD 0407179,6,A002_Xb25e1a_Xed74,34.11,229.26421,230.98931,488281.25,1725585937.5,2.757e+15,8.107,3.935,5.253,148,512,0.29045,2761.5,60.5,fine (<1 MHz),CO(2-1),-33.065,0
UCAC3 176-23654,7,A002_Xd12f5c_Xd7c6,34.346,347.04366,348.77804,15625000.0,1750000000.0,5.837e+15,0.5294,2.423,4.343,336,512,0.65692,4174.9,725.8,"coarse (>5 MHz, continuum-mode -- weak technosignature constraint)",CO(3-2),2950.787,0
UCAC3 176-23654,7,A002_Xd12f5c_Xd7c6,34.346,336.77804,335.04366,15625000.0,1750000000.0,4.86e+15,0.4407,2.508,4.223,328,512,0.64133,4030.9,725.8,"coarse (>5 MHz, continuum-mode -- weak technosignature constraint)",CO(3-2),-10408.588,0
UCAC3 176-23654,7,A002_Xd12f5c_Xd7c6,34.346,334.88254,333.14816,15625000.0,1750000000.0,5.532e+15,0.5017,3.167,4.285,72,512,0.1423,4008.2,725.8,"coarse (>5 MHz, continuum-mode -- weak technosignature constraint)",CO(3-2),-12522.838,0
UCAC3 176-23654,7,A002_Xd12f5c_Xd7c6,34.346,345.1528,346.8779,488281.25,1725585937.5,9.419e+14,2.733,4.662,5.703,115,512,0.22612,4152.2,725.8,fine (<1 MHz),CO(3-2),542.348,0
GJ 2006B,7,A002_Xcdb7b8_Xfb16,34.976,347.04647,348.78084,15625000.0,1750000000.0,4.892e+15,0.4203,2.278,4.181,446,512,0.87135,4175.0,1258.0,"coarse (>5 MHz, continuum-mode -- weak technosignature constraint)",CO(3-2),2594.217,0
GJ 2006B,7,A002_Xcdb7b8_Xfb16,34.976,336.78084,335.04647,15625000.0,1750000000.0,4.023e+15,0.346,2.796,4.264,192,512,0.37622,4031.0,1258.0,"coarse (>5 MHz, continuum-mode -- weak technosignature constraint)",CO(3-2),-9718.283,0
GJ 2006B,7,A002_Xcdb7b8_Xfb16,34.976,334.88534,333.15097,15625000.0,1750000000.0,4.621e+15,0.3975,2.265,4.395,450,512,0.87914,4008.2,1258.0,"coarse (>5 MHz, continuum-mode -- weak technosignature constraint)",CO(3-2),-12645.033,0
GJ 2006B,7,A002_Xcdb7b8_Xfb16,34.976,345.15561,346.8807,488281.25,1725585937.5,8.042e+14,2.211,4.221,5.465,432,512,0.84405,4152.2,877.0,fine (<1 MHz),CO(3-2),337.633,0
ALMA J153702653-33192492,6,A002_X1009c59_X1ba4d,35.01,217.93843,216.0981,488281.25,1840820312.5,1.745e+16,43.72,5.091,5.629,28,512,0.05653,2604.2,211.7,fine (<1 MHz),SiO(5-4),486.752,0
ALMA J153702653-33192492,6,A002_X1009c59_X1ba4d,35.01,220.18843,218.3481,488281.25,1840820312.5,1.81e+16,45.24,5.024,6.282,40,512,0.079922,2631.2,211.7,fine (<1 MHz),H2CO,544.556,0
ALMA J153702653-33192492,6,A002_X1009c59_X1ba4d,35.01,230.32233,230.78254,244140.625,460449218.75,1.496e+16,73.9,4.712,11.617,247,512,0.48343,2766.6,211.7,fine (<1 MHz),CO(2-1),121.733,0
ALMA J153702653-33192492,6,A002_X1009c59_X1ba4d,35.01,230.80475,231.26496,244140.625,460449218.75,1.282e+16,63.28,5.086,5.668,44,512,0.087719,2772.4,211.7,fine (<1 MHz),CO(2-1),434.966,0
ALMA J153702653-33192492,6,A002_X1009c59_X1ba4d,35.01,232.5981,234.43843,488281.25,1840820312.5,1.9e+16,46.78,4.562,5.503,253,512,0.49513,2802.2,211.7,fine (<1 MHz),CO(2-1),3400.916,0
ALMA J153702653-33192492,7,A002_Xd9d7c7_Xb3d2,35.01,334.8926,333.16701,976562.5,1726562500.0,6.461e+15,6.984,4.562,5.788,94,512,0.18519,4008.4,151.2,fine (<1 MHz),CO(3-2),-12106.529,0
ALMA J153702653-33192492,7,A002_Xd9d7c7_Xb3d2,35.01,336.78471,335.05913,976562.5,1726562500.0,5.786e+15,6.237,4.28,5.655,268,512,0.52437,4031.1,151.2,fine (<1 MHz),CO(3-2),-9478.084,0
ALMA J153702653-33192492,7,A002_Xd9d7c7_Xb3d2,35.01,346.97637,348.70147,488281.25,1725585937.5,3.592e+15,7.598,4.507,5.74,283,512,0.55361,4174.1,151.2,fine (<1 MHz),CO(3-2),2710.644,0
ALMA J153702653-33192492,7,A002_Xd9d7c7_Xb3d2,35.01,345.11832,346.84342,488281.25,1725585937.5,3.205e+15,6.8,4.536,5.835,250,512,0.48928,4151.8,151.2,fine (<1 MHz),CO(3-2),-573.676,0
GJ 2006A,7,A002_Xcdb7b8_Xfb16,35.029,347.04647,348.78084,15625000.0,1750000000.0,4.911e+15,0.4276,2.07,4.598,494,512,0.96491,4175.0,877.0,"coarse (>5 MHz, continuum-mode -- weak technosignature constraint)",CO(3-2),2297.342,0
GJ 2006A,7,A002_Xcdb7b8_Xfb16,35.029,336.78084,335.04647,15625000.0,1750000000.0,4.047e+15,0.3524,2.376,4.66,422,512,0.82456,4031.0,877.0,"coarse (>5 MHz, continuum-mode -- weak technosignature constraint)",CO(3-2),-9124.533,0
GJ 2006A,7,A002_Xcdb7b8_Xfb16,35.029,334.88534,333.15097,15625000.0,1750000000.0,4.654e+15,0.4052,2.205,4.291,472,512,0.92203,4008.2,877.0,"coarse (>5 MHz, continuum-mode -- weak technosignature constraint)",CO(3-2),-11145.033,0
GJ 2006A,7,A002_Xcdb7b8_Xfb16,35.029,345.15561,346.8807,488281.25,1725585937.5,7.952e+14,2.216,4.406,5.782,300,512,0.58674,4152.2,877.0,fine (<1 MHz),CO(3-2),-406.996,0
TYC 2211-1309-1,7,A002_Xd189ef_X867b,35.424,347.03151,348.76588,15625000.0,1750000000.0,5.416e+15,0.4617,3.299,3.967,36,512,0.072125,4174.8,1899.1,"coarse (>5 MHz, continuum-mode -- weak technosignature constraint)",CO(3-2),2735.509,0
TYC 2211-1309-1,7,A002_Xd189ef_X867b,35.424,336.76588,335.03151,15625000.0,1750000000.0,4.682e+15,0.3991,2.847,4.871,178,512,0.34893,4030.8,1899.1,"coarse (>5 MHz, continuum-mode -- weak technosignature constraint)",CO(3-2),-10655.116,0
TYC 2211-1309-1,7,A002_Xd189ef_X867b,35.424,334.87038,333.13601,15625000.0,1750000000.0,5.359e+15,0.4569,2.546,4.364,278,512,0.54386,4008.0,1899.1,"coarse (>5 MHz, continuum-mode -- weak technosignature constraint)",CO(3-2),-11659.991,0
TYC 2211-1309-1,7,A002_Xd189ef_X867b,35.424,345.14065,346.86575,488281.25,1725585937.5,9.116e+14,2.487,4.484,6.101,222,512,0.4347,4152.0,1391.0,fine (<1 MHz),CO(3-2),-425.86,0
HD14055,6,A002_Xd09670_X23c5,35.74,242.24728,243.98166,15625000.0,1750000000.0,4.701e+15,0.3937,2.996,4.678,128,512,0.25146,2917.4,1554.3,"coarse (>5 MHz, continuum-mode -- weak technosignature constraint)",CS(5-4),-1719.968,0
HD14055,6,A002_Xd09670_X23c5,35.74,244.2474,245.98178,15625000.0,1750000000.0,4.732e+15,0.3963,3.15,4.056,81,512,0.15984,2941.4,1554.3,"coarse (>5 MHz, continuum-mode -- weak technosignature constraint)",CS(5-4),-47.974,0
HD14055,6,A002_Xd09670_X23c5,35.74,228.08502,226.35992,488281.25,1725585937.5,7.899e+14,2.117,3.992,5.562,460,512,0.89864,2726.7,1300.3,fine (<1 MHz),CO(2-1),-3004.74,0
HD14055,6,A002_Xd09670_X23c5,35.74,230.97624,229.25115,488281.25,1725585937.5,7.848e+14,2.103,4.377,5.431,204,512,0.39961,2761.4,1300.3,fine (<1 MHz),CO(2-1),86.194,0
HD14055,7,A002_X1001fdc_X2085,35.74,332.22492,330.38459,488281.25,1840820312.5,7.503e+15,20.11,5.061,5.842,48,512,0.095517,3975.7,2993.8,fine (<1 MHz),CO(3-2),-15349.403,0
HD14055,7,A002_X1001fdc_X2085,35.74,334.11039,332.28227,15625000.0,1843750000.0,3.513e+16,2.942,2.996,4.172,189,512,0.37037,3998.4,2993.8,"coarse (>5 MHz, continuum-mode -- weak technosignature constraint)",CO(3-2),-11904.356,0
HD14055,7,A002_X1001fdc_X2085,35.74,342.33211,344.16023,15625000.0,1843750000.0,3.412e+16,2.858,3.053,4.572,164,512,0.32164,4119.0,2993.8,"coarse (>5 MHz, continuum-mode -- weak technosignature constraint)",CO(3-2),-3026.395,0
HD14055,7,A002_X1001fdc_X2085,35.74,344.21758,346.05791,488281.25,1840820312.5,7.04e+15,18.87,5.217,5.741,35,512,0.070175,4141.7,2993.8,fine (<1 MHz),CO(3-2),-561.328,0
HD 48370,6,A002_Xc26103_X155a,35.952,230.50044,230.96053,122070.3125,460205078.125,2.86e+15,30.3,27.103,26.826,0,512,0.0019493,2768.8,1874.9,fine (<1 MHz),CO(2-1),-26.326,1
HD 48370,6,A002_Xc26103_X155a,35.952,232.62025,234.35463,15625000.0,1750000000.0,2.781e+16,2.302,2.715,4.399,204,512,0.39961,2801.8,1874.9,"coarse (>5 MHz, continuum-mode -- weak technosignature constraint)",CO(2-1),2629.128,0
HD 48370,6,A002_Xc26103_X155a,35.952,217.85552,216.12114,15625000.0,1750000000.0,2.724e+16,2.254,3.1,4.202,51,512,0.10136,2603.9,1874.9,"coarse (>5 MHz, continuum-mode -- weak technosignature constraint)",SiO(5-4),-452.61,0
HD 48370,6,A002_Xc26103_X155a,35.952,220.40036,218.56003,488281.25,1840820312.5,4.922e+15,13.04,4.616,20.369,236,512,0.46199,2633.8,1874.9,fine (<1 MHz),13CO(2-1),-359.969,0
HD 48370,8,A002_Xe64b7b_X1704c,35.952,491.65708,492.57749,488281.25,920898437.5,6.814e+16,180.5,5.051,6.226,58,512,0.11501,5905.4,2600.6,fine (<1 MHz),CO(4-3),30908.074,0
HD 48370,8,A002_Xe64b7b_X1704c,35.952,493.24424,495.07237,15625000.0,1843750000.0,2.788e+17,23.07,2.855,4.406,247,512,0.48343,5929.9,2600.6,"coarse (>5 MHz, continuum-mode -- weak technosignature constraint)",CO(4-3),33796.99,0
HD 48370,8,A002_Xe64b7b_X1704c,35.952,481.05674,479.25987,15625000.0,1812500000.0,2.21e+17,18.29,2.808,4.673,305,512,0.59649,5761.9,2600.6,"coarse (>5 MHz, continuum-mode -- weak technosignature constraint)",CO(4-3),19671.994,0
HD 48370,8,A002_Xe64b7b_X1704c,35.952,483.01474,481.21787,15625000.0,1812500000.0,2.271e+17,18.8,2.171,4.593,493,512,0.96296,5785.4,2600.6,"coarse (>5 MHz, continuum-mode -- weak technosignature constraint)",CO(4-3),21942.494,0
HD 89452,6,A002_X1263402_X816f,36.227,233.90126,232.07313,15625000.0,1843750000.0,2.417e+16,1.97,3.619,4.464,29,512,0.05848,2795.8,3550.2,"coarse (>5 MHz, continuum-mode -- weak technosignature constraint)",CO(2-1),1910.133,0
HD 89452,6,A002_X1263402_X816f,36.227,244.07313,245.90126,15625000.0,1843750000.0,2.517e+16,2.052,2.777,4.437,240,512,0.46979,2939.8,3550.2,"coarse (>5 MHz, continuum-mode -- weak technosignature constraint)",CS(5-4),-581.617,0
HD 89452,6,A002_X1263402_X816f,36.227,246.07313,247.90126,15625000.0,1843750000.0,2.771e+16,2.259,2.6,5.184,359,512,0.70175,2963.8,3550.2,"coarse (>5 MHz, continuum-mode -- weak technosignature constraint)",CS(5-4),1762.133,0
HD 89452,6,A002_X1263402_X816f,36.227,231.39199,229.6664,976562.5,1726562500.0,8.539e+15,11.14,4.792,6.013,42,512,0.083821,2766.4,2872.8,fine (<1 MHz),CO(2-1),-300.308,0
HD61005,6,A002_X74fea5_Xd70,36.451,230.10872,230.97127,244140.625,862792968.75,7.603e+14,3.918,4.349,6.008,463,512,0.90448,2766.5,2419.2,fine (<1 MHz),CO(2-1),-14.727,0
HD61005,6,A002_X74fea5_Xd70,36.451,227.127,228.86137,15625000.0,1750000000.0,5.428e+15,0.437,3.655,4.391,17,512,0.035088,2735.9,2419.2,"coarse (>5 MHz, continuum-mode -- weak technosignature constraint)",CO(2-1),-2473.501,0
HD61005,6,A002_X74fea5_Xd70,36.451,215.86171,214.12733,15625000.0,1750000000.0,5.206e+15,0.4192,2.027,4.668,463,512,0.90448,2579.9,2419.2,"coarse (>5 MHz, continuum-mode -- weak technosignature constraint)",SiO(5-4),-2712.044,0
HD61005,6,A002_X74fea5_Xd70,36.451,213.86176,212.12738,15625000.0,1750000000.0,5.68e+15,0.4573,2.194,4.266,421,512,0.82261,2555.9,2419.2,"coarse (>5 MHz, continuum-mode -- weak technosignature constraint)",SiO(5-4),-4852.618,0
HD61005,8,A002_Xe4f0a6_X3658,36.451,493.27178,495.09991,15625000.0,1843750000.0,1.57e+16,1.264,2.79,4.873,277,512,0.54191,5930.2,2939.3,"coarse (>5 MHz, continuum-mode -- weak technosignature constraint)",CO(4-3),32855.781,0
HD61005,8,A002_Xe4f0a6_X3658,36.451,481.09991,479.27178,15625000.0,1843750000.0,1.328e+16,1.069,3.56,4.729,45,512,0.089669,5762.2,2939.3,"coarse (>5 MHz, continuum-mode -- weak technosignature constraint)",CO(4-3),18762.031,0
HD61005,8,A002_Xe4f0a6_X3658,36.451,483.05791,481.22978,15625000.0,1843750000.0,1.408e+16,1.133,3.152,4.607,141,512,0.2768,5785.7,2939.3,"coarse (>5 MHz, continuum-mode -- weak technosignature constraint)",CO(4-3),20735.656,0
HD61005,8,A002_Xe4f0a6_X3658,36.451,491.71401,492.5768,488281.25,863281250.0,3.912e+15,10.08,4.481,6.055,335,512,0.65497,5905.7,2177.3,fine (<1 MHz),CO(4-3),31002.113,0
CP-72 2713,6,A002_Xc296d2_X148c,36.722,230.50654,230.96662,122070.3125,460205078.125,3.468e+15,35.22,4.915,5.854,182,512,0.35673,2768.8,1905.1,fine (<1 MHz),CO(2-1),14.074,0
CP-72 2713,6,A002_Xc296d2_X148c,36.722,232.62602,234.36039,15625000.0,1750000000.0,3.589e+16,2.847,2.505,5.158,342,512,0.66862,2801.9,1905.1,"coarse (>5 MHz, continuum-mode -- weak technosignature constraint)",CO(2-1),2806.766,0
CP-72 2713,6,A002_Xc296d2_X148c,36.722,217.86087,216.1265,15625000.0,1750000000.0,3.468e+16,2.751,2.628,4.442,259,512,0.50682,2603.9,1905.1,"coarse (>5 MHz, continuum-mode -- weak technosignature constraint)",SiO(5-4),-744.129,0
CP-72 2713,6,A002_Xc296d2_X148c,36.722,220.40578,218.56545,488281.25,1840820312.5,6.284e+15,15.95,4.373,5.405,323,512,0.63158,2633.8,1905.1,fine (<1 MHz),C18O(2-1),-276.293,0
CP-72 2713,7,A002_Xff0235_X4a6d,36.722,334.08816,332.26003,15625000.0,1843750000.0,4.049e+15,0.3212,2.366,4.449,445,512,0.8694,3998.1,4009.8,"coarse (>5 MHz, continuum-mode -- weak technosignature constraint)",CO(3-2),-13426.592,0
CP-72 2713,7,A002_Xff0235_X4a6d,36.722,342.30925,344.13738,15625000.0,1843750000.0,3.851e+15,0.3055,2.225,4.38,472,512,0.92203,4118.7,4009.8,"coarse (>5 MHz, continuum-mode -- weak technosignature constraint)",CO(3-2),-2392.998,0
CP-72 2713,7,A002_Xff0235_X4a6d,36.722,332.14475,330.41966,488281.25,1725585937.5,9.188e+14,2.332,4.544,5.673,303,512,0.59259,3975.4,2993.8,fine (<1 MHz),CO(3-2),-13866.09,0
CP-72 2713,7,A002_Xff0235_X4a6d,36.722,344.25266,345.97775,488281.25,1725585937.5,8.261e+14,2.097,5.809,5.683,0,512,0.0019493,4141.4,2993.8,fine (<1 MHz),CO(3-2),-1526.254,1
HD170773,6,A002_Xce574d_X123f,36.935,242.26222,243.9966,15625000.0,1750000000.0,3.31e+15,0.2596,2.285,4.121,352,512,0.68811,2917.6,973.7,"coarse (>5 MHz, continuum-mode -- weak technosignature constraint)",CS(5-4),-2439.402,0
HD170773,6,A002_Xce574d_X123f,36.935,244.26246,245.99684,15625000.0,1750000000.0,3.468e+15,0.272,2.747,4.684,168,512,0.32943,2941.6,973.7,"coarse (>5 MHz, continuum-mode -- weak technosignature constraint)",CS(5-4),-423.535,0
HD170773,6,A002_Xce574d_X123f,36.935,228.09955,226.37445,488281.25,1725585937.5,5.599e+14,1.405,4.417,5.612,132,512,0.25926,2726.8,846.7,fine (<1 MHz),CO(2-1),-3986.794,0
HD170773,6,A002_Xce574d_X123f,36.935,230.99039,229.26529,488281.25,1725585937.5,5.472e+14,1.373,4.179,5.878,264,512,0.51657,2761.5,846.7,fine (<1 MHz),CO(2-1),-351.813,0
HD170773,7,A002_Xff0235_X8c42,36.935,332.21521,330.37488,488281.25,1840820312.5,9.113e+15,22.87,5.143,5.837,58,512,0.11501,3975.5,2963.5,fine (<1 MHz),CO(3-2),-15185.279,0
HD170773,7,A002_Xff0235_X8c42,36.935,334.10081,332.27269,15625000.0,1843750000.0,4.103e+16,3.218,2.814,4.631,285,512,0.5575,3998.2,2963.5,"coarse (>5 MHz, continuum-mode -- weak technosignature constraint)",CO(3-2),-12820.19,0
HD170773,7,A002_Xff0235_X8c42,36.935,342.32228,344.15041,15625000.0,1843750000.0,3.987e+16,3.127,3.194,4.238,108,512,0.21248,4118.8,2963.5,"coarse (>5 MHz, continuum-mode -- weak technosignature constraint)",CO(3-2),-2739.344,0
HD170773,7,A002_Xff0235_X8c42,36.935,344.20788,346.04821,488281.25,1840820312.5,8.209e+15,20.6,4.462,6.669,420,512,0.82066,4141.5,2963.5,fine (<1 MHz),CO(3-2),-647.204,0
TWA 3A 696000,6,A002_Xd3607d_X6487,37.055,231.68343,233.51155,15625000.0,1843750000.0,2.013e+15,0.1566,2.806,4.484,223,512,0.43665,2791.2,3507.8,"coarse (>5 MHz, continuum-mode -- weak technosignature constraint)",CO(2-1),2770.43,0
TWA 3A 696000,6,A002_Xd3607d_X6487,37.055,219.8999,218.07178,15625000.0,1843750000.0,1.989e+15,0.1547,3.094,4.513,114,512,0.22417,2627.8,3507.8,"coarse (>5 MHz, continuum-mode -- weak technosignature constraint)",H2CO,552.901,0
TWA 3A 696000,6,A002_Xd3607d_X6487,37.055,230.42768,230.64338,122070.3125,215820312.5,3.129e+14,3.115,4.79,6.066,225,512,0.44055,2766.4,2872.8,fine (<1 MHz),CO(2-1),-87.128,0
TWA 3A 696000,6,A002_Xd3607d_X6487,37.055,220.50414,220.28845,122070.3125,215820312.5,3.317e+14,3.303,4.742,5.741,238,512,0.46589,2644.8,2872.8,fine (<1 MHz),13CO(2-1),11.76,0
Barta 161 12,7,A002_Xce1e34_X1fb8,37.281,347.04822,348.78259,15625000.0,1750000000.0,6.767e+15,0.5206,2.823,4.152,171,512,0.33528,4175.0,1258.0,"coarse (>5 MHz, continuum-mode -- weak technosignature constraint)",CO(3-2),1689.719,0
Barta 161 12,7,A002_Xce1e34_X1fb8,37.281,336.78259,335.04822,15625000.0,1750000000.0,5.783e+15,0.445,3.199,4.643,62,512,0.12281,4031.0,1258.0,"coarse (>5 MHz, continuum-mode -- weak technosignature constraint)",CO(3-2),-10466.531,0
Barta 161 12,7,A002_Xce1e34_X1fb8,37.281,334.88709,333.15272,15625000.0,1750000000.0,6.64e+15,0.5109,1.724,4.5,506,512,0.9883,4008.2,1258.0,"coarse (>5 MHz, continuum-mode -- weak technosignature constraint)",CO(3-2),-11737.031,0
Barta 161 12,7,A002_Xce1e34_X1fb8,37.281,345.15736,346.88246,488281.25,1725585937.5,1.128e+15,2.776,4.051,5.555,429,512,0.83821,4152.2,877.0,fine (<1 MHz),CO(3-2),200.225,0
HD377,6,A002_X1239f8e_Xa43b,38.404,233.88862,232.0605,15625000.0,1843750000.0,4.229e+16,3.068,1.948,3.941,494,512,0.96491,2795.7,2745.8,"coarse (>5 MHz, continuum-mode -- weak technosignature constraint)",CO(2-1),2928.746,0
HD377,6,A002_X1239f8e_Xa43b,38.404,244.0605,245.88862,15625000.0,1843750000.0,4.438e+16,3.219,2.692,4.177,197,512,0.38596,2939.7,2745.8,"coarse (>5 MHz, continuum-mode -- weak technosignature constraint)",CS(5-4),890.121,0
HD377,6,A002_X1239f8e_Xa43b,38.404,246.0605,247.88862,15625000.0,1843750000.0,4.902e+16,3.556,2.792,4.522,215,512,0.42105,2963.7,2745.8,"coarse (>5 MHz, continuum-mode -- weak technosignature constraint)",CS(5-4),1390.121,0
HD377,6,A002_X1239f8e_Xa43b,38.404,231.37935,229.65377,976562.5,1726562500.0,1.48e+16,17.17,4.509,5.385,115,512,0.22612,2766.2,2237.8,fine (<1 MHz),CO(2-1),379.438,0
HD 139084B 921024,7,A002_Xcd8029_Xb6b0,38.716,347.03572,348.77009,15625000.0,1750000000.0,1.023e+16,0.5799,2.405,5.194,374,512,0.73099,4174.8,1409.2,"coarse (>5 MHz, continuum-mode -- weak technosignature constraint)",CO(3-2),2489.719,0
HD 139084B 921024,7,A002_Xcd8029_Xb6b0,38.716,336.77009,335.03572,15625000.0,1750000000.0,8.726e+15,0.5024,2.491,4.248,301,512,0.58869,4030.8,1409.2,"coarse (>5 MHz, continuum-mode -- weak technosignature constraint)",CO(3-2),-9979.031,0
HD 139084B 921024,7,A002_Xcd8029_Xb6b0,38.716,334.87459,333.14022,15625000.0,1750000000.0,1.007e+16,0.581,2.33,4.667,407,512,0.79532,4008.1,1409.2,"coarse (>5 MHz, continuum-mode -- weak technosignature constraint)",CO(3-2),-11577.656,0
HD 139084B 921024,7,A002_Xcd8029_Xb6b0,38.716,345.14486,346.86995,488281.25,1725585937.5,1.714e+15,3.118,4.153,18.389,429,512,0.83821,4152.1,1028.2,fine (<1 MHz),CO(3-2),-467.061,0
HIP 490,6,A002_X74c92c_X6d5,38.83,230.09677,230.95932,244140.625,862792968.75,4.361e+14,1.98,4.816,6.037,141,512,0.2768,2766.3,2237.8,fine (<1 MHz),CO(2-1),-13.253,0
HIP 490,6,A002_X74c92c_X6d5,38.83,227.11354,228.84792,15625000.0,1750000000.0,3.289e+15,0.2333,2.74,4.383,200,512,0.39181,2735.8,2237.8,"coarse (>5 MHz, continuum-mode -- weak technosignature constraint)",CO(2-1),-1940.085,0
HIP 490,6,A002_X74c92c_X6d5,38.83,215.84901,214.11464,15625000.0,1750000000.0,3.42e+15,0.2427,2.597,4.253,270,512,0.52827,2579.8,2237.8,"coarse (>5 MHz, continuum-mode -- weak technosignature constraint)",SiO(5-4),-2755.986,0
HIP 490,6,A002_X74c92c_X6d5,38.83,213.84918,212.11481,15625000.0,1750000000.0,3.658e+15,0.2595,2.536,4.243,274,512,0.53606,2555.8,2237.8,"coarse (>5 MHz, continuum-mode -- weak technosignature constraint)",SiO(5-4),-3302.692,0
