eb,project_code,epoch_mjd,date_utc,epoch_source
A002_X1001fdc_X2085,2022.1.00338.L,59868.174845,2022-10-16,block
A002_X1001fdc_X29ae,2022.1.00338.L,59869.261997,2022-10-17,block
A002_X1001fdc_Xc06e,2022.1.00338.L,59868.156513,2022-10-16,block
A002_X1003af4_X14e08,2022.1.00338.L,59868.156513,2022-10-16,ous
A002_X1003af4_X3a2c,2022.1.00338.L,59868.156513,2022-10-16,ous
A002_X1006d51_X228e,2022.1.00338.L,59868.156513,2022-10-16,ous
A002_X1009c59_X1ba4d,2021.2.00097.S,59710.338042,2022-05-11,block
A002_X101088d_Xbf80,2022.1.00338.L,59868.156513,2022-10-16,ous
A002_X1015532_X20dc8,2021.2.00097.S,59710.325934,2022-05-11,ous
A002_X1018459_X73b0,2021.2.00097.S,59714.163604,2022-05-15,block
A002_X1020da2_X78cd,2021.2.00097.S,59710.325934,2022-05-11,ous
A002_X10228b9_X423,2022.1.00338.L,59958.606190,2023-01-14,block
A002_X1066403_Xbbde,2022.1.00338.L,60065.019469,2023-05-01,block
A002_X106a1f1_X6a0c,2022.1.01163.S,60070.149718,2023-05-06,block
A002_X106b646_X1295,2022.1.01163.S,60070.149718,2023-05-06,ous
A002_X106b646_X19c5,2022.1.01163.S,60070.149718,2023-05-06,ous
A002_X106ccd1_X1a38,2022.1.01163.S,60070.149718,2023-05-06,ous
A002_X106ccd1_Xbe52,2022.1.01163.S,60070.149718,2023-05-06,ous
A002_X106ccd1_Xc4a6,2022.1.01163.S,60070.149718,2023-05-06,ous
A002_X106f040_X13932,2022.1.01163.S,60070.149718,2023-05-06,ous
A002_X106f040_X148f3,2022.1.01163.S,60070.149718,2023-05-06,ous
A002_X106f040_X26c7,2022.1.01163.S,60070.149718,2023-05-06,ous
A002_X106f040_X2b06,2022.1.01163.S,60070.149718,2023-05-06,ous
A002_X106f040_X2e59,2022.1.01163.S,60070.149718,2023-05-06,ous
A002_X107376c_X12b9,2022.1.01163.S,60071.080573,2023-05-07,block
A002_X107376c_X4442,2022.1.00793.S,60080.424574,2023-05-16,block
A002_X1074d99_X167,2022.1.01163.S,60070.149718,2023-05-06,ous
A002_X1074d99_X74e,2022.1.01163.S,60070.149718,2023-05-06,ous
A002_X1076174_X11cc,2022.1.01163.S,60070.149718,2023-05-06,ous
A002_X107649f_X868f,2022.1.01163.S,60070.149718,2023-05-06,ous
A002_X107649f_X8f30,2022.1.01163.S,60070.149718,2023-05-06,ous
A002_X1077d5b_X9976,2022.1.01163.S,60070.149718,2023-05-06,ous
A002_X1077d5b_Xa63d,2022.1.01163.S,60070.149718,2023-05-06,ous
A002_X107fa96_X150f6,2022.1.00338.L,59868.156513,2022-10-16,ous
A002_X107fa96_X9a88,2022.1.00338.L,59868.156513,2022-10-16,ous
A002_X107fa96_Xce38,2022.1.01163.S,60097.107181,2023-06-02,block
A002_X10854a6_X3ac1,2022.1.01163.S,60103.280758,2023-06-08,block
A002_X1086384_X10bc1,2022.1.00338.L,59868.156513,2022-10-16,ous
A002_X1086384_Xdeeb,2022.1.01163.S,60097.107181,2023-06-02,ous
A002_X1088045_X3c7b,2022.1.00338.L,59868.156513,2022-10-16,ous
A002_X1088045_X4ebc,2022.1.01163.S,60097.107181,2023-06-02,ous
A002_X1088045_X51df,2022.1.01163.S,60097.107181,2023-06-02,ous
A002_X1088045_X5c31,2022.1.01163.S,60097.107181,2023-06-02,ous
A002_X108c378_X1ced,2022.1.01163.S,60097.107181,2023-06-02,ous
A002_X108c378_X26b3,2022.1.01163.S,60097.107181,2023-06-02,ous
A002_X108c378_X2a0f,2022.1.01163.S,60097.107181,2023-06-02,ous
A002_X108c378_X331a,2022.1.01163.S,60097.107181,2023-06-02,ous
A002_X108c378_X3ab4,2022.1.01163.S,60112.372929,2023-06-17,block
A002_X1093ae8_X14a7,2022.1.01163.S,60097.107181,2023-06-02,ous
A002_X1093ae8_X1c39,2022.1.01163.S,60097.107181,2023-06-02,ous
A002_X1093ae8_X2228,2022.1.01163.S,60097.107181,2023-06-02,ous
A002_X1093ae8_Xe18,2022.1.01163.S,60097.107181,2023-06-02,ous
A002_X1097a87_X1ba1,2022.1.01163.S,60097.107181,2023-06-02,ous
A002_X1097a87_X1e64,2022.1.01163.S,60097.107181,2023-06-02,ous
A002_X1097a87_X22ab,2022.1.01163.S,60097.107181,2023-06-02,ous
A002_X1097a87_X75ae,2022.1.01163.S,60097.107181,2023-06-02,ous
A002_X1097a87_X795f,2022.1.01163.S,60097.107181,2023-06-02,ous
A002_X10a341d_X82d2,2022.1.00134.S,60142.757926,2023-07-17,block
A002_X10a341d_Xdc45,2022.1.00134.S,60142.757926,2023-07-17,ous
A002_X10a513c_X389e,2022.1.00134.S,60144.681849,2023-07-19,block
A002_X10a513c_X3b99,2022.1.00134.S,60142.757926,2023-07-17,ous
A002_X10b0d7d_X323f,2022.1.00134.S,60162.389305,2023-08-06,block
A002_X10b22d7_X1d34,2022.1.00134.S,60164.354774,2023-08-08,block
A002_X10b22d7_X2445,2022.1.00134.S,60162.389305,2023-08-06,ous
A002_X10b33b1_X1ca0,2022.1.00134.S,60165.581360,2023-08-09,block
A002_X10b33b1_Xf94,2022.1.00134.S,60162.389305,2023-08-06,ous
A002_X10b6f7c_X850c,2022.1.00134.S,60164.758724,2023-08-08,block
A002_X1171dca_X5df0,2022.1.00338.L,60438.583889,2024-05-08,block
A002_X11d9ce7_X5257,2023.1.00487.S,60571.458139,2024-09-18,block
A002_X11e10bc_X12662,2023.1.00390.S,60581.660127,2024-09-28,block
A002_X1207c39_X9417,2024.1.00722.S,60629.332464,2024-11-15,block
A002_X12209f7_X163ba,2024.1.00722.S,60629.332464,2024-11-15,ous
A002_X12209f7_X16edb,2024.1.00722.S,60629.332464,2024-11-15,ous
A002_X12235df_X7876,2024.1.00722.S,60629.332464,2024-11-15,ous
A002_X12235df_X8337,2024.1.00722.S,60659.330976,2024-12-15,block
A002_X12277ed_X178c6,2024.1.00722.S,60629.332464,2024-11-15,ous
A002_X12277ed_X22e53,2024.1.00165.S,60666.400122,2024-12-22,block
A002_X122b6ff_X1041e,2023.1.00390.S,60668.404662,2024-12-24,block
A002_X122b6ff_X18e15,2024.1.00165.S,60669.530649,2024-12-25,block
A002_X1237e23_Xdb0,2024.1.01095.S,60681.786016,2025-01-06,block
A002_X1239f8e_Xa43b,2024.1.00595.S,60684.899532,2025-01-09,block
A002_X1240efd_X13b03,2024.1.01095.S,60694.646144,2025-01-19,block
A002_X1240efd_X14140,2024.1.01095.S,60694.691042,2025-01-19,block
A002_X1240efd_X14e83,2024.1.01095.S,60681.786016,2025-01-06,ous
A002_X1263402_X816f,2024.1.00595.S,60754.068618,2025-03-20,block
A002_X1263402_X856c,2024.1.00595.S,60754.068618,2025-03-20,ous
A002_X1263402_Xb082,2024.1.00595.S,60684.899532,2025-01-09,ous
A002_X1264cde_X258b,2024.1.00595.S,60755.065122,2025-03-21,block
A002_X1264cde_X2d40,2024.1.00595.S,60754.068618,2025-03-20,ous
A002_X126787e_X1170,2024.1.00595.S,60754.068618,2025-03-20,ous
A002_X126787e_X1c15,2024.1.00595.S,60754.068618,2025-03-20,ous
A002_X126787e_X227e,2024.1.00595.S,60758.144299,2025-03-24,block
A002_X12694b3_Xab7,2024.1.00595.S,60754.068618,2025-03-20,ous
A002_X126c7ed_Xe9d,2024.1.00595.S,60763.992927,2025-03-29,block
A002_X126fc6d_Xc894,2024.1.00595.S,60763.992927,2025-03-29,ous
A002_X12754c1_X9b5,2024.1.00595.S,60763.992927,2025-03-29,ous
A002_X1275eb2_Xe05,2024.1.00595.S,60775.996338,2025-04-10,block
A002_X12771d5_X10e06,2024.1.00595.S,60763.992927,2025-03-29,ous
A002_X12771d5_X3b63,2024.1.00595.S,60763.992927,2025-03-29,ous
A002_X12771d5_X9f13,2024.1.00595.S,60763.992927,2025-03-29,ous
A002_X128b034_X11ca9,2024.1.00165.S,60666.400122,2024-12-22,ous
A002_X128b034_X187cc,2024.1.00595.S,60805.771960,2025-05-10,block
A002_X12925a3_Xa4b1,2024.1.01095.S,60812.334017,2025-05-17,block
A002_X1294347_X1af7f,2024.1.00595.S,60805.771960,2025-05-10,ous
A002_X1294347_X1b730,2024.1.00595.S,60805.771960,2025-05-10,ous
A002_X1294347_X5c2e,2024.1.00595.S,60805.771960,2025-05-10,ous
A002_X129691d_X6985,2024.1.00595.S,60805.771960,2025-05-10,ous
A002_X129754b_X1a931,2024.1.01095.S,60820.431673,2025-05-25,block
A002_X129754b_X2363e,2024.1.01095.S,60812.334017,2025-05-17,ous
A002_X129754b_X23b68,2024.1.01095.S,60812.334017,2025-05-17,ous
A002_X129754b_X2b51b,2024.1.01095.S,60812.334017,2025-05-17,ous
A002_X129754b_X6946,2024.1.00595.S,60805.771960,2025-05-10,ous
A002_X129754b_X70a9,2024.1.00595.S,60805.771960,2025-05-10,ous
A002_X12a079b_X22389,2024.A.00040.S,60831.347739,2025-06-05,block
A002_X12a079b_Xf640,2024.1.01095.S,60812.334017,2025-05-17,ous
A002_X12a8fc8_X10b8,2024.A.00040.S,60837.267541,2025-06-11,block
A002_X12a8fc8_X1980,2024.A.00040.S,60837.258735,2025-06-11,ous
A002_X12a8fc8_X2201,2024.A.00040.S,60837.258735,2025-06-11,ous
A002_X12a8fc8_Xb82,2024.A.00040.S,60837.321593,2025-06-11,block
A002_X12ac5b5_X14ae,2024.A.00040.S,60843.308599,2025-06-17,block
A002_X12b3da5_X2f34,2024.1.00595.S,60859.486659,2025-07-03,block
A002_X12b3da5_X4411,2024.1.00595.S,60859.661217,2025-07-03,block
A002_X12b487b_X386a,2024.A.00040.S,60861.220874,2025-07-05,block
A002_X12b966a_X38de,2024.A.00040.S,60867.216838,2025-07-11,block
A002_X6f1341_X1484,2012.1.00142.S,56571.266163,2013-10-06,block
A002_X7116f1_X1785,2012.1.00142.S,56596.396354,2013-10-31,block
A002_X74c92c_X6d5,2012.1.00437.S,56627.031609,2013-12-01,block
A002_X74deb6_Xff1,2012.1.00268.S,56628.294808,2013-12-02,block
A002_X74fea5_Xd70,2012.1.00437.S,56630.332516,2013-12-04,block
A002_X75bfbf_X1430,2012.1.00385.S,56641.352009,2013-12-15,block
A002_X75bfbf_Xace,2012.1.00142.S,56641.161884,2013-12-15,block
A002_X7d194b_X58f,2012.1.00437.S,56736.163828,2014-03-20,block
A002_X7d80c7_X15c6,2012.1.00198.S,56742.393338,2014-03-26,block
A002_X8602fa_X509f,2013.1.00588.S,56845.379264,2014-07-07,block
A002_X877e41_X14c1,2012.1.00993.S,56799.475245,2014-05-22,block
A002_X899169_X1838,2012.1.00198.S,56887.158226,2014-08-18,block
A002_X9707f1_Xa89,2013.1.00588.S,57006.066056,2014-12-15,block
A002_X9db5ce_X224b,2013.1.00359.S,57121.244370,2015-04-09,block
A002_X9f2ff8_X25b0,2013.1.01214.S,57138.505413,2015-04-26,block
A002_Xa42f75_X319,2012.1.00198.S,57197.142694,2015-06-24,block
A002_Xa68906_X1590,2013.1.01147.S,57227.136871,2015-07-24,block
A002_Xa7a216_X23e4,2012.1.00142.S,57242.435145,2015-08-08,block
A002_Xa95c04_X14cd,2013.1.01147.S,57265.272281,2015-08-31,block
A002_Xb0be8b_X785f,2015.1.00307.S,57469.972095,2016-03-22,block
A002_Xb0ebd1_X1855,2015.1.00307.S,57473.035818,2016-03-26,block
A002_Xb25e1a_Xed74,2015.1.00783.S,57509.707256,2016-05-01,block
A002_Xb28642_Xcff3,2015.1.00307.S,57512.465718,2016-05-04,block
A002_Xb2e94e_X361a,2015.1.00307.S,57521.173806,2016-05-13,block
A002_Xb2f730_X5b37,2015.1.00307.S,57521.173806,2016-05-13,ous
A002_Xb2f730_X9e28,2015.1.00783.S,57509.707256,2016-05-01,ous
A002_Xb39557_X3789,2015.1.00307.S,57534.467472,2016-05-26,block
A002_Xb3d48f_X26f7,2015.1.00307.S,57534.467472,2016-05-26,ous
A002_Xb47876_X3918,2015.1.00633.S,57557.718470,2016-06-18,block
A002_Xb54d65_X727,2015.1.01260.S,57581.401729,2016-07-12,block
A002_Xb77b17_X3940,2015.1.01015.S,57632.564547,2016-09-01,block
A002_Xb825df_X2265,2015.1.01015.S,57632.564547,2016-09-01,ous
A002_Xb95160_X3e24,2016.1.00358.S,57674.389380,2016-10-13,block
A002_Xb99071_X3ca,2016.1.00515.S,57680.069234,2016-10-19,block
A002_Xb999fd_X148,2016.1.00104.S,57681.663633,2016-10-20,block
A002_Xb9a2bb_X1899,2016.1.00817.S,57683.088290,2016-10-22,block
A002_Xb9b1b9_X971,2016.1.00817.S,57683.088290,2016-10-22,ous
A002_Xb9c01c_X41a2,2016.1.00104.S,57685.424225,2016-10-24,block
A002_Xb9cc97_X150a,2016.1.00803.S,57686.085886,2016-10-25,block
A002_Xb9cc97_X1734,2016.1.00803.S,57686.085886,2016-10-25,ous
A002_Xb9cc97_X193f,2016.1.00803.S,57686.085886,2016-10-25,ous
A002_Xba0af7_X8a66,2016.1.00104.S,57694.525636,2016-11-02,block
A002_Xba3ea7_X2ab4,2016.1.00817.S,57698.827795,2016-11-06,block
A002_Xba460f_X7e6,2016.1.00803.S,57686.085886,2016-10-25,ous
A002_Xba4d35_Xb3a3,2016.1.00803.S,57686.085886,2016-10-25,ous
A002_Xbaa732_X1627,2016.1.00803.S,57686.085886,2016-10-25,ous
A002_Xbb44e1_X5d00,2016.1.00817.S,57723.850995,2016-12-01,block
A002_Xbb9cd7_X40d5,2016.1.00104.S,57733.377131,2016-12-11,block
A002_Xbbadbe_X3846,2016.1.00104.S,57735.365702,2016-12-13,block
A002_Xbbcb1f_X7dd5,2016.1.00104.S,57735.365702,2016-12-13,ous
A002_Xbcef34_X2720,2016.A.00013.S,57774.383342,2017-01-21,block
A002_Xbe2ed7_X7c91,2016.1.00104.S,57834.156708,2017-03-22,block
A002_Xbe7502_X2047,2016.1.00637.S,57840.213019,2017-03-28,block
A002_Xbf1cbb_X6176,2016.1.00515.S,57858.482851,2017-04-15,block
A002_Xbf792a_X26ec,2016.1.00878.S,57865.330624,2017-04-22,block
A002_Xc067f7_X822,2016.2.00015.S,57890.056591,2017-05-17,block
A002_Xc074d4_X2e6,2016.2.00015.S,57892.061407,2017-05-19,block
A002_Xc079b5_X1ae,2016.2.00015.S,57890.056591,2017-05-17,ous
A002_Xc079b5_X82f,2016.2.00015.S,57890.056591,2017-05-17,ous
A002_Xc19d6f_X19ce,2016.2.00015.S,57936.348095,2017-07-02,block
A002_Xc19d6f_X1c16,2016.2.00015.S,57936.427185,2017-07-02,block
A002_Xc19d6f_X5706,2016.2.00015.S,57937.222232,2017-07-03,block
A002_Xc20718_X2fcf,2016.2.00015.S,57947.650468,2017-07-13,block
A002_Xc23361_Xb5c9,2016.2.00015.S,57953.617750,2017-07-19,block
A002_Xc26103_X155a,2016.2.00200.S,57954.674642,2017-07-20,block
A002_Xc296d2_X148c,2016.2.00200.S,57959.262357,2017-07-25,block
A002_Xc6141c_X3af0,2017.1.00786.S,58053.110767,2017-10-27,block
A002_Xc66ce1_X1345,2017.1.00786.S,58061.219907,2017-11-04,block
A002_Xc66ce1_Xaa9,2017.1.00786.S,58061.125274,2017-11-04,block
A002_Xc67b7e_X1f16,2017.1.00786.S,58062.273328,2017-11-05,block
A002_Xc68b3e_X107b,2017.1.00786.S,58061.125274,2017-11-04,ous
A002_Xc694dd_X3e5f,2017.1.00786.S,58061.125274,2017-11-04,ous
A002_Xc694dd_X41ca,2017.1.00786.S,58061.125274,2017-11-04,ous
A002_Xc6a3db_X7b5b,2017.1.00786.S,58053.110767,2017-10-27,ous
A002_Xc6b674_X28f5,2017.1.00786.S,58061.125274,2017-11-04,ous
A002_Xc6c0d5_X121e,2017.1.00786.S,58053.110767,2017-10-27,ous
A002_Xc6d2f9_X7060,2017.1.00786.S,58061.125274,2017-11-04,ous
A002_Xc6e968_X1339,2017.1.00786.S,58061.125274,2017-11-04,ous
A002_Xc6fa08_X1053,2017.1.00786.S,58075.231685,2017-11-18,block
A002_Xc7111c_X61dc,2017.1.00786.S,58053.110767,2017-10-27,ous
A002_Xc74b5b_X7c16,2017.1.01644.S,58086.305102,2017-11-29,block
A002_Xc77d4f_X6247,2017.1.01644.S,58086.305102,2017-11-29,ous
A002_Xc7a409_X5de8,2017.1.01644.S,58086.305102,2017-11-29,ous
A002_Xc7b4ea_X2729,2017.1.01644.S,58086.305102,2017-11-29,ous
A002_Xc7e4e4_X683a,2017.1.01644.S,58086.305102,2017-11-29,ous
A002_Xc7fa6f_X28a8,2017.1.01644.S,58086.305102,2017-11-29,ous
A002_Xc805c1_X1ab2,2017.1.01644.S,58086.305102,2017-11-29,ous
A002_Xc83b78_X256c,2017.1.01644.S,58086.305102,2017-11-29,ous
A002_Xc8592e_Xd319,2017.1.01644.S,58114.279761,2017-12-27,block
A002_Xc8b2b0_X9c35,2017.1.01644.S,58123.010612,2018-01-05,block
A002_Xc8ed16_Xafd5,2017.1.01644.S,58086.305102,2017-11-29,ous
A002_Xc92012_X6a6f,2017.1.01644.S,58086.305102,2017-11-29,ous
A002_Xc92fe3_X255d,2017.1.01644.S,58123.010612,2018-01-05,ous
A002_Xc92fe3_X4af1,2017.1.01644.S,58086.305102,2017-11-29,ous
A002_Xc92fe3_X9313,2017.1.01644.S,58123.010612,2018-01-05,ous
A002_Xc92fe3_Xa1eb,2017.1.01644.S,58123.010612,2018-01-05,ous
A002_Xc92fe3_Xaa2f,2017.1.01644.S,58086.305102,2017-11-29,ous
A002_Xc94c38_X1923,2017.1.01644.S,58086.305102,2017-11-29,ous
A002_Xc94c38_Xa4bc,2017.1.01644.S,58123.010612,2018-01-05,ous
A002_Xc94c38_Xad7a,2017.1.01644.S,58123.010612,2018-01-05,ous
A002_Xc94c38_Xb5c5,2017.1.01644.S,58086.305102,2017-11-29,ous
A002_Xc94c38_Xc003,2017.1.01644.S,58086.305102,2017-11-29,ous
A002_Xc96463_X164e,2017.1.01644.S,58123.010612,2018-01-05,ous
A002_Xc96463_X1d7a,2017.1.01644.S,58123.010612,2018-01-05,ous
A002_Xc96463_X281c,2017.1.01644.S,58123.010612,2018-01-05,ous
A002_Xc96463_X30ea,2017.1.01644.S,58086.305102,2017-11-29,ous
A002_Xc96f17_X2a84,2017.1.01644.S,58086.305102,2017-11-29,ous
A002_Xc9831a_X13c7,2017.1.01644.S,58141.064898,2018-01-23,block
A002_Xc9831a_X443,2017.1.00986.S,58140.857251,2018-01-22,block
A002_Xc9831a_Xa0b7,2017.1.01644.S,58086.305102,2017-11-29,ous
A002_Xc9831a_Xe79,2017.1.01644.S,58123.010612,2018-01-05,ous
A002_Xc99ad7_X1619,2017.1.01644.S,58086.305102,2017-11-29,ous
A002_Xc99ad7_X2cc,2017.1.01644.S,58123.010612,2018-01-05,ous
A002_Xc99ad7_X348,2017.1.00698.S,58142.993905,2018-01-24,block
A002_Xc99ad7_X623d,2017.1.00986.S,58140.857251,2018-01-22,ous
A002_Xc99ad7_X67ff,2017.1.00986.S,58140.857251,2018-01-22,ous
A002_Xc99ad7_Xe20,2017.1.01644.S,58123.010612,2018-01-05,ous
A002_Xc9c531_X632d,2017.1.00986.S,58140.857251,2018-01-22,ous
A002_Xc9c531_X67a0,2017.1.00986.S,58140.857251,2018-01-22,ous
A002_Xca464b_Xebf,2017.1.01644.S,58086.305102,2017-11-29,ous
A002_Xcb8a93_X395,2017.1.01644.S,58086.305102,2017-11-29,ous
A002_Xcb8a93_X7bee,2017.1.01644.S,58086.305102,2017-11-29,ous
A002_Xcbb583_Xb78,2017.1.00704.S,58214.968459,2018-04-06,block
A002_Xcbc47c_X2d9,2017.1.01644.S,58086.305102,2017-11-29,ous
A002_Xcbc47c_Xd4,2017.1.00704.S,58215.918195,2018-04-07,block
A002_Xcc3ae3_X12e7,2017.1.01644.S,58123.010612,2018-01-05,ous
A002_Xcc3ae3_Xcea0,2017.1.01644.S,58123.010612,2018-01-05,ous
A002_Xcc626d_X579,2017.1.00698.S,58229.884261,2018-04-21,block
A002_Xcca365_X3822,2017.1.00200.S,58237.492551,2018-04-29,block
A002_Xcccc19_X4dfa,2017.1.00215.S,58241.430486,2018-05-03,block
A002_Xcccc19_X5564,2017.1.00215.S,58241.488127,2018-05-03,block
A002_Xccea8d_X2ff5,2017.1.01583.S,58244.214162,2018-05-06,block
A002_Xcd2acd_X6125,2017.1.01583.S,58249.452482,2018-05-11,block
A002_Xcd64ec_X21c9,2017.1.01583.S,58253.110499,2018-05-15,block
A002_Xcd64ec_X9149,2016.1.00880.S,58253.783731,2018-05-15,block
A002_Xcd8029_Xb6b0,2017.1.01583.S,58256.157538,2018-05-18,block
A002_Xcd97a1_X2377,2017.1.00200.S,58257.166534,2018-05-19,block
A002_Xcd97a1_X2b1e,2017.1.00200.S,58257.216367,2018-05-19,block
A002_Xcd97a1_X3f1e,2017.1.01583.S,58257.321846,2018-05-19,block
A002_Xcda49e_Xdebb,2017.1.00561.S,58259.399873,2018-05-21,block
A002_Xcdb7b8_Xfb16,2017.1.01583.S,58261.497309,2018-05-23,block
A002_Xcdd033_X85ff,2017.1.01583.S,58262.850846,2018-05-24,block
A002_Xce0587_Xe4d0,2017.1.00561.S,58268.383579,2018-05-30,block
A002_Xce1e34_X1fb8,2017.1.01583.S,58269.514269,2018-05-31,block
A002_Xce1e34_X7be,2017.1.00200.S,58269.222715,2018-05-31,block
A002_Xce574d_X123f,2017.1.00200.S,58274.184585,2018-06-05,block
A002_Xce574d_X8706,2017.1.00561.S,58259.399873,2018-05-21,ous
A002_Xcf0c6b_X6513,2017.1.00167.S,58296.416847,2018-06-27,block
A002_Xcf196f_Xabc5,2017.1.00200.S,58298.393072,2018-06-29,block
A002_Xcf525f_X5aa4,2017.1.01583.S,58303.670800,2018-07-04,block
A002_Xcf749a_X36e0,2017.1.00167.S,58306.509638,2018-07-07,block
A002_Xcf749a_X4871,2017.1.01583.S,58306.610900,2018-07-07,block
A002_Xd09670_X1d79,2017.1.00200.S,58298.393072,2018-06-29,ous
A002_Xd09670_X23c5,2017.1.00200.S,58342.344554,2018-08-12,block
A002_Xd0e450_X1e19,2017.1.00215.S,58349.116891,2018-08-19,block
A002_Xd0e450_Xc008,2017.1.00215.S,58241.430486,2018-05-03,ous
A002_Xd0e450_Xc7a1,2017.1.00215.S,58241.430486,2018-05-03,ous
A002_Xd0fb35_X90dc,2017.1.00698.S,58352.647548,2018-08-22,block
A002_Xd10f82_X2635,2017.1.01583.S,58353.504126,2018-08-23,block
A002_Xd10f82_X706f,2017.1.01583.S,58354.331393,2018-08-24,block
A002_Xd10f82_X7829,2017.1.01583.S,58354.331393,2018-08-24,ous
A002_Xd12f5c_X5deb,2017.1.01644.S,58357.453040,2018-08-27,block
A002_Xd12f5c_Xd7c6,2017.1.01583.S,58358.539143,2018-08-28,block
A002_Xd16a1e_X8d4,2017.1.01644.S,58361.908219,2018-08-31,block
A002_Xd16a1e_Xf0d,2017.1.01644.S,58361.908219,2018-08-31,ous
A002_Xd189ef_X867b,2017.1.01583.S,58357.299926,2018-08-27,block
A002_Xd1b0f3_X2f3,2017.1.01644.S,58361.908219,2018-08-31,ous
A002_Xd1b0f3_Xb67,2017.1.01644.S,58361.908219,2018-08-31,ous
A002_Xd1c06f_X4a7,2017.1.01644.S,58361.908219,2018-08-31,ous
A002_Xd1c06f_X9f4c,2017.1.01644.S,58361.908219,2018-08-31,ous
A002_Xd1c06f_Xf04b,2017.1.01644.S,58123.010612,2018-01-05,ous
A002_Xd1c06f_Xf769,2017.1.01644.S,58123.010612,2018-01-05,ous
A002_Xd1daeb_X282,2017.1.01644.S,58361.908219,2018-08-31,ous
A002_Xd1f23d_X53b2,2017.1.01644.S,58123.010612,2018-01-05,ous
A002_Xd21a3a_X8a5a,2017.1.01644.S,58361.908219,2018-08-31,ous
A002_Xd248b5_X2fa,2017.1.01644.S,58361.908219,2018-08-31,ous
A002_Xd248b5_X5186,2017.1.00698.S,58383.461126,2018-09-22,block
A002_Xd28a9e_Xb92f,2017.1.01644.S,58123.010612,2018-01-05,ous
A002_Xd28a9e_Xbb59,2017.1.01644.S,58123.010612,2018-01-05,ous
A002_Xd28a9e_Xbcdf,2017.1.00698.S,58389.451926,2018-09-28,block
A002_Xd28a9e_Xbd84,2017.1.01644.S,58123.010612,2018-01-05,ous
A002_Xd29c1f_X445c,2017.1.01644.S,58123.010612,2018-01-05,ous
A002_Xd3607d_X6487,2018.1.01545.S,58394.581070,2018-10-03,block
A002_Xd40be0_X749c,2018.1.01545.S,58394.581070,2018-10-03,ous
A002_Xd64dca_X410,2018.1.00045.S,58459.892654,2018-12-07,block
A002_Xd64dca_X820,2018.1.00045.S,58459.892654,2018-12-07,ous
A002_Xd659d4_X211,2018.1.00045.S,58459.892654,2018-12-07,ous
A002_Xd6ebab_X41a3,2018.1.01149.S,58472.409104,2018-12-20,block
A002_Xd86f11_X584b,2018.1.01833.S,58503.787909,2019-01-20,block
A002_Xd9398d_X322a,2018.1.00947.S,58549.227024,2019-03-07,block
A002_Xd9398d_X37e8,2018.1.00947.S,58549.227024,2019-03-07,ous
A002_Xd95042_X2d99,2018.1.01149.S,58551.255274,2019-03-09,block
A002_Xd95042_X5feb,2018.1.01833.S,58551.600707,2019-03-09,block
A002_Xd95042_X67d7,2018.1.01833.S,58503.787909,2019-01-20,ous
A002_Xd9668b_X3a90,2018.1.00072.S,58554.010188,2019-03-12,block
A002_Xd9668b_X3f6e,2018.1.00461.S,58554.082146,2019-03-12,block
A002_Xd9668b_X7c83,2018.1.01833.S,58503.787909,2019-01-20,ous
A002_Xd9668b_X841a,2018.1.01833.S,58503.787909,2019-01-20,ous
A002_Xd9668b_X88ad,2018.1.01833.S,58503.787909,2019-01-20,ous
A002_Xd9668b_Xa9df,2018.1.00072.S,58554.010188,2019-03-12,ous
A002_Xd98580_X3bf6,2018.1.01833.S,58557.860517,2019-03-15,block
A002_Xd99ff3_X152c8,2018.1.01149.S,58562.209296,2019-03-20,block
A002_Xd99ff3_X9611,2018.1.01149.S,58551.255274,2019-03-09,ous
A002_Xd9d7c7_X6fd2,2018.1.01833.S,58563.618965,2019-03-21,block
A002_Xd9d7c7_Xb3d2,2018.1.00126.S,58564.312153,2019-03-22,block
A002_Xd9d7c7_Xbb64,2018.1.00126.S,58564.363046,2019-03-22,block
A002_Xda1250_X6f6b,2018.1.01833.S,58568.652409,2019-03-26,block
A002_Xda1250_X72ef,2018.1.01833.S,58563.618965,2019-03-21,ous
A002_Xda2c82_X62d7,2018.1.01833.S,58570.635355,2019-03-28,block
A002_Xda2c82_X7136,2018.1.01833.S,58557.860517,2019-03-15,ous
A002_Xda2c82_X765d,2018.1.01833.S,58570.907527,2019-03-28,block
A002_Xdaef5a_X6873,2018.1.01833.S,58570.907527,2019-03-28,ous
A002_Xdaef5a_X7167,2018.1.01833.S,58588.924609,2019-04-15,block
A002_Xdb3eb4_X899,2018.1.01833.S,58570.907527,2019-03-28,ous
A002_Xdb4b9a_X108f,2018.1.01833.S,58557.860517,2019-03-15,ous
A002_Xdb7ab7_X140ee,2018.1.00470.S,58604.172428,2019-05-01,block
A002_Xdb7ab7_X5b4e,2018.1.01833.S,58557.860517,2019-03-15,ous
A002_Xdb7ab7_X8bda,2018.1.00470.S,58602.053201,2019-04-29,block
A002_Xdbc154_X138c,2018.1.00470.S,58605.090952,2019-05-02,block
A002_Xdc0d09_X1938,2018.1.00470.S,58609.139529,2019-05-06,block
A002_Xdc21b9_X252f,2018.1.00470.S,58615.007286,2019-05-12,block
A002_Xdc621b_X2bb0,2018.1.01833.S,58623.177699,2019-05-20,block
A002_Xdc946c_X226,2018.1.01833.S,58626.263337,2019-05-23,block
A002_Xdcad18_X305b,2018.1.01833.S,58628.212170,2019-05-25,block
A002_Xdcbe57_X2dd3,2018.1.01833.S,58623.177699,2019-05-20,ous
A002_Xdcf222_X4da7,2018.1.01833.S,58634.041860,2019-05-31,block
A002_Xdd0d37_X17f99,2018.1.01833.S,58570.907527,2019-03-28,ous
A002_Xdd0d37_X18197,2018.1.01833.S,58570.907527,2019-03-28,ous
A002_Xe3da01_X4265,2019.1.01517.S,58808.497197,2019-11-21,block
A002_Xe45e29_Xb7d4,2019.1.01517.S,58808.497197,2019-11-21,ous
A002_Xe48598_Xff51,2019.1.01443.T,58821.615022,2019-12-04,block
A002_Xe4f0a6_X3658,2019.1.01603.S,58827.255663,2019-12-10,block
A002_Xe50c9e_X17ab,2019.1.01681.S,58829.073968,2019-12-12,block
A002_Xe539c7_X113b1,2019.1.01681.S,58834.888779,2019-12-17,block
A002_Xe5808e_X80a1,2019.1.01681.S,58837.705191,2019-12-20,block
A002_Xe64b7b_X1704c,2019.2.00208.S,58857.159763,2020-01-09,block
A002_Xeba1ac_Xbc74,2019.1.00189.S,59337.049559,2021-05-03,block
A002_Xf05a48_X269c,2019.2.00208.S,59465.446521,2021-09-08,block
A002_Xf4df6f_Xc7,2021.1.00485.S,59588.131952,2022-01-09,block
A002_Xf5d76d_X32f1,2021.1.00485.S,59640.968300,2022-03-02,block
A002_Xf5d76d_Xcc5,2021.1.00485.S,59640.968300,2022-03-02,ous
A002_Xf5d76d_Xe19,2021.1.00485.S,59640.968300,2022-03-02,ous
A002_Xf5d76d_Xeb8,2021.1.00485.S,59640.968300,2022-03-02,ous
A002_Xf8f6a9_X10359,2021.2.00097.S,59710.325934,2022-05-11,ous
A002_Xfdb69b_X667a,2021.1.01209.S,59821.673138,2022-08-30,block
A002_Xfdc8ec_X4cec,2021.1.01209.S,59821.673138,2022-08-30,ous
A002_Xfddca6_Xcf25,2021.1.01209.S,59821.673138,2022-08-30,ous
A002_Xfdf45f_X478e,2021.1.01209.S,59827.106176,2022-09-05,block
A002_Xfe2e17_X282,2021.1.01209.S,59827.106176,2022-09-05,ous
A002_Xfe3986_X5c7e,2021.1.01209.S,59827.106176,2022-09-05,ous
A002_Xfe62c1_X398,2021.2.00097.S,59710.325934,2022-05-11,ous
A002_Xfeb5e6_X13ee,2021.1.01209.S,59844.060094,2022-09-22,block
A002_Xfec857_X11fd,2021.1.01209.S,59846.055959,2022-09-24,block
A002_Xfec857_X6b2,2021.1.01209.S,59845.987640,2022-09-23,block
A002_Xfee03e_X82ee,2021.1.01209.S,59849.976552,2022-09-27,block
A002_Xff0235_X26e3,2022.1.00338.L,59853.469733,2022-10-01,block
A002_Xff0235_X4a6d,2022.1.00338.L,59854.017628,2022-10-02,block
A002_Xff0235_X502d,2022.1.00338.L,59854.017628,2022-10-02,ous
A002_Xff0235_X8392,2021.2.00097.S,59710.325934,2022-05-11,ous
A002_Xff0235_X8c42,2022.1.00338.L,59854.951431,2022-10-02,block
A002_Xff294f_X2db6,2022.1.00338.L,59856.201176,2022-10-04,block
A002_Xff294f_X7bf4,2022.1.00338.L,59856.844806,2022-10-04,block
A002_Xff294f_X812c,2022.1.00338.L,59856.929103,2022-10-04,block
A002_Xff294f_Xaf70,2022.1.00338.L,59857.226319,2022-10-05,block
A002_Xff294f_Xc10b,2022.1.00338.L,59856.201176,2022-10-04,ous
A002_Xff45a6_X107fe,2022.1.00338.L,59856.844806,2022-10-04,ous
A002_Xff45a6_X10ca8,2022.1.00338.L,59856.844806,2022-10-04,ous
A002_Xff45a6_X111c3,2022.1.00338.L,59856.844806,2022-10-04,ous
A002_Xff45a6_X8474,2022.1.00338.L,59856.844806,2022-10-04,ous
A002_Xff699e_X7543,2022.1.00338.L,59856.844806,2022-10-04,ous
A002_Xff699e_Xd7,2022.1.00338.L,59856.844806,2022-10-04,ous
A002_Xff81e8_X734e,2022.1.00338.L,59856.844806,2022-10-04,ous
A002_Xff99e1_X1b0c4,2022.1.00338.L,59868.156513,2022-10-16,ous
A002_Xff99e1_X24be0,2022.1.00338.L,59868.156513,2022-10-16,ous
A002_Xff99e1_X2b2ee,2022.1.00338.L,59868.156513,2022-10-16,ous
A002_Xff99e1_X2c3bb,2022.1.00338.L,59868.156513,2022-10-16,ous
A002_Xfff3d8_Xd46,2022.1.00338.L,59868.156513,2022-10-16,ous
A002_Xfffde1_X3835,2022.1.00338.L,59868.156513,2022-10-16,ous
A002_Xfffde1_X9bd6,2022.1.00338.L,59868.156513,2022-10-16,ous
A002_Xfffde1_Xffdf,2022.1.00338.L,59874.179455,2022-10-22,block
