eb,spw,star,band,flo_GHz,fhi_GHz,chanw_Hz,on_source_s_released,on_source_s_repaired,n_int_released,n_int_repaired,rms_mJy_released,rms_mJy_repaired,smin_Jy_released,smin_Jy_repaired,star_peak_snr_released,star_peak_snr_repaired,joined_to_catalogue,released_side_source
A002_Xbf792a_X26ec,0,GaiaDR3_6794047652729201024 [B9],B9,675.127388,676.861763,15625000.0,907.200,2721.600,450,1350,4.679875,3.487405,0.02339937,0.01743702,3.3876,3.1367,1,product
A002_Xbf792a_X26ec,1,GaiaDR3_6794047652729201024 [B9],B9,677.127388,678.861763,15625000.0,907.200,2721.600,450,1350,4.796112,3.579516,0.02398056,0.01789758,3.4363,3.4572,1,product
A002_Xbf792a_X26ec,2,GaiaDR3_6794047652729201024 [B9],B9,679.127388,680.861763,15625000.0,907.200,2721.600,450,1350,4.943140,3.697454,0.02471570,0.01848727,2.7541,2.6853,1,product
A002_Xbf792a_X26ec,3,GaiaDR3_6794047652729201024 [B9],B9,681.064888,682.799263,15625000.0,907.200,2721.600,450,1350,5.112836,3.818171,0.02556418,0.01909086,2.5394,2.2610,1,product
A002_Xc805c1_X1ab2,0,BD+05  1668 [B6],B6,223.132814,224.867189,15625000.0,1421.279,2963.520,1410,2940,2.945582,2.030568,0.01472791,0.01015284,2.3281,3.0087,1,product
A002_Xc805c1_X1ab2,1,BD+05  1668 [B6],B6,225.132814,226.867189,15625000.0,1421.279,2963.520,1410,2940,2.823409,1.948474,0.01411704,0.00974237,2.4124,2.1006,1,product
A002_Xc805c1_X1ab2,2,BD+05  1668 [B6],B6,239.132811,240.867186,15625000.0,1421.279,2963.520,1410,2940,3.062536,2.111431,0.01531268,0.01055716,2.1005,2.1743,1,product
A002_Xc805c1_X1ab2,3,BD+05  1668 [B6],B6,241.132811,242.867186,15625000.0,1421.279,2963.520,1410,2940,3.257221,2.235398,0.01628610,0.01117699,2.7260,2.7984,1,product
A002_Xc7b4ea_X2729,0,BD+05  1668 [B6],B6,223.132814,224.867189,15625000.0,1421.281,2963.520,1410,2940,3.496799,2.498210,0.01748400,0.01249105,2.9620,3.3075,1,product
A002_Xc7b4ea_X2729,1,BD+05  1668 [B6],B6,225.132814,226.867189,15625000.0,1421.281,2963.520,1410,2940,3.362361,2.397542,0.01681181,0.01198771,2.4611,2.7380,1,product
A002_Xc7b4ea_X2729,2,BD+05  1668 [B6],B6,239.132811,240.867186,15625000.0,1421.281,2963.520,1410,2940,3.644563,2.607919,0.01822282,0.01303960,2.7201,3.1829,1,product
A002_Xc7b4ea_X2729,3,BD+05  1668 [B6],B6,241.132811,242.867186,15625000.0,1421.281,2963.520,1410,2940,3.907464,2.791972,0.01953732,0.01395986,3.5500,2.7749,1,product
A002_Xc7fa6f_X28a8,0,BD+05  1668 [B6],B6,223.132814,224.867189,15625000.0,1421.281,2963.520,1410,2940,4.503187,4.101153,0.02251593,0.02050576,11.8682,48.3033,1,product
A002_Xc7fa6f_X28a8,1,BD+05  1668 [B6],B6,225.132814,226.867189,15625000.0,1421.280,2963.520,,2940,4.256760,3.848611,0.02128478,0.01924305,10.1359,41.3545,1,catalogue
A002_Xc7fa6f_X28a8,2,BD+05  1668 [B6],B6,239.132811,240.867186,15625000.0,1421.280,2963.520,,2940,5.432140,4.871666,0.02716211,0.02435833,17.5188,73.3981,1,catalogue
A002_Xc7fa6f_X28a8,3,BD+05  1668 [B6],B6,241.132811,242.867186,15625000.0,1421.280,2963.520,,2940,4.866110,4.418057,0.02433187,0.02209028,8.7835,39.5857,1,catalogue
A002_Xc7a409_X5de8,0,BD+05  1668 [B6],B6,223.132814,224.867189,15625000.0,1421.281,2963.520,1410,2940,3.600253,2.506112,0.01800126,0.01253056,2.0084,2.4839,1,product
A002_Xc7a409_X5de8,1,BD+05  1668 [B6],B6,225.132814,226.867189,15625000.0,1421.281,2963.520,1410,2940,3.035467,2.107970,0.01517734,0.01053985,3.0050,2.9667,1,product
A002_Xc7a409_X5de8,2,BD+05  1668 [B6],B6,239.132811,240.867186,15625000.0,1421.281,2963.520,1410,2940,3.295664,2.295129,0.01647832,0.01147564,2.9922,2.2992,1,product
A002_Xc7a409_X5de8,3,BD+05  1668 [B6],B6,241.132811,242.867186,15625000.0,1421.281,2963.520,1410,2940,3.534400,2.463045,0.01767200,0.01231522,2.7619,2.6317,1,product
A002_Xc77d4f_X6247,0,BD+05  1668 [B6],B6,223.132814,224.867189,15625000.0,1421.281,2963.520,1410,2940,3.366137,2.323525,0.01683068,0.01161763,2.3603,2.8517,1,product
A002_Xc77d4f_X6247,1,BD+05  1668 [B6],B6,225.132814,226.867189,15625000.0,1421.281,2963.520,1410,2940,3.272103,2.254802,0.01636052,0.01127401,1.9971,2.4210,1,product
A002_Xc77d4f_X6247,2,BD+05  1668 [B6],B6,239.132811,240.867186,15625000.0,1421.281,2963.520,1410,2940,3.602664,2.481434,0.01801332,0.01240717,2.4082,2.6910,1,product
A002_Xc77d4f_X6247,3,BD+05  1668 [B6],B6,241.132811,242.867186,15625000.0,1421.281,2963.520,1410,2940,3.832069,2.633633,0.01916035,0.01316817,3.0181,2.7593,1,product
A002_Xc7e4e4_X683a,0,BD+05  1668 [B6],B6,223.132814,224.867189,15625000.0,1421.281,2963.520,1410,2940,4.158944,3.120856,0.02079472,0.01560428,2.4546,3.2240,1,product
A002_Xc7e4e4_X683a,1,BD+05  1668 [B6],B6,225.132814,226.867189,15625000.0,1421.281,2963.520,1410,2940,4.036869,3.042897,0.02018435,0.01521448,2.7084,2.7887,1,product
A002_Xc7e4e4_X683a,2,BD+05  1668 [B6],B6,239.132811,240.867186,15625000.0,1421.281,2963.520,1410,2940,4.406990,3.328794,0.02203495,0.01664397,2.8883,2.6737,1,product
A002_Xc7e4e4_X683a,3,BD+05  1668 [B6],B6,241.132811,242.867186,15625000.0,1421.281,2963.520,1410,2940,4.693073,3.532423,0.02346536,0.01766211,2.9484,3.3408,1,product
A002_Xc74b5b_X7c16,0,BD+05  1668 [B6],B6,223.132814,224.867189,15625000.0,1421.281,2963.520,1410,2940,2.112958,1.502780,0.01056479,0.00751390,2.2655,2.1898,1,product
A002_Xc74b5b_X7c16,1,BD+05  1668 [B6],B6,225.132814,226.867189,15625000.0,1421.281,2963.520,1410,2940,2.024970,1.434522,0.01012485,0.00717261,3.0103,2.2964,1,product
A002_Xc74b5b_X7c16,2,BD+05  1668 [B6],B6,239.132811,240.867186,15625000.0,1421.281,2963.520,1410,2940,2.205625,1.570703,0.01102813,0.00785352,3.1870,2.9541,1,product
A002_Xc74b5b_X7c16,3,BD+05  1668 [B6],B6,241.132811,242.867186,15625000.0,1421.281,2963.520,1410,2940,2.323056,1.652046,0.01161528,0.00826023,2.2249,2.7434,1,product
A002_Xc8ed16_Xafd5,0,BD+05  1668 [B6],B6,223.132814,224.867189,15625000.0,1421.281,2963.520,1410,2940,3.830562,2.677861,0.01915281,0.01338930,2.5593,2.1734,1,product
A002_Xc8ed16_Xafd5,1,BD+05  1668 [B6],B6,225.132814,226.867189,15625000.0,1421.281,2963.520,1410,2940,3.716017,2.601361,0.01858008,0.01300681,1.9692,2.6350,1,product
A002_Xc8ed16_Xafd5,2,BD+05  1668 [B6],B6,239.132811,240.867186,15625000.0,1421.281,2963.520,1410,2940,4.107789,2.873710,0.02053895,0.01436855,3.1096,2.9431,1,product
A002_Xc8ed16_Xafd5,3,BD+05  1668 [B6],B6,241.132811,242.867186,15625000.0,1421.281,2963.520,1410,2940,4.336164,3.041851,0.02168082,0.01520925,2.6856,2.6440,1,product
A002_X75bfbf_Xace,0,GaiaDR3_4792774797545800832 [B6],B6,230.106675,230.969224,244140.6,450.000,870.000,75,145,4.787044,3.436412,0.02393522,0.01718206,4.8178,4.0003,1,product
A002_X75bfbf_Xace,1,GaiaDR3_4792774797545800832 [B6],B6,231.670762,233.405137,15625000.0,450.000,870.000,75,145,0.643472,0.463446,0.00321736,0.00231723,2.5451,2.2356,1,product
A002_X75bfbf_Xace,2,GaiaDR3_4792774797545800832 [B6],B6,217.624689,219.359064,15625000.0,450.000,870.000,75,145,0.571777,0.409328,0.00285889,0.00204664,2.8387,3.8040,1,product
A002_X75bfbf_Xace,3,GaiaDR3_4792774797545800832 [B6],B6,215.675404,217.400502,488281.2,450.000,870.000,75,145,3.265862,2.342980,0.01632931,0.01171490,4.5245,4.4608,1,product
A002_X75bfbf_X1430,0,GaiaDR3_3526420114274019456 [B7],B7,332.967988,334.702363,15625000.0,786.240,2328.480,130,385,1.220069,0.975178,0.00610035,0.00487589,2.4705,2.4338,1,product
A002_X75bfbf_X1430,1,GaiaDR3_3526420114274019456 [B7],B7,334.862388,336.596763,15625000.0,786.240,2328.480,130,385,1.063062,0.852438,0.00531531,0.00426219,2.4993,2.9416,1,product
A002_X75bfbf_X1430,2,GaiaDR3_3526420114274019456 [B7],B7,344.971526,346.696624,488281.2,786.240,2328.480,130,385,6.431786,5.221466,0.03215893,0.02610733,5.0126,4.9026,1,product
A002_X75bfbf_X1430,3,GaiaDR3_3526420114274019456 [B7],B7,346.669432,348.403807,15625000.0,786.240,2328.480,130,385,1.194115,0.972132,0.00597058,0.00486066,2.8882,2.6427,1,product
A002_Xb47876_X3918,0,GaiaDR3_5592237639209047424 [B6],B6,223.132812,224.867188,15625000.0,828.576,2709.504,411,1404,0.293756,0.159283,0.00146878,0.00079642,3.2617,2.7269,1,product
A002_Xb47876_X3918,1,GaiaDR3_5592237639209047424 [B6],B6,225.132812,226.867188,15625000.0,828.576,2709.504,411,1404,0.270046,0.146319,0.00135023,0.00073160,2.4488,2.8982,1,product
A002_Xb47876_X3918,2,GaiaDR3_5592237639209047424 [B6],B6,239.132813,240.867188,15625000.0,828.576,2709.504,411,1404,0.297290,0.160895,0.00148645,0.00080447,1.6860,2.4790,1,product
A002_Xb47876_X3918,3,GaiaDR3_5592237639209047424 [B6],B6,241.132813,242.867188,15625000.0,828.576,2709.504,411,1404,0.312126,0.168952,0.00156063,0.00084476,2.5264,2.4786,1,product
A002_Xb3d48f_X26f7,17,HD 10647 [B6],B6,244.122533,245.856908,15625000.0,520.128,2437.344,86,479,0.649742,0.238122,0.00324871,0.00119061,2.4987,2.8086,1,product
A002_Xb3d48f_X26f7,19,HD 10647 [B6],B6,246.122449,247.856824,15625000.0,520.128,2437.344,86,479,0.720732,0.265122,0.00360366,0.00132561,2.5634,3.7840,1,product
A002_Xb3d48f_X26f7,21,HD 10647 [B6],B6,229.621995,231.450120,15625000.0,12.096,48.384,21,84,0.000992,0.000494,0.00000496,0.00000247,3.1016,3.3461,0,product
A002_Xb3d48f_X26f7,25,HD 10647 [B6],B6,229.673509,231.398606,488281.2,393.120,2388.960,65,395,4.058675,1.450223,0.02029337,0.00725112,4.0806,4.5854,1,product
A002_Xb54d65_X727,0,GaiaDR3_4912580642524184960 [B7],B7,346.949870,348.684245,15625000.0,393.120,2903.040,65,480,1.073257,0.398583,0.00536628,0.00199292,2.8915,2.6062,1,product
A002_Xb54d65_X727,1,GaiaDR3_4912580642524184960 [B7],B7,334.907870,336.642245,15625000.0,393.120,2903.040,65,480,0.897995,0.332826,0.00448998,0.00166413,2.3488,2.6922,1,product
A002_Xb54d65_X727,2,GaiaDR3_4912580642524184960 [B7],B7,332.949870,334.684245,15625000.0,393.120,2903.040,65,480,1.039432,0.387160,0.00519716,0.00193580,2.3642,2.3381,1,product
A002_Xb54d65_X727,3,GaiaDR3_4912580642524184960 [B7],B7,344.954509,346.679606,488281.2,393.120,2903.040,65,480,6.243911,2.317918,0.03121955,0.01158959,4.2254,4.6623,1,product
A002_Xcd8029_Xb6b0,0,HD 139084B 805632 [B7],B7,347.035719,348.770094,15625000.0,1409.184,1064.448,233,233,0.578947,0.579002,0.00289473,0.00289501,2.3430,2.4135,1,product
A002_Xcd8029_Xb6b0,1,HD 139084B 805632 [B7],B7,335.035719,336.770094,15625000.0,1409.184,1064.448,233,233,0.502651,0.502839,0.00251326,0.00251420,2.7178,2.7728,1,product
A002_Xcd8029_Xb6b0,2,HD 139084B 805632 [B7],B7,333.140219,334.874594,15625000.0,1409.184,1064.448,233,233,0.582608,0.583007,0.00291304,0.00291504,2.4684,2.4822,1,product
A002_Xcd8029_Xb6b0,3,HD 139084B 805632 [B7],B7,345.144857,346.869955,488281.2,1028.160,1028.160,170,170,3.118045,3.118358,0.01559023,0.01559179,5.6634,5.7635,1,product
A002_Xb2f730_X5b37,17,* g Lup [B6],B6,244.141123,245.875498,15625000.0,520.128,2334.528,86,443,0.573277,0.262928,0.00286639,0.00131464,1.9764,1.9462,1,product
A002_Xb2f730_X5b37,19,* g Lup [B6],B6,246.141191,247.875566,15625000.0,520.128,2334.528,86,443,0.629141,0.287877,0.00314570,0.00143939,2.7206,3.1413,1,product
A002_Xb2f730_X5b37,21,* g Lup [B6],B6,229.640111,231.468236,15625000.0,12.096,36.288,21,63,0.000914,0.000527,0.00000457,0.00000263,3.6939,2.9654,0,product
A002_Xb2f730_X5b37,23,* g Lup [B6],B6,231.640699,233.375074,15625000.0,520.128,2334.528,86,443,0.517118,0.236247,0.00258559,0.00118124,2.3431,2.0050,1,product
A002_Xb2f730_X5b37,25,* g Lup [B6],B6,229.691625,231.416722,488281.2,393.120,2298.240,65,380,3.413911,1.539772,0.01706955,0.00769886,3.9617,4.2876,1,product
A002_Xb28642_Xcff3,0,GaiaDR3_6564091190988411520 [B6],B6,244.158647,245.893022,15625000.0,362.880,2328.480,60,385,0.473154,0.182938,0.00236577,0.00091469,2.3662,2.7882,1,product
A002_Xb28642_Xcff3,1,GaiaDR3_6564091190988411520 [B6],B6,246.158858,247.893233,15625000.0,362.880,2328.480,60,385,0.513153,0.200714,0.00256577,0.00100357,1.6987,2.6461,1,product
A002_Xb28642_Xcff3,2,GaiaDR3_6564091190988411520 [B6],B6,231.657329,233.391704,15625000.0,362.880,2328.480,60,385,0.428520,0.167578,0.00214260,0.00083789,2.3825,1.8980,1,product
A002_Xb28642_Xcff3,3,GaiaDR3_6564091190988411520 [B6],B6,229.708703,231.433800,488281.2,362.880,2328.480,60,385,2.886160,1.117546,0.01443080,0.00558773,3.5884,4.6010,1,product
A002_Xc8b2b0_X9c35,0,HD  33793 [B6],B6,223.085939,224.914064,15625000.0,846.720,2963.520,840,2940,3.929751,1.914624,0.01964875,0.00957312,2.0668,2.6573,1,product
A002_Xc8b2b0_X9c35,1,HD  33793 [B6],B6,225.085939,226.914064,15625000.0,846.720,2963.520,840,2940,3.783877,1.823760,0.01891938,0.00911880,2.4986,2.9239,0,product
A002_Xc8b2b0_X9c35,2,HD  33793 [B6],B6,239.085936,240.914061,15625000.0,846.720,2963.520,840,2940,4.286616,2.065064,0.02143308,0.01032532,1.7046,2.6381,0,product
A002_Xc8b2b0_X9c35,3,HD  33793 [B6],B6,241.085936,242.914061,15625000.0,846.720,2963.520,840,2940,4.529495,2.184984,0.02264747,0.01092492,2.5180,2.5301,0,product
A002_Xb0ebd1_X1855,0,HD 38858 (Gaia DR3 3023711269067191296) [B6],B6,244.085383,245.819758,15625000.0,20.736,2497.824,36,489,0.861530,0.161802,0.00430765,0.00080901,2.1844,2.3979,1,product
A002_Xb0ebd1_X1855,1,HD 38858 (Gaia DR3 3023711269067191296) [B6],B6,246.084996,247.819371,15625000.0,20.736,2497.824,36,489,0.974557,0.179624,0.00487279,0.00089812,1.9099,3.1577,1,product
A002_Xb0ebd1_X1855,2,HD 38858 (Gaia DR3 3023711269067191296) [B6],B6,231.587803,233.322178,15625000.0,20.736,2497.824,36,489,0.821813,0.150378,0.00410907,0.00075189,3.3460,2.8674,1,product
A002_Xb0ebd1_X1855,3,HD 38858 (Gaia DR3 3023711269067191296) [B6],B6,229.637305,231.362403,488281.2,90.720,2449.440,15,405,6.016830,1.055503,0.03008415,0.00527751,3.5086,4.2449,1,product
A002_Xc6fa08_X1053,0,HR 1010 (Gaia DR3 4722135642226902656) [B6],B6,229.609959,231.450780,976562.5,60.480,2842.560,6,282,81.888579,11.500617,0.40944289,0.05750309,3.7673,5.4097,1,product
A002_Xc6fa08_X1053,1,HR 1010 (Gaia DR3 4722135642226902656) [B6],B6,231.617535,233.351910,15625000.0,60.480,2842.560,6,282,12.590809,1.747446,0.06295404,0.00873723,2.1938,2.4978,1,product
A002_Xc6fa08_X1053,2,HR 1010 (Gaia DR3 4722135642226902656) [B6],B6,244.616677,246.351052,15625000.0,60.480,2842.560,6,282,13.432037,1.893850,0.06716019,0.00946925,2.6901,2.0974,1,product
A002_Xc6fa08_X1053,3,HR 1010 (Gaia DR3 4722135642226902656) [B6],B6,246.616545,248.350920,15625000.0,60.480,2842.560,6,282,15.323784,2.201228,0.07661892,0.01100614,2.5715,2.9421,1,product
A002_Xc6c0d5_X121e,0,HR 1010 (Gaia DR3 4722135642226902656) [B7],B7,345.314486,346.234896,488281.2,1360.800,2721.600,135,270,36.219269,29.629299,0.18109635,0.14814650,4.5225,4.5606,1,product
A002_Xc6c0d5_X121e,1,HR 1010 (Gaia DR3 4722135642226902656) [B7],B7,347.043238,348.871363,15625000.0,1360.800,2721.600,135,270,5.572738,4.561406,0.02786369,0.02280703,3.7895,3.2442,1,product
A002_Xc6c0d5_X121e,2,HR 1010 (Gaia DR3 4722135642226902656) [B7],B7,333.085241,334.913366,15625000.0,1360.800,2721.600,135,270,5.314242,4.323847,0.02657121,0.02161923,2.2634,2.3829,1,product
A002_Xc6c0d5_X121e,3,HR 1010 (Gaia DR3 4722135642226902656) [B7],B7,335.043241,336.871366,15625000.0,1360.800,2721.600,135,270,4.864730,3.944515,0.02432365,0.01972257,2.6351,3.1073,1,product
A002_Xc66ce1_X1345,0,HR 1010 (Gaia DR3 4722135642226902656) [B7],B7,345.315385,346.235795,488281.2,1360.800,2721.600,135,270,24.724275,20.232040,0.12362137,0.10116020,5.5820,4.5773,1,product
A002_Xc66ce1_X1345,1,HR 1010 (Gaia DR3 4722135642226902656) [B7],B7,347.044137,348.872262,15625000.0,1360.800,2721.600,135,270,3.908558,3.203496,0.01954279,0.01601748,2.8891,3.0150,1,product
A002_Xc66ce1_X1345,2,HR 1010 (Gaia DR3 4722135642226902656) [B7],B7,333.086140,334.914265,15625000.0,1360.800,2721.600,135,270,3.684846,2.999920,0.01842423,0.01499960,3.2137,2.7709,1,product
A002_Xc66ce1_X1345,3,HR 1010 (Gaia DR3 4722135642226902656) [B7],B7,335.044140,336.872265,15625000.0,1360.800,2721.600,135,270,3.226000,2.621497,0.01613000,0.01310748,3.2375,3.4493,1,product
A002_Xc6141c_X3af0,0,HR 1010 (Gaia DR3 4722135642226902656) [B7],B7,345.316593,346.237003,488281.2,1360.800,2721.600,135,270,29.652104,24.526734,0.14826052,0.12263367,4.7280,4.3672,1,product
A002_Xc6141c_X3af0,1,HR 1010 (Gaia DR3 4722135642226902656) [B7],B7,347.045345,348.873470,15625000.0,1360.800,2721.600,135,270,4.622329,3.837736,0.02311165,0.01918868,3.0594,3.8543,1,product
A002_Xc6141c_X3af0,2,HR 1010 (Gaia DR3 4722135642226902656) [B7],B7,333.087349,334.915474,15625000.0,1360.800,2721.600,135,270,4.448801,3.659411,0.02224401,0.01829705,3.1794,2.8530,1,product
A002_Xc6141c_X3af0,3,HR 1010 (Gaia DR3 4722135642226902656) [B7],B7,335.045349,336.873474,15625000.0,1360.800,2721.600,135,270,3.887581,3.183094,0.01943790,0.01591547,3.3077,2.9396,1,product
A002_Xc7111c_X61dc,0,HR 1010 (Gaia DR3 4722135642226902656) [B7],B7,345.313596,346.234006,488281.2,1360.800,2721.600,135,270,32.170385,26.303835,0.16085193,0.13151918,4.4528,4.7720,1,product
A002_Xc7111c_X61dc,1,HR 1010 (Gaia DR3 4722135642226902656) [B7],B7,347.042348,348.870473,15625000.0,1360.800,2721.600,135,270,4.932933,4.039442,0.02466467,0.02019721,2.4960,2.7716,1,product
A002_Xc7111c_X61dc,2,HR 1010 (Gaia DR3 4722135642226902656) [B7],B7,333.084351,334.912476,15625000.0,1360.800,2721.600,135,270,4.708558,3.822601,0.02354279,0.01911301,2.9007,3.2078,1,product
A002_Xc7111c_X61dc,3,HR 1010 (Gaia DR3 4722135642226902656) [B7],B7,335.042351,336.870476,15625000.0,1360.800,2721.600,135,270,4.492183,3.650207,0.02246092,0.01825104,2.4248,3.4520,1,product
A002_Xc6a3db_X7b5b,0,HR 1010 (Gaia DR3 4722135642226902656) [B7],B7,345.314613,346.235023,488281.2,1360.800,2721.600,135,270,43.289736,35.379447,0.21644868,0.17689724,5.0542,4.4791,1,product
A002_Xc6a3db_X7b5b,1,HR 1010 (Gaia DR3 4722135642226902656) [B7],B7,347.043364,348.871489,15625000.0,1360.800,2721.600,135,270,5.902654,4.822948,0.02951327,0.02411474,3.4120,2.9530,1,product
A002_Xc6a3db_X7b5b,2,HR 1010 (Gaia DR3 4722135642226902656) [B7],B7,333.085368,334.913493,15625000.0,1360.800,2721.600,135,270,5.535279,4.494966,0.02767640,0.02247483,2.8376,2.7417,1,product
A002_Xc6a3db_X7b5b,3,HR 1010 (Gaia DR3 4722135642226902656) [B7],B7,335.043368,336.871493,15625000.0,1360.800,2721.600,135,270,5.493543,4.481980,0.02746772,0.02240990,3.2279,3.0871,1,product
A002_Xdbc154_X138c,0,GaiaDR3_5853498713190525696 [B6],B6,223.085939,224.914064,15625000.0,60.480,2963.520,60,2940,13.834543,1.931647,0.06917271,0.00965823,2.2093,2.2206,1,product
A002_Xdbc154_X138c,1,GaiaDR3_5853498713190525696 [B6],B6,225.085939,226.914064,15625000.0,60.480,2963.520,60,2940,12.970381,1.807766,0.06485191,0.00903883,2.2395,2.0148,1,product
A002_Xdbc154_X138c,2,GaiaDR3_5853498713190525696 [B6],B6,239.085936,240.914061,15625000.0,60.480,2963.520,60,2940,14.245279,1.999490,0.07122640,0.00999745,4.3238,2.9667,1,product
A002_Xdbc154_X138c,3,GaiaDR3_5853498713190525696 [B6],B6,241.085936,242.914061,15625000.0,60.480,2963.520,60,2940,14.932256,2.088982,0.07466128,0.01044491,2.9471,3.0061,1,product
A002_Xdb7ab7_X140ee,0,GaiaDR3_5853498713190525696 [B6],B6,223.085939,224.914064,15625000.0,60.480,2963.520,60,2940,15.169339,2.215849,0.07584670,0.01107925,2.7286,3.2532,1,product
A002_Xdb7ab7_X140ee,1,GaiaDR3_5853498713190525696 [B6],B6,225.085939,226.914064,15625000.0,60.480,2963.520,60,2940,14.323635,2.076621,0.07161818,0.01038311,3.0663,2.7536,1,product
A002_Xdb7ab7_X140ee,2,GaiaDR3_5853498713190525696 [B6],B6,239.085936,240.914061,15625000.0,60.480,2963.520,60,2940,15.810005,2.303116,0.07905003,0.01151558,2.8993,2.8662,1,product
A002_Xdb7ab7_X140ee,3,GaiaDR3_5853498713190525696 [B6],B6,241.085936,242.914061,15625000.0,60.480,2963.520,60,2940,16.572669,2.438632,0.08286335,0.01219316,2.4923,2.0215,1,product
A002_Xdc0d09_X1938,0,GaiaDR3_5853498713190525696 [B6],B6,223.085939,224.914064,15625000.0,60.480,2963.520,60,2940,17.811600,2.309306,0.08905800,0.01154653,2.0788,3.0100,1,product
A002_Xdc0d09_X1938,1,GaiaDR3_5853498713190525696 [B6],B6,225.085939,226.914064,15625000.0,60.480,2963.520,60,2940,17.980300,2.330472,0.08990150,0.01165236,2.7977,2.1140,1,product
A002_Xdc0d09_X1938,2,GaiaDR3_5853498713190525696 [B6],B6,239.085936,240.914061,15625000.0,60.480,2963.520,60,2940,19.725479,2.556197,0.09862740,0.01278099,3.2035,2.3141,1,product
A002_Xdc0d09_X1938,3,GaiaDR3_5853498713190525696 [B6],B6,241.085936,242.914061,15625000.0,60.480,2963.520,60,2940,20.813288,2.681480,0.10406644,0.01340740,3.0243,2.9764,1,product
A002_Xdc21b9_X252f,0,GaiaDR3_5853498713190525696 [B6],B6,223.085939,224.914064,15625000.0,60.480,2963.520,60,2940,9.486886,1.399924,0.04743443,0.00699962,3.1528,2.7756,1,product
A002_Xdc21b9_X252f,1,GaiaDR3_5853498713190525696 [B6],B6,225.085939,226.914064,15625000.0,60.480,2963.520,60,2940,8.836430,1.315862,0.04418215,0.00657931,2.7810,2.7200,1,product
A002_Xdc21b9_X252f,2,GaiaDR3_5853498713190525696 [B6],B6,239.085936,240.914061,15625000.0,60.480,2963.520,60,2940,9.680903,1.463631,0.04840451,0.00731815,2.1548,2.4627,1,product
A002_Xdc21b9_X252f,3,GaiaDR3_5853498713190525696 [B6],B6,241.085936,242.914061,15625000.0,60.480,2963.520,60,2940,10.349038,1.526703,0.05174519,0.00763351,2.2100,3.1600,1,product
A002_Xbcef34_X2720,16,GaiaDR3_5853498713190525696 [B6],B6,223.132812,224.867188,15625000.0,453.600,2812.320,450,2790,8.190068,3.496269,0.04095034,0.01748134,3.3322,2.5220,1,product
A002_Xbcef34_X2720,18,GaiaDR3_5853498713190525696 [B6],B6,225.132812,226.867188,15625000.0,453.600,2812.320,450,2790,8.026636,3.437167,0.04013318,0.01718584,2.5916,3.2396,1,product
A002_Xbcef34_X2720,20,GaiaDR3_5853498713190525696 [B6],B6,239.132813,240.867188,15625000.0,453.600,2812.320,450,2790,8.792718,3.762836,0.04396359,0.01881418,1.9656,2.1370,1,product
A002_Xbcef34_X2720,22,GaiaDR3_5853498713190525696 [B6],B6,241.132813,242.867188,15625000.0,453.600,2812.320,450,2790,9.374453,4.021456,0.04687226,0.02010728,2.5505,2.5299,1,product
A002_Xdb7ab7_X8bda,0,GaiaDR3_5853498713190525696 [B6],B6,223.085939,224.914064,15625000.0,60.480,2963.520,60,2940,11.866210,1.725096,0.05933105,0.00862548,2.8277,2.8180,1,product
A002_Xdb7ab7_X8bda,1,GaiaDR3_5853498713190525696 [B6],B6,225.085939,226.914064,15625000.0,60.480,2963.520,60,2940,10.982117,1.603681,0.05491058,0.00801840,3.0893,3.0759,1,product
A002_Xdb7ab7_X8bda,2,GaiaDR3_5853498713190525696 [B6],B6,239.085936,240.914061,15625000.0,60.480,2963.520,60,2940,11.893244,1.746922,0.05946622,0.00873461,2.4388,3.7253,1,product
A002_Xdb7ab7_X8bda,3,GaiaDR3_5853498713190525696 [B6],B6,241.085936,242.914061,15625000.0,60.480,2963.520,60,2940,12.666790,1.854813,0.06333395,0.00927407,2.9317,2.3045,1,product
A002_Xb9cc97_X150a,16,tau Cet [B6],B6,244.140898,245.875273,15625000.0,1391.040,2963.520,138,294,2.384888,1.655926,0.01192444,0.00827963,2.5240,2.1479,0,product
A002_Xb9cc97_X150a,18,tau Cet [B6],B6,246.140964,247.875339,15625000.0,1391.040,2963.520,138,294,2.695404,1.879021,0.01347702,0.00939511,2.4313,2.0032,0,product
A002_Xb9cc97_X150a,20,tau Cet [B6],B6,229.633788,231.474121,488281.2,1391.040,2963.520,138,294,14.146695,9.827270,0.07073347,0.04913635,3.9170,4.3111,1,product
A002_Xb9cc97_X150a,22,tau Cet [B6],B6,231.640485,233.374860,15625000.0,1391.040,2963.520,138,294,2.234756,1.555481,0.01117378,0.00777740,3.5309,3.8426,0,product
A002_Xbaa732_X1627,16,tau Cet [B6],B6,244.133361,245.867736,15625000.0,1572.480,2963.520,156,294,2.262164,1.649918,0.01131082,0.00824959,2.7637,2.7664,1,product
A002_Xbaa732_X1627,18,tau Cet [B6],B6,246.133365,247.867740,15625000.0,1572.480,2963.520,156,294,2.590809,1.890613,0.01295405,0.00945306,2.3972,1.7898,1,product
A002_Xbaa732_X1627,20,tau Cet [B6],B6,229.626443,231.466775,488281.2,1572.480,2963.520,156,294,13.506081,9.837980,0.06753040,0.04918990,4.3676,4.4526,1,product
A002_Xbaa732_X1627,22,tau Cet [B6],B6,231.633333,233.367708,15625000.0,1572.480,2963.520,156,294,2.145111,1.554141,0.01072555,0.00777070,2.8129,2.1269,1,product
A002_Xb9cc97_X1734,16,tau Cet [B6],B6,244.140746,245.875121,15625000.0,1391.040,2963.520,138,294,2.170922,1.481473,0.01085461,0.00740736,2.3092,2.4596,1,product
A002_Xb9cc97_X1734,18,tau Cet [B6],B6,246.140811,247.875186,15625000.0,1391.040,2953.440,138,293,2.448118,1.672098,0.01224059,0.00836049,2.7317,2.9798,1,product
A002_Xb9cc97_X1734,20,tau Cet [B6],B6,229.633640,231.473972,488281.2,1391.040,2963.520,138,294,12.830418,8.772918,0.06415209,0.04386459,4.9755,4.6066,1,product
A002_Xb9cc97_X1734,22,tau Cet [B6],B6,231.640341,233.374716,15625000.0,1391.040,2963.520,138,294,2.028641,1.380736,0.01014321,0.00690368,2.0072,2.9058,1,product
A002_Xb9cc97_X193f,16,tau Cet [B6],B6,244.140587,245.874962,15625000.0,1391.040,2963.520,138,294,2.936658,1.939140,0.01468329,0.00969570,2.0889,2.8146,1,product
A002_Xb9cc97_X193f,18,tau Cet [B6],B6,246.140651,247.875026,15625000.0,1391.040,2963.520,138,294,3.356045,2.234411,0.01678023,0.01117206,2.5079,3.0353,1,product
A002_Xb9cc97_X193f,20,tau Cet [B6],B6,229.633486,231.473818,488281.2,1391.040,2963.520,138,294,15.144486,10.060874,0.07572243,0.05030437,4.2606,4.7064,1,product
A002_Xb9cc97_X193f,22,tau Cet [B6],B6,231.640191,233.374566,15625000.0,1380.960,2953.440,137,293,2.759489,1.824905,0.01379744,0.00912452,1.8701,2.9271,1,product
A002_Xba460f_X7e6,16,tau Cet [B6],B6,244.136123,245.870498,15625000.0,1572.480,2963.520,156,294,2.217735,1.618549,0.01108867,0.00809275,2.6259,2.9450,1,product
A002_Xba460f_X7e6,18,tau Cet [B6],B6,246.136123,247.870498,15625000.0,1572.480,2963.520,156,294,2.489872,1.822125,0.01244936,0.00911063,2.6150,3.3279,1,product
A002_Xba460f_X7e6,20,tau Cet [B6],B6,229.629104,231.469436,488281.2,1572.480,2963.520,156,294,12.843566,9.390740,0.06421783,0.04695370,5.1980,4.9064,1,product
A002_Xba460f_X7e6,22,tau Cet [B6],B6,231.635924,233.370299,15625000.0,1572.480,2963.520,156,294,2.068366,1.515351,0.01034183,0.00757676,2.4881,2.5968,1,product
A002_X9707f1_Xa89,0,tau Cet [B6],B6,223.128906,224.871094,7812500.0,2388.960,2388.960,1185,1185,0.464248,0.464098,0.00232124,0.00232049,3.0323,3.0708,1,product
A002_X9707f1_Xa89,1,tau Cet [B6],B6,225.128906,226.871094,7812500.0,2388.960,2388.960,1185,1185,0.422710,0.422421,0.00211355,0.00211210,2.4920,2.4509,1,product
A002_X9707f1_Xa89,2,tau Cet [B6],B6,239.128906,240.871094,7812500.0,2388.960,2388.960,1185,1185,0.475355,0.476114,0.00237677,0.00238057,3.6163,4.1677,1,product
A002_X9707f1_Xa89,3,tau Cet [B6],B6,241.128906,242.871094,7812500.0,2388.960,2388.960,1185,1185,0.530313,0.530699,0.00265156,0.00265349,2.6541,2.5967,1,product
A002_Xba4d35_Xb3a3,16,tau Cet [B6],B6,244.135319,245.869694,15625000.0,1572.480,2963.520,156,294,1.666294,1.210005,0.00833147,0.00605002,2.5358,3.0577,1,product
A002_Xba4d35_Xb3a3,18,tau Cet [B6],B6,246.135399,247.869774,15625000.0,1572.480,2963.520,156,294,1.935962,1.415159,0.00967981,0.00707579,3.1546,3.1163,1,product
A002_Xba4d35_Xb3a3,20,tau Cet [B6],B6,229.628380,231.468712,488281.2,1572.480,2963.520,156,294,10.137036,7.404450,0.05068518,0.03702225,3.9513,4.3157,1,product
A002_Xba4d35_Xb3a3,22,tau Cet [B6],B6,231.635219,233.369594,15625000.0,1572.480,2963.520,156,294,1.580942,1.152534,0.00790471,0.00576267,2.1790,3.1320,1,product
A002_Xb2f730_X9e28,0,Wolf  219 [B6],B6,215.204154,216.938529,15625000.0,60.480,302.400,10,50,1.550443,0.685037,0.00775221,0.00342519,2.0035,2.9668,1,product
A002_Xb2f730_X9e28,1,Wolf  219 [B6],B6,217.097757,218.832132,15625000.0,60.480,302.400,10,50,1.557795,0.690814,0.00778898,0.00345407,2.3405,2.2165,1,product
A002_Xb2f730_X9e28,2,Wolf  219 [B6],B6,231.597757,233.332132,15625000.0,60.480,302.400,10,50,1.619906,0.711448,0.00809953,0.00355724,2.4857,2.8112,1,product
A002_Xb2f730_X9e28,3,Wolf  219 [B6],B6,229.269395,230.994493,488281.2,60.480,302.400,10,50,10.040073,4.423022,0.05020036,0.02211511,3.8374,4.1734,1,product
