rank,name,ra,dec,dist_pc,pmra,pmdec,alma_bands,gmag,teff,is_exo_host,n_planets,source,status,orig_rank,gaia_source_id
1,Proxima Cen,217.39232147200883,-62.67607511676666,1.3015802655852167,-3781.741008265163,769.4650146478623,6,8.984748840332031,2864.6771240234375,True,2,top100,needs_redo,12,
2,NAME Barnard's star,269.44850252543836,4.739420051112412,1.828233981355542,-801.5509783684709,10362.394206546573,7,8.193974494934082,3099.633544921875,,,new20pc,needs_redo,1,
3,Wolf  359,164.10319030755974,7.002726940984864,2.408597252748958,-3866.3382751436793,-2699.214987679166,7,11.03839111328125,,,,new20pc,needs_redo,2,
4,* alf CMa B,101.28662552099249,-16.720932526023173,2.6703012063129745,-461.570505530133,-914.5196209016666,"3,4,5",8.52413272857666,,,,new20pc,needs_redo,3,
5,G 272-61B,24.771674208211856,-17.947682860008488,2.674910296032687,3178.6942575748953,584.0613350385156,3,10.817837715148926,,,,new20pc,needs_redo,4,
6,G 272-61A,24.771554293454546,-17.948299887129313,2.7195203918735054,3385.315810465071,544.3863845619521,3,10.50754165649414,,,,new20pc,needs_redo,5,
7,CD-23 14742,282.4587890175222,-23.83709744872712,2.9759548649868903,639.367850335873,-193.95792507116096,6,9.12641429901123,3117.3759765625,,,new20pc,needs_redo,6,
8,eps Eri,53.22829341517546,-9.458168216292322,3.219810408490127,-974.758145249517,20.875840089774208,6,3.465751886367798,5011.2117285156255,True,1,top100,needs_redo,11,
9,tau Cet,26.009055057160104,-15.933680200693857,3.6521709611425766,-1721.7277944720731,854.9631570589582,6,3.3003997802734375,5310.0,True,3,top100,secure,1,
10,BD+05  1668,111.85462844259372,5.209382701706996,3.7860589303898693,571.2323467293181,-3691.4865653792745,6,8.576388359069824,3024.39501953125,,,new20pc,needs_redo,7,
11,NAME Teegarden's Star,43.26964247679057,16.86437381897744,3.831587320084787,3429.0828268077694,-3805.54112273733,6,12.263102531433105,,,,new20pc,needs_redo,8,
12,HD  33793,77.9599373502188,-45.0438126993602,3.9339320771222708,6491.223339061598,-5708.614150045243,6,8.063551902770996,3451.870361328125,,,new20pc,needs_redo,9,
13,SCR J1845-6357,281.29804386226,-63.96056736658412,4.005364851523573,2583.1897859953274,588.5041381022022,6,14.005345344543457,,,,new20pc,needs_redo,10,
14,Wolf   28,12.296740250462333,5.376556608426358,4.314436111908938,1231.3994653791733,-2711.8825044849837,"3,6",12.299162864685059,,,,new20pc,needs_redo,11,
15,G   3-33,30.058987047653364,13.044071201123836,4.4696315690373,1096.4584858968615,-1771.5261453794967,"3,6",10.681061744689941,,,,new20pc,needs_redo,12,
16,GJ 674,262.1701639221161,-46.89910489864381,4.550867586127579,572.5684618204186,-880.5826187621278,6,8.336430549621582,3437.487548828125,True,1,top100,secure,50,
17,G   9-38B,134.5586915113887,19.76257888198771,5.095231766067857,-937.1328356544882,-34.559036887716566,3,12.485569953918457,,,,new20pc,needs_redo,13,
18,G   9-38A,134.55918967906837,19.762959843487355,5.150807689920019,-767.0604915466433,-100.17647831567064,3,11.966279983520508,,,,new20pc,needs_redo,14,
19,GL 3379 (Gaia DR3 3316364602541746048),90.01597644159976,2.7063740799024933,5.207968173719361,309.14624371351175,-40.36843064589449,6,9.901327133178711,3138.287109375,False,0,top100,needs_redo,15,
20,LSR J1835+3259,278.90744884954285,32.994787158699616,5.688509718027581,-72.65040524928749,-755.1456226325628,3,14.850961685180664,,,,new20pc,needs_redo,15,
21,HN Lib,218.56843175696892,-12.516923853592898,6.25302694251758,-355.1381150377546,593.0401507540619,6,9.89498233795166,3173.5274658203125,True,1,top100,needs_redo,7,
22,GJ 581,229.85630133329227,-7.722707024157902,6.300471781360879,-1221.2776289653712,-97.22923861858034,6,9.42178726196289,3305.2032470703125,True,3,top100,secure,4,
23,Wolf  358,162.7129640681676,6.804489538122279,6.966744708517551,-856.2894965300052,-818.5834069021728,7,10.290781021118164,3000.728759765625,,,new20pc,needs_redo,16,
24,HD   4628,12.099107075154986,5.27553944692346,7.435229060298576,755.893500290751,-1141.719303057953,3,5.467689037322998,4859.28955078125,,,new20pc,needs_redo,17,
25,lp 876-10 (Gaia DR3 6623351805412369024),342.0203381724408,-24.369627417603155,7.676325777322197,331.60870305798755,-183.8049429101332,7,11.129232406616211,3000,False,0,top100,needs_redo,27,
26,HD 157881,261.43588748671016,2.1061577628793846,7.713318653486466,-580.3245900689788,-1184.7371121385918,6,6.934473037719727,,,,new20pc,needs_redo,18,
27,61 Vir,199.596298132351,-18.31592210064546,8.534415098502675,-1070.2015735200084,-1063.8486605375717,7,4.532528400421143,5577.0,True,3,top100,needs_redo,3,
28,EGGR 453,343.48356406407754,-6.784830206077555,8.5368779592979,2485.798830001822,-681.2536063218889,"3,7",15.421229362487793,,,,new20pc,needs_redo,19,
29,* chi01 Ori,88.59482419468164,20.275852148021837,8.699460211492765,-179.01353012437752,-90.72993621907472,3,4.24168586730957,5808.17919921875,,,new20pc,needs_redo,20,
30,GJ 849,332.4231515660494,-4.64083481515791,8.814865836983147,1132.5832654528356,-22.15730652565566,6,9.23719596862793,3348.3819580078125,True,2,top100,secure,6,
31,* gam Lep,86.11439122579156,-22.45002336420253,8.905034452470854,-291.75677673534847,-368.5208157670237,"6,7",3.476823091506958,6149.22314453125,,,new20pc,needs_redo,21,
32,LP  469-206,34.126686286501574,13.584959360471915,9.095044376447385,504.215607702792,-433.1428938279141,"3,6",13.555756568908691,,,,new20pc,needs_redo,22,
33,LP  469-67,30.56463581614585,10.335957901329609,9.237171918712672,-673.6390077894835,-280.5850526143878,"3,6",13.435259819030762,,,,new20pc,needs_redo,23,
34,HD 285968,70.73548173808452,18.953202926391814,9.485192669253934,656.6469583029074,-1116.5935413672632,6,9.004439353942871,3703.49,True,1,top100,secure,10,
35,G  42-24,148.4782397121578,20.948079178895128,9.545277410572863,-345.9726427859206,393.24896834576657,3,12.363530158996582,3006.480224609375,,,new20pc,needs_redo,24,
36,AU Mic,311.2911826481039,-31.3425000799281,9.714095582245003,281.31903452626165,-360.14771869635376,"3,6,9",7.84343957901001,3540.0,True,4,top100,needs_redo,2,
37,V* AT Mic B,310.4647312153549,-32.437514921328194,9.806576045454502,296.9075913988356,-301.4290811285728,7,9.605487823486328,3111.948974609375,,,new20pc,needs_redo,25,
38,NAME AT Mic AB (Gaia DR3 6792436799475128960),310.464334034236,-32.437036784381455,9.921411824522,246.92898678851384,-417.19484095650307,7,9.575837135314941,3000,False,0,top100,needs_redo,29,
39,BD+05  3409,262.59483404601906,5.547410099313729,10.116962138249308,29.738576040378977,-249.31779175249292,6,8.532959938049316,3754.77587890625,,,new20pc,needs_redo,26,
40,HD  17925,43.13567823945298,-12.770554604772986,10.360542597109934,397.3526395344037,-189.2811721142515,8,5.812265396118164,5002.33203125,,,new20pc,needs_redo,27,
41,Wolf 1478,217.7529796815058,-12.297869679498262,10.881838377170858,-408.1044787325877,-398.6949525305071,7,10.667789459228516,,,,new20pc,needs_redo,28,
42,G   3-14,25.832196670357842,4.318255356429924,11.324262583704577,-422.4133313786974,-765.0324158439888,9,9.907381057739258,3452.291015625,,,new20pc,needs_redo,29,
43,L  802-6,44.543868419797654,-12.882602840627078,11.499879425938682,274.154354631563,539.5078911804316,8,11.579974174499512,3154.64306640625,,,new20pc,needs_redo,30,
44,CD-60  7821,329.90241321791643,-59.75337286630774,11.552505628687795,886.0460533740757,-125.52952181234144,3,8.917240142822266,3435.03271484375,,,new20pc,needs_redo,31,
45,* iot Peg,331.7542260532072,25.34522096646813,11.90400294014709,295.4762646451181,27.441697940510274,3,3.6638712882995605,6316.10205078125,,,new20pc,needs_redo,32,
46,* gam Vir,190.41242708810614,-1.4490230625523142,12.020173090740299,-605.1760034503509,85.70058806691729,"6,7",3.4332993030548096,6740.17919921875,,,new20pc,needs_redo,33,
47,HR 1010 (Gaia DR3 4722135642226902656),49.56622620807744,-62.5034842270098,12.03939579583873,1331.0270879085913,647.7253950157487,"6,7",5.07960844039917,5765.099609375,False,0,top100,needs_redo,14,
48,LP  292-67,5.128239996638605,33.08128045387165,12.259099117031226,1075.6069044786457,-863.6676685094403,7,13.935160636901855,2833.72705078125,,,new20pc,needs_redo,34,
49,Wolf  940,326.6718481188171,-0.1755173375144743,12.38575950158199,769.3658856002737,-505.6819875388906,4,11.310232162475586,,,,new20pc,needs_redo,35,
50,TRAPPIST-1,346.62652162764437,-5.043528319429532,12.46691341544997,930.7875225817781,-479.0375409528857,"3,6,7",15.622553825378418,2566.0,True,7,top100,needs_redo,5,
51,LP  649-72,33.554613532263986,-3.96280045849318,12.491449374144889,509.6376794718519,-155.81283955539283,7,14.148208618164062,,,,new20pc,needs_redo,36,
52,HD 69830,124.60104883936589,-12.63656179358332,12.56923231677139,278.7903645043099,-987.8286619313131,6,5.755219459533691,5373.0654296875,True,3,top100,needs_redo,33,
53,G  85-19,72.71521105645311,22.1207568905776,12.65203542249354,628.8284125619208,-425.4448762416827,7,13.33220386505127,2941.499755859375,,,new20pc,needs_redo,37,
54,CD-38 10980,245.8914359505284,-39.22948746474345,12.910813532081397,77.3976910067686,0.3858446568492385,6,11.000399589538574,,,,new20pc,needs_redo,38,
55,LP  639-1,329.2358923841423,-1.89987246889069,13.473442733181916,1280.969881931012,612.1063730915505,4,13.014442443847656,3026.10888671875,,,new20pc,needs_redo,39,
56,1RXS J033609.2+311853,54.03685781019895,31.31038873961227,13.659752670270182,115.3597295257625,-132.3332198036441,6,12.359634399414062,,,,new20pc,needs_redo,40,
57,G  18-49,336.76251116872623,6.825575040979833,13.758651991241756,183.13925999214442,-35.08719448392617,3,11.915672302246094,3014.012451171875,,,new20pc,needs_redo,41,
58,G  44-43,163.05626573325256,5.91912909046471,13.928347896537153,-695.5202745428245,-60.278853068799236,7,13.075429916381836,,,,new20pc,needs_redo,42,
59,LP  411-6,41.64079022240677,16.416972047012635,13.965552785549455,-831.5331881851774,-569.0246394430965,6,14.55251693725586,,,,new20pc,needs_redo,43,
60,BD+19   381,38.97329569548593,20.219260277260023,14.041707823640484,249.83907360754708,-140.33557150909022,6,9.708674430847168,3400.080078125,,,new20pc,needs_redo,44,
61,LP  349-25,6.985243946351337,22.324902794590333,14.128083082528516,392.7166624409269,-186.5883308135825,3,14.962327003479004,,,,new20pc,needs_redo,45,
62,HD 188088,298.573333453915,-23.942897296654756,14.144079800971966,-124.16693865882704,-410.68078672310565,7,5.908112049102783,4769.572265625,,,new20pc,needs_redo,46,
63,HD 188088B,298.5853870969822,-23.946408599564357,14.145627769332485,-126.8833291069842,-407.456278029701,7,13.226322174072266,2956.46337890625,,,new20pc,needs_redo,47,
64,LSPM J0501+2237,75.32477273200419,22.61536006911671,14.308557167831168,-62.47853845087493,-351.05080501265377,7,13.571757316589355,,,,new20pc,needs_redo,48,
65,PM J02024+1034A,30.617298488262897,10.581070527181739,14.36053481919483,-50.192911607821685,-97.14188773868602,"3,6",11.877723693847656,,,,new20pc,needs_redo,49,
66,HD 216133,342.5804573056282,-7.089644096557749,14.507412168167075,-106.57232266763265,103.75824912054978,7,9.132903099060059,3818.51611328125,,,new20pc,needs_redo,50,
67,HD  45088,96.54210989551521,18.75620888605506,14.616850448045398,-131.61803260888314,-150.5645222715154,"6,7",6.484982013702393,,,,new20pc,needs_redo,51,
68,GJ14 (Gaia DR3 383426372059603712),4.279896289658576,40.94866840359883,14.687600745180884,567.191978775712,83.45352189239841,6,8.371855735778809,3875.679931640625,False,0,top100,needs_redo,30,
69,HD  45088B,96.54174584642976,18.756661354398116,14.750702304926294,-71.83298293497515,-193.05769600510635,"6,7",10.395798683166504,,,,new20pc,needs_redo,52,
70,LP  869-26,296.2257504183332,-23.633980573875828,14.83941689987868,315.1388756295232,-136.19720414785453,7,13.051262855529785,,,,new20pc,needs_redo,53,
71,LHS 1140,11.2486779084442,-15.274191339893132,14.963620881657688,318.1520629418195,-596.6229051027706,6,12.653936386108398,3096.0,True,2,top100,needs_redo,8,
72,HD 38858 (Gaia DR3 3023711269067191296),87.1458581131804,-4.095664047742017,15.210375829466273,61.42699725421628,-229.29120099564255,6,5.805881023406982,5647.2470703125,False,0,top100,needs_redo,20,
73,G  70-43,17.983386501731477,4.915728547493478,15.462708244225679,398.0534874293875,-532.9469693803433,6,11.733450889587402,,,,new20pc,needs_redo,54,
74,G  70-44,17.993289554427015,4.901105297805829,15.48779365578345,373.0493297359216,-529.9635898940465,6,12.558009147644043,,,,new20pc,needs_redo,55,
75,HD 207129 (Gaia DR3 6564091190988411520),327.0667117287086,-47.30492965427047,15.558956955870052,165.06854306177507,-295.552731253777,6,5.419392108917236,5815.8623046875,False,0,top100,needs_redo,16,
76,HD 191391,302.57951441515877,-20.4950698499972,15.820927348603028,-427.5824594520644,-367.3781753063445,7,8.386856079101562,3987.56494140625,,,new20pc,needs_redo,56,
77,CD-33 13497B,280.80077352096055,-33.37699712022282,16.0667516672869,-147.35561766790875,-368.39083000573055,6,14.26707649230957,,,,new20pc,needs_redo,57,
78,CD-33 13497,280.8014172914453,-33.38112796161168,16.113633547375937,-129.32691074222322,-371.1947169590787,6,9.483536720275879,,,,new20pc,needs_redo,58,
79,HD 23484 (Gaia DR3 4856592239127350400),56.0394043824196,-38.280484230845914,16.169613332824454,209.05794687020227,289.31584899741154,6,6.751104354858398,5048.0380859375,False,0,top100,secure,56,
80,SCR J1656-2046,254.13911786858904,-20.77796755384291,16.317709826614095,-194.81059334721618,-194.33437807109473,6,14.989168167114258,,,,new20pc,needs_redo,59,
81,LP  840-16,107.0272138479481,-22.814159191803096,16.70357743409871,-411.6282824504957,-228.93070035801338,8,10.518141746520996,,,,new20pc,needs_redo,60,
82,Ross  622,132.92825821398725,18.124743394772647,16.710895062144623,-899.9858437176458,-52.66779552472954,3,10.666370391845703,,,,new20pc,needs_redo,61,
83,LP  702-50,348.9785213795388,-6.463096715840339,16.768447917651795,315.13352395253196,-44.90793845461404,7,14.794569969177246,,,,new20pc,needs_redo,62,
84,LP  923-19,278.84201284819926,-31.396680739248108,17.218152876615157,28.532277004295015,-380.0025938066515,6,12.50324535369873,,,,new20pc,needs_redo,63,
85,LP  923-18,278.8398616374994,-31.39568119569199,17.226952781162343,23.625422505302122,-383.0911858920407,6,11.602418899536133,,,,new20pc,needs_redo,64,
86,HD  94765,164.12717870622868,7.3881302560914115,17.300315488190833,-256.99164425032006,-77.40965166891915,7,7.1133317947387695,4910.1162109375,,,new20pc,needs_redo,65,
87,HD 10647,25.62339159017506,-53.74129984828599,17.348792545179204,166.04054972266235,-105.4958102197813,"6,7",5.383109092712402,6114.824462890625,True,1,top100,needs_redo,45,
88,* g Lup,235.2963466961976,-44.6623899936602,17.398608619535604,-169.10565112984054,-266.39145844308257,6,4.520535469055176,6596.69482421875,,,new20pc,needs_redo,66,
89,*  37 Gem,103.82759156605087,25.375803135431426,17.404657022595195,-37.59497086966134,24.233724290764933,3,5.602783679962158,5819.5,,,new20pc,needs_redo,67,
90,V* ZZ Psc,352.19670801911326,5.247213099043008,17.524797217532196,-398.2458353978592,-266.7438097305465,"6,7",13.062395095825195,,,,new20pc,needs_redo,68,
91,L  671-20,106.84643706065182,-21.458520145746682,17.564320308150577,195.14755951077632,-210.1316520736746,8,10.150473594665527,3343.11865234375,,,new20pc,needs_redo,69,
92,BD+05   127,14.435383926013158,5.85573316957686,17.809918334712386,-55.518435252300776,1.4034280181261358,6,9.563919067382812,,,,new20pc,needs_redo,70,
93,LP  927-32,309.8508858682124,-29.44624125075107,17.890522839417486,319.61402151628704,-737.4360762441796,"3,6",15.178885459899902,,,,new20pc,needs_redo,71,
94,UCAC4 344-194568,308.40224210084426,-21.336459771050528,17.927615516221184,-117.63708181152462,-71.03859187410436,7,11.482918739318848,,,,new20pc,needs_redo,72,
95,Wolf 1034,335.0565229770535,6.72679864112854,18.05402488423217,284.6178904886404,280.8526536309954,3,12.183734893798828,3235.888427734375,,,new20pc,needs_redo,73,
96,* eta Crv,188.0156449228337,-16.196264029437497,18.243690056636073,-424.596782433152,-58.2411313459339,"7,8",4.209556579589844,6746.5283203125,,,new20pc,needs_redo,74,
97,LP  870-65,301.1288564266629,-23.70213617627802,18.25091831546308,119.33963501186894,-339.14562275420235,7,11.580648422241211,,,,new20pc,needs_redo,75,
98,HD53143 (Gaia DR3 5479222240596469632),104.99706286126714,-61.33500424765096,18.340130468614888,-161.87264540008795,264.83561051555023,6,6.616180896759033,5300.3193359375,False,0,top100,secure,23,
99,HD 158233,262.27591432589537,-23.836435650477906,18.39359418021142,-288.66636470992313,-72.7891199456114,7,9.06427001953125,4108.18359375,,,new20pc,needs_redo,76,
100,HD  42807,93.30244910592171,10.625819907584921,18.59937001542844,78.24975872122373,-297.55111579954627,6,6.271036148071289,5636.935546875,,,new20pc,needs_redo,77,
101,PM J17394-2327,264.84928189317486,-23.452189183848812,18.665220008873703,-453.4924908252745,-43.21180801787531,7,13.833521842956543,,,,new20pc,needs_redo,78,
102,G  13-51,189.69362697129873,-4.3222880717573045,18.683719147890393,-748.1335045376759,-198.35365008384474,"6,7",12.216981887817383,,,,new20pc,needs_redo,79,
103,HD 170493,277.46912967839614,-1.8189624863394651,18.81162115767776,172.0630580035004,-193.4221579337165,6,7.68353271484375,4658.39453125,,,new20pc,needs_redo,80,
104,Wolf  219,56.14712981451253,18.43104008150184,18.88298291770258,412.51764655794017,-1129.7758796278197,6,15.057756423950195,,,,new20pc,needs_redo,81,
105,G  82-33,68.68850665695317,-0.4472776491451271,18.930942612070368,-81.11425039391419,-230.8106999017713,6,12.272258758544922,,,,new20pc,needs_redo,82,
106,Ross  972,195.0149340750512,-5.6297508059701755,19.00350277425523,-344.02477348986025,43.66221554710016,6,11.382515907287598,3128.34130859375,,,new20pc,needs_redo,83,
107,LP  549-10,149.96815413261183,2.7805250971078017,19.166886144991615,184.82543065485555,27.350475260099753,7,12.81271743774414,,,,new20pc,needs_redo,84,
108,HD 194640,306.9342721592136,-30.870163905697215,19.305446368990072,-14.273038461906083,-521.6273045061087,3,6.442749977111816,5472.486328125,,,new20pc,needs_redo,85,
109,LSPM J0738+2400,114.62216862501052,24.0019731597431,19.3965195343007,-152.08126620334212,-96.94910956571275,7,11.74533748626709,3055.5458984375,,,new20pc,needs_redo,86,
110,* k Ori,94.11128944061781,12.272992041846027,19.587941167274533,82.77514649355062,186.48042272707457,6,4.916410446166992,6455.56298828125,,,new20pc,needs_redo,87,
111,bet Pic,86.82123452009108,-51.066136257823345,19.6345266018065,5.160196860824648,84.0405295978282,"3,6,7,8",3.8232421875,7988.366611328125,True,3,top100,needs_redo,37,
112,* eta Cru,181.72076420594314,-64.61389471172151,19.688169605096633,34.27029065373058,-36.90243212526111,6,4.060889720916748,6863.0830078125,,,new20pc,needs_redo,88,
113,L  630-44,261.8107667727851,-25.162126124890616,19.70605190178863,426.3363921344734,-451.26591814316674,7,12.098161697387695,,,,new20pc,needs_redo,89,
114,UPM J2005-2218,301.3968679556646,-22.304962207672475,19.765868224221112,55.45930249435985,-97.49283158278851,7,12.57409381866455,3032.221923828125,,,new20pc,needs_redo,90,
115,LP  411-18,43.358915254728714,17.407883277761023,19.80416795286967,14.632167578368765,-252.4286851275876,6,11.51113510131836,,,,new20pc,needs_redo,91,
116,SCR J1247-0525,191.8091816918435,-5.417862397108706,19.820172417222867,-485.3842454794939,563.0472221571267,7,13.226862907409668,3078.437744140625,,,new20pc,needs_redo,92,
117,RX J0711.2-2117B,107.8206438648504,-21.29894639796273,19.841907896511668,-124.80337488452885,-67.88209201434987,8,13.355201721191406,,,,new20pc,needs_redo,93,
118,RX J0711.2-2117A,107.82001459728738,-21.298800904869406,19.860667164501383,-103.59975202580827,-64.19455204020532,8,13.197112083435059,,,,new20pc,needs_redo,94,
119,LP  410-38,37.604715066449785,16.805130281118615,19.875395171384064,210.57540274672473,-421.13746730188967,6,15.384780883789062,,,,new20pc,needs_redo,95,
120,LP  638-50,327.8635523883638,-1.4538921085791252,19.985415270989908,213.42468947925627,18.485081759202735,4,14.842791557312012,,,,new20pc,needs_redo,96,
121,PM J03433+1958,55.84669517197853,19.971163897614996,20.756656348019504,75.52925494088046,161.81394929017478,6,15.617215156555176,,,,new40pc,needs_redo,121,63126196662620416
122,V star TX PsA,341.25120712754585,-33.257784893413394,20.834996076326,176.82148538319268,-120.87940157960739,7,11.82364559173584,,,,new40pc,needs_redo,122,6603693808817829760
123,V star WW PsA,341.24246814684966,-33.251032101917744,20.86731108424069,179.9451085900137,-123.18825355296836,7,10.744967460632324,,,,new40pc,needs_redo,123,6603693881832177792
124,j1256-1257,194.00764786266586,-12.956935593723335,21.153581147174854,-272.4615398226702,-190.23873707184504,7,15.11142635345459,,,,new40pc,needs_redo,124,3526198184723289472
125,hd92945,160.86670251334388,-29.064508603284192,21.50854666682674,-215.48354092175197,-49.892190985041225,7,7.485660552978516,5123.2001953125,,,new40pc,needs_redo,125,5455707157211784832
126,WD2039-202,310.6464920929421,-20.077075762089112,21.770851821218116,357.7992312254921,-96.27613537295704,6,12.377910614013672,,,,new40pc,needs_redo,126,6857939315643803776
127,HD 45184,96.18199432228883,-28.780657042949517,21.892263773131692,-165.12174891818395,-121.85155201671665,6,6.221315860748291,5739.9775390625,True,2,new40pc,needs_redo,127,2898239468873596800
128,LP 476-207 [783296],75.49535739653825,9.982201206120338,23.75250239823961,50.7705362914874,-117.65519696749398,7,11.420147895812988,,,,new40pc,needs_redo,128,3291643148741783296
129,LP 476-207 [384128],75.49514106880602,9.98252583775703,23.787535885512828,31.659601361197897,-121.56604123955785,7,10.568317413330078,3263.599853515625,,,new40pc,needs_redo,129,3291643148740384128
130,HD202628,319.61510203083486,-43.334555635071645,23.794008118530165,241.97817465600454,21.4254775956858,6,6.59805965423584,5688.802734375,,,new40pc,needs_redo,130,6577318075351824512
131,HD 31392,73.51821774797449,-35.40381777054113,25.760172526564894,125.13111743965055,157.46916518127705,6,7.401483058929443,5250.1005859375,,,new40pc,needs_redo,131,4824866896260056448
132,CD-57 1054,75.19666437541598,-57.25674085176277,26.873154628817716,35.38835067056905,74.11315957504551,7,9.377309799194336,,,,new40pc,needs_redo,132,4764027962957023104
133,LP 353-51,35.861502297689235,22.73471064102162,27.099096809465742,98.67335793040262,-112.5796152979364,7,10.429566383361816,,,,new40pc,needs_redo,133,101612981989146752
134,hd107146,184.77628126563016,16.547634275964707,27.46966568803521,-174.68330451425365,-149.0213066316967,"6,7",6.903610706329346,5714.91796875,,,new40pc,needs_redo,134,3946438125929224320
135,L 836-122,213.5703012153189,-15.354424665434726,28.69665872849319,-120.12639591574222,-197.31305204030417,7,12.639531135559082,3005.864501953125,,,new40pc,needs_redo,135,6298167942962279680
136,HD172555,281.3624218338677,-64.87192513545952,28.789014639652546,31.952325282703374,-149.7298949001875,"6,7",4.724597930908203,,,,new40pc,needs_redo,136,6438274350302427776
137,HD161868,266.97306262165563,2.7069481817732406,29.746518013453738,-23.936396789147118,-74.4615293942277,"6,7",3.7528483867645264,,,,new40pc,needs_redo,137,4472097420946809600
138,51 Eri,69.40074849308137,-2.473833383625505,29.905171464867223,44.04884090373149,-64.02842203088811,6,5.141170501708984,7250.2822265625,True,1,new40pc,needs_redo,138,3205095125321700480
139,kap CrB,237.80799964337655,35.65583336071889,29.99107142886642,-8.66850860804631,-348.3495377967055,6,4.511343002319336,4766.95703125,True,1,new40pc,needs_redo,139,1372702716380418688
140,HD 155555C,259.38019925411857,-66.95216506015974,30.41163075343437,-14.85124078605511,-145.2044300598275,7,11.467639923095703,,,,new40pc,needs_redo,140,5811866358170877184
141,2MASS J05241914-1601153 [551040],81.07988840263758,-16.021006482278416,30.985412934448114,0.5825217332636066,-34.24251559938638,7,12.77765941619873,,,,new40pc,needs_redo,141,2983928739350551040
142,WD0346-011,57.209484369964336,-0.9763603962606229,31.03960555071531,84.62182086558782,-162.95242500416975,6,14.022510528564453,,,,new40pc,needs_redo,142,3251244858154433536
143,2MASS J05241914-1601153 [717696],81.07977038972696,-16.021054872828934,31.190147581381755,31.98659319809813,-24.00298306216711,7,12.496781349182129,,,,new40pc,needs_redo,143,2983928735054717696
144,LP 722-21,111.37342105256133,-10.700807806408147,33.08196284851033,-204.00254985481416,-197.59354033368908,3,10.8743896484375,3944.25439453125,,,new40pc,needs_redo,144,3035245970683433344
145,UCAC2 20312880,93.30542437726922,-27.701553789338497,33.76600145983334,-14.16228325446633,-1.234794293616982,7,10.942436218261719,,,,new40pc,needs_redo,145,2899492637251200512
146,HR 2562,102.5042729562954,-60.24866244574327,33.92840645115612,4.8304672413127,108.52711029707115,7,6.004305362701416,6438.20703125,True,1,new40pc,needs_redo,146,5480006192386819456
147,TWA 7,160.62479038000887,-33.67126227095639,34.09748983013265,-118.75057501508036,-19.647775126946925,7,10.64235782623291,,True,1,new40pc,needs_redo,147,5444751795151480320
148,WD 0407+179,62.54334799500532,18.039562944974314,34.11019824511173,71.94107817041217,-86.17316229550332,6,14.224763870239258,,,,new40pc,needs_redo,148,46896958359881728
149,UCAC3 176-23654,83.49930047922183,-2.3592553593286123,34.34591487127615,9.524594919115954,-58.41319216784366,7,11.267261505126953,,,,new40pc,needs_redo,149,3216922640621225088
150,GJ 2006B,6.960399431589031,-32.55690077270133,34.97642342929373,112.46220003211967,-44.50097972386254,7,11.91622257232666,,,,new40pc,needs_redo,150,2315841869173294208
151,ALMA J153702.653-331924.92,234.262551465927,-33.324644713896944,35.00975445603521,-113.36685419076841,-83.25542532076133,"3,6,7",15.862728118896484,,,,new40pc,needs_redo,151,6015967739554000768
152,GJ 2006A,6.959885949983793,-32.55196152818741,35.0291581413077,110.1978991408203,-47.19402028438259,7,11.703627586364746,,,,new40pc,needs_redo,152,2315841869173294080
153,TYC 2211-1309-1,330.1736510918951,27.253691211852217,35.42393596572567,75.83796382417367,-17.7688232256748,7,10.651689529418945,,,,new40pc,needs_redo,153,1892968735059453440
154,HD14055,34.3288558064912,33.846962660907664,35.740498145648736,45.25343798552453,-52.68543639346999,"6,7",4.016055107116699,,,,new40pc,needs_redo,154,326109689896765568
155,HD 48370,100.7543305015117,-2.8890154549152767,35.95188010838147,14.310372872125994,-71.13678685898252,"6,8",7.746348857879639,5539.2275390625,,,new40pc,needs_redo,155,3105749748629384576
156,HD 89452,154.86891161055314,6.5827594949605075,36.22697725246051,-41.70317751684498,-47.93085656871941,6,8.742254257202148,4920.78857421875,,,new40pc,needs_redo,156,3861752365967697664
157,HD61005,113.94747066258135,-32.203571103935936,36.4505894175606,-55.049850187522495,74.31883665511522,"6,7,8,10",8.016805648803711,5366.42529296875,,,new40pc,needs_redo,157,5592237639209047424
158,CP-72 2713,340.70523481724115,-71.70612167520389,36.722200774181445,94.85392450898829,-52.38401799984418,"6,7",9.821706771850586,,,,new40pc,needs_redo,158,6382640367603744128
159,HD170773,278.25431992088164,-39.892376094961435,36.93452283184798,86.35334912822485,-79.92652570898933,"6,7",6.119171619415283,6509.04248046875,,,new40pc,needs_redo,159,6723753061177741312
160,TWA 3A [696000],167.6156531439757,-37.53105714841606,37.05470485656213,-115.52364841987226,-16.88624931365088,6,11.222070693969727,3246.693115234375,,,new40pc,needs_redo,160,5396978667759696000
161,TWA 3A [576064],167.61541010627627,-37.531441078575,37.13008698569366,-105.73843333562495,-27.449539955113494,6,11.623662948608398,,,,new40pc,needs_redo,161,5396978667757576064
162,Barta 161 12,23.808452780623654,-7.214511232156196,37.281201883172756,96.7631066458467,-48.94475939419378,7,11.972220420837402,,,,new40pc,needs_redo,162,2477870708709917568
163,HD377,2.1076643394278456,6.616794493147512,38.40447080082988,87.52487887794223,-1.8270634766019807,6,7.450479984283447,5758.37158203125,,,new40pc,needs_redo,163,2745647973856851712
164,HD 139084B [921024],234.73936530440275,-57.708008517689656,38.71618767167229,-54.601923976803974,-92.78585182991179,7,7.677120208740234,5042.71142578125,,,new40pc,needs_redo,164,5882581895219921024
165,HIP 490,1.4695196103890231,-41.753408063428445,38.82980105117917,97.86264909476063,-76.50209606515111,6,7.3955559730529785,5861.58935546875,,,new40pc,needs_redo,165,4995853014646189696
166,HD110411,190.47144055614368,10.235224279652359,38.92251079823753,81.91215352600656,-90.32270815151948,6,4.8502397537231445,,,,new40pc,needs_redo,166,3903402278745164672
167,HD 139084B [805632],234.73616300886798,-57.70570964386256,39.307605808821975,-50.33439652857858,-100.03591781208738,7,13.207830429077148,,,,new40pc,needs_redo,167,5882581895192805632
168,HIP10679,34.353505939597916,28.741464648683994,39.63436208736827,85.87906275155008,-71.14201493603882,6,7.622567176818848,5725.0888671875,,,new40pc,needs_redo,168,107774198474602368
