window,band,chanw_kHz,phi,realisation,peak_unsmoothed,peak_smoothed,unit_channel_reference,hanning_only_ratio,factor
A002_X1207c39_X9417_spw1,7,244.14,0.0,0,39.8933,19.7802,39.8933,2.0168,2.0168
A002_X1207c39_X9417_spw1,7,244.14,0.0,1,39.8618,19.7059,39.8618,2.0228,2.0228
A002_X1207c39_X9417_spw1,7,244.14,0.0,2,39.809,19.6355,39.809,2.0274,2.0274
A002_X1207c39_X9417_spw1,7,244.14,0.0,3,39.8495,19.6344,39.8495,2.0296,2.0296
A002_X1207c39_X9417_spw1,7,244.14,0.0,4,39.8469,19.6923,39.8469,2.0235,2.0235
A002_X1207c39_X9417_spw1,7,244.14,0.0,5,39.9189,19.8675,39.9189,2.0093,2.0093
A002_X1207c39_X9417_spw1,7,244.14,0.0,6,39.8699,19.7359,39.8699,2.0202,2.0202
A002_X1207c39_X9417_spw1,7,244.14,0.0,7,39.8501,19.6542,39.8501,2.0276,2.0276
A002_X1207c39_X9417_spw1,7,244.14,0.0,8,39.7991,19.605,39.7991,2.0301,2.0301
A002_X1207c39_X9417_spw1,7,244.14,0.0,9,39.8477,19.6677,39.8477,2.0261,2.0261
A002_X1207c39_X9417_spw1,7,244.14,0.125,0,34.8557,18.4689,39.8351,1.8873,2.1569
A002_X1207c39_X9417_spw1,7,244.14,0.125,1,34.7982,18.4067,39.7694,1.8905,2.1606
A002_X1207c39_X9417_spw1,7,244.14,0.125,2,34.7198,18.2904,39.6798,1.8983,2.1694
A002_X1207c39_X9417_spw1,7,244.14,0.125,3,34.8369,18.4655,39.8136,1.8866,2.1561
A002_X1207c39_X9417_spw1,7,244.14,0.125,4,34.856,18.4862,39.8354,1.8855,2.1549
A002_X1207c39_X9417_spw1,7,244.14,0.125,5,34.8411,18.4948,39.8184,1.8838,2.153
A002_X1207c39_X9417_spw1,7,244.14,0.125,6,34.7939,18.4516,39.7645,1.8857,2.1551
A002_X1207c39_X9417_spw1,7,244.14,0.125,7,34.8268,18.4494,39.8021,1.8877,2.1574
A002_X1207c39_X9417_spw1,7,244.14,0.125,8,34.8236,18.429,39.7984,1.8896,2.1596
A002_X1207c39_X9417_spw1,7,244.14,0.125,9,34.8151,18.4254,39.7887,1.8895,2.1594
A002_X1207c39_X9417_spw1,7,244.14,0.25,0,29.8533,17.295,39.8044,1.7261,2.3015
A002_X1207c39_X9417_spw1,7,244.14,0.25,1,29.7812,17.202,39.7083,1.7313,2.3083
A002_X1207c39_X9417_spw1,7,244.14,0.25,2,29.7893,17.1542,39.7191,1.7366,2.3154
A002_X1207c39_X9417_spw1,7,244.14,0.25,3,29.8634,17.2833,39.8178,1.7279,2.3038
A002_X1207c39_X9417_spw1,7,244.14,0.25,4,29.7793,17.1648,39.7057,1.7349,2.3132
A002_X1207c39_X9417_spw1,7,244.14,0.25,5,29.7541,17.175,39.6721,1.7324,2.3099
A002_X1207c39_X9417_spw1,7,244.14,0.25,6,29.7122,17.098,39.6162,1.7378,2.317
A002_X1207c39_X9417_spw1,7,244.14,0.25,7,29.8051,17.2351,39.7402,1.7293,2.3058
A002_X1207c39_X9417_spw1,7,244.14,0.25,8,29.7802,17.2086,39.707,1.7305,2.3074
A002_X1207c39_X9417_spw1,7,244.14,0.25,9,29.7194,17.1331,39.6259,1.7346,2.3128
A002_X1207c39_X9417_spw1,7,244.14,0.375,0,24.7356,15.8757,39.577,1.5581,2.4929
A002_X1207c39_X9417_spw1,7,244.14,0.375,1,24.8031,15.9914,39.685,1.551,2.4816
A002_X1207c39_X9417_spw1,7,244.14,0.375,2,24.7165,15.8407,39.5464,1.5603,2.4965
A002_X1207c39_X9417_spw1,7,244.14,0.375,3,24.755,15.9207,39.6081,1.5549,2.4878
A002_X1207c39_X9417_spw1,7,244.14,0.375,4,24.8166,15.9849,39.7065,1.5525,2.484
A002_X1207c39_X9417_spw1,7,244.14,0.375,5,24.8163,15.9911,39.7061,1.5519,2.483
A002_X1207c39_X9417_spw1,7,244.14,0.375,6,24.6777,15.8729,39.4844,1.5547,2.4875
A002_X1207c39_X9417_spw1,7,244.14,0.375,7,24.6718,15.8363,39.475,1.5579,2.4927
A002_X1207c39_X9417_spw1,7,244.14,0.375,8,24.8359,16.0561,39.7374,1.5468,2.4749
A002_X1207c39_X9417_spw1,7,244.14,0.375,9,24.7117,15.8682,39.5387,1.5573,2.4917
A002_X1207c39_X9417_spw1,7,244.14,0.5,0,19.8042,14.7042,39.6084,1.3468,2.6937
A002_X1207c39_X9417_spw1,7,244.14,0.5,1,19.7609,14.735,39.5218,1.3411,2.6822
A002_X1207c39_X9417_spw1,7,244.14,0.5,2,21.4204,15.9262,42.8407,1.345,2.69
A002_X1207c39_X9417_spw1,7,244.14,0.5,3,22.2278,16.4242,44.4557,1.3534,2.7067
A002_X1207c39_X9417_spw1,7,244.14,0.5,4,21.5487,15.9749,43.0975,1.3489,2.6978
A002_X1207c39_X9417_spw1,7,244.14,0.5,5,19.7418,14.5806,39.4837,1.354,2.708
A002_X1207c39_X9417_spw1,7,244.14,0.5,6,21.6973,16.1251,43.3946,1.3456,2.6911
A002_X1207c39_X9417_spw1,7,244.14,0.5,7,19.7113,14.6355,39.4226,1.3468,2.6936
A002_X1207c39_X9417_spw1,7,244.14,0.5,8,19.8073,14.7361,39.6146,1.3441,2.6883
A002_X1207c39_X9417_spw1,7,244.14,0.5,9,19.7136,14.6249,39.4272,1.3479,2.6959
A002_X1207c39_X9417_spw2,7,244.14,0.0,0,39.878,19.6987,39.878,2.0244,2.0244
A002_X1207c39_X9417_spw2,7,244.14,0.0,1,39.9021,19.7525,39.9021,2.0201,2.0201
A002_X1207c39_X9417_spw2,7,244.14,0.0,2,39.8558,19.6687,39.8558,2.0264,2.0264
A002_X1207c39_X9417_spw2,7,244.14,0.0,3,39.8818,19.7469,39.8818,2.0196,2.0196
A002_X1207c39_X9417_spw2,7,244.14,0.0,4,39.9146,19.8122,39.9146,2.0146,2.0146
A002_X1207c39_X9417_spw2,7,244.14,0.0,5,39.8466,19.7004,39.8466,2.0226,2.0226
A002_X1207c39_X9417_spw2,7,244.14,0.0,6,39.8968,19.7716,39.8968,2.0179,2.0179
A002_X1207c39_X9417_spw2,7,244.14,0.0,7,39.8863,19.7894,39.8863,2.0155,2.0155
A002_X1207c39_X9417_spw2,7,244.14,0.0,8,39.7111,19.5326,39.7111,2.0331,2.0331
A002_X1207c39_X9417_spw2,7,244.14,0.0,9,39.8601,19.6914,39.8601,2.0242,2.0242
A002_X1207c39_X9417_spw2,7,244.14,0.125,0,34.7826,18.37,39.7515,1.8934,2.1639
A002_X1207c39_X9417_spw2,7,244.14,0.125,1,34.7127,18.2895,39.6716,1.898,2.1691
A002_X1207c39_X9417_spw2,7,244.14,0.125,2,34.7903,18.3436,39.7603,1.8966,2.1675
A002_X1207c39_X9417_spw2,7,244.14,0.125,3,34.8788,18.5445,39.8615,1.8808,2.1495
A002_X1207c39_X9417_spw2,7,244.14,0.125,4,34.8043,18.3801,39.7764,1.8936,2.1641
A002_X1207c39_X9417_spw2,7,244.14,0.125,5,34.6381,18.2702,39.5864,1.8959,2.1667
A002_X1207c39_X9417_spw2,7,244.14,0.125,6,34.842,18.4937,39.8194,1.884,2.1531
A002_X1207c39_X9417_spw2,7,244.14,0.125,7,34.8595,18.4635,39.8395,1.888,2.1577
A002_X1207c39_X9417_spw2,7,244.14,0.125,8,34.8798,18.5385,39.8626,1.8815,2.1503
A002_X1207c39_X9417_spw2,7,244.14,0.125,9,34.8085,18.3921,39.7812,1.8926,2.1629
A002_X1207c39_X9417_spw2,7,244.14,0.25,0,29.7476,17.1595,39.6634,1.7336,2.3115
A002_X1207c39_X9417_spw2,7,244.14,0.25,1,29.7192,17.0598,39.6256,1.7421,2.3227
A002_X1207c39_X9417_spw2,7,244.14,0.25,2,29.8177,17.1939,39.757,1.7342,2.3123
A002_X1207c39_X9417_spw2,7,244.14,0.25,3,29.7359,17.0931,39.6479,1.7396,2.3195
A002_X1207c39_X9417_spw2,7,244.14,0.25,4,29.7745,17.166,39.6994,1.7345,2.3127
A002_X1207c39_X9417_spw2,7,244.14,0.25,5,29.8429,17.2645,39.7906,1.7286,2.3048
A002_X1207c39_X9417_spw2,7,244.14,0.25,6,29.7253,17.1057,39.6337,1.7377,2.317
A002_X1207c39_X9417_spw2,7,244.14,0.25,7,29.8348,17.2552,39.7797,1.729,2.3054
A002_X1207c39_X9417_spw2,7,244.14,0.25,8,29.826,17.2168,39.768,1.7324,2.3098
A002_X1207c39_X9417_spw2,7,244.14,0.25,9,29.7604,17.1577,39.6805,1.7345,2.3127
A002_X1207c39_X9417_spw2,7,244.14,0.375,0,24.5936,15.7829,39.3497,1.5582,2.4932
A002_X1207c39_X9417_spw2,7,244.14,0.375,1,24.7841,15.9484,39.6545,1.554,2.4864
A002_X1207c39_X9417_spw2,7,244.14,0.375,2,24.7527,15.9188,39.6044,1.5549,2.4879
A002_X1207c39_X9417_spw2,7,244.14,0.375,3,24.8082,15.9858,39.6931,1.5519,2.483
A002_X1207c39_X9417_spw2,7,244.14,0.375,4,24.7433,15.9202,39.5893,1.5542,2.4867
A002_X1207c39_X9417_spw2,7,244.14,0.375,5,24.7,15.8243,39.52,1.5609,2.4974
A002_X1207c39_X9417_spw2,7,244.14,0.375,6,24.6664,15.7822,39.4662,1.5629,2.5007
A002_X1207c39_X9417_spw2,7,244.14,0.375,7,24.6781,15.833,39.485,1.5587,2.4938
A002_X1207c39_X9417_spw2,7,244.14,0.375,8,24.8433,16.0376,39.7493,1.5491,2.4785
A002_X1207c39_X9417_spw2,7,244.14,0.375,9,24.8302,16.0257,39.7284,1.5494,2.479
A002_X1207c39_X9417_spw2,7,244.14,0.5,0,19.7299,14.6356,39.4599,1.3481,2.6962
A002_X1207c39_X9417_spw2,7,244.14,0.5,1,19.7679,14.6619,39.5359,1.3482,2.6965
A002_X1207c39_X9417_spw2,7,244.14,0.5,2,21.9048,16.2032,43.8097,1.3519,2.7038
A002_X1207c39_X9417_spw2,7,244.14,0.5,3,21.4225,15.9082,42.8451,1.3466,2.6933
A002_X1207c39_X9417_spw2,7,244.14,0.5,4,20.8049,15.4398,41.6098,1.3475,2.695
A002_X1207c39_X9417_spw2,7,244.14,0.5,5,22.2459,16.5407,44.4917,1.3449,2.6898
A002_X1207c39_X9417_spw2,7,244.14,0.5,6,19.6441,14.5301,39.2881,1.352,2.7039
A002_X1207c39_X9417_spw2,7,244.14,0.5,7,20.7525,15.3593,41.5051,1.3511,2.7023
A002_X1207c39_X9417_spw2,7,244.14,0.5,8,20.327,15.0227,40.6541,1.3531,2.7062
A002_X1207c39_X9417_spw2,7,244.14,0.5,9,19.6974,14.5642,39.3948,1.3525,2.7049
A002_X1207c39_X9417_spw3,7,244.14,0.0,0,39.8338,19.6202,39.8338,2.0303,2.0303
A002_X1207c39_X9417_spw3,7,244.14,0.0,1,39.8118,19.5666,39.8118,2.0347,2.0347
A002_X1207c39_X9417_spw3,7,244.14,0.0,2,39.8672,19.6431,39.8672,2.0296,2.0296
A002_X1207c39_X9417_spw3,7,244.14,0.0,3,39.8555,19.6744,39.8555,2.0258,2.0258
A002_X1207c39_X9417_spw3,7,244.14,0.0,4,39.8431,19.6472,39.8431,2.0279,2.0279
A002_X1207c39_X9417_spw3,7,244.14,0.0,5,39.8933,19.7531,39.8933,2.0196,2.0196
A002_X1207c39_X9417_spw3,7,244.14,0.0,6,39.8176,19.5442,39.8176,2.0373,2.0373
A002_X1207c39_X9417_spw3,7,244.14,0.0,7,39.8996,19.7501,39.8996,2.0202,2.0202
A002_X1207c39_X9417_spw3,7,244.14,0.0,8,39.8974,19.7572,39.8974,2.0194,2.0194
A002_X1207c39_X9417_spw3,7,244.14,0.0,9,39.9125,19.7813,39.9125,2.0177,2.0177
A002_X1207c39_X9417_spw3,7,244.14,0.125,0,34.7895,18.4044,39.7594,1.8903,2.1603
A002_X1207c39_X9417_spw3,7,244.14,0.125,1,34.7965,18.3963,39.7674,1.8915,2.1617
A002_X1207c39_X9417_spw3,7,244.14,0.125,2,34.8348,18.4523,39.8112,1.8878,2.1575
A002_X1207c39_X9417_spw3,7,244.14,0.125,3,34.8072,18.4155,39.7796,1.8901,2.1601
A002_X1207c39_X9417_spw3,7,244.14,0.125,4,34.8258,18.4248,39.8009,1.8902,2.1602
A002_X1207c39_X9417_spw3,7,244.14,0.125,5,34.8468,18.4826,39.8249,1.8854,2.1547
A002_X1207c39_X9417_spw3,7,244.14,0.125,6,34.8192,18.4449,39.7934,1.8877,2.1574
A002_X1207c39_X9417_spw3,7,244.14,0.125,7,34.8318,18.3996,39.8078,1.8931,2.1635
A002_X1207c39_X9417_spw3,7,244.14,0.125,8,34.7366,18.3327,39.6989,1.8948,2.1655
A002_X1207c39_X9417_spw3,7,244.14,0.125,9,34.8851,18.5507,39.8687,1.8805,2.1492
A002_X1207c39_X9417_spw3,7,244.14,0.25,0,29.7325,17.056,39.6433,1.7432,2.3243
A002_X1207c39_X9417_spw3,7,244.14,0.25,1,29.7445,17.0533,39.6594,1.7442,2.3256
A002_X1207c39_X9417_spw3,7,244.14,0.25,2,29.796,17.2191,39.728,1.7304,2.3072
A002_X1207c39_X9417_spw3,7,244.14,0.25,3,29.6788,17.0223,39.5717,1.7435,2.3247
A002_X1207c39_X9417_spw3,7,244.14,0.25,4,29.6806,16.9695,39.5742,1.7491,2.3321
A002_X1207c39_X9417_spw3,7,244.14,0.25,5,29.8619,17.2801,39.8158,1.7281,2.3041
A002_X1207c39_X9417_spw3,7,244.14,0.25,6,29.76,17.1372,39.68,1.7366,2.3154
A002_X1207c39_X9417_spw3,7,244.14,0.25,7,29.7763,17.1747,39.7017,1.7337,2.3116
A002_X1207c39_X9417_spw3,7,244.14,0.25,8,29.7493,17.1258,39.6657,1.7371,2.3161
A002_X1207c39_X9417_spw3,7,244.14,0.25,9,29.7683,17.2122,39.6911,1.7295,2.306
A002_X1207c39_X9417_spw3,7,244.14,0.375,0,24.798,15.9815,39.6768,1.5517,2.4827
A002_X1207c39_X9417_spw3,7,244.14,0.375,1,24.7248,15.8832,39.5597,1.5567,2.4907
A002_X1207c39_X9417_spw3,7,244.14,0.375,2,24.7094,15.8738,39.5351,1.5566,2.4906
A002_X1207c39_X9417_spw3,7,244.14,0.375,3,24.8169,15.9842,39.707,1.5526,2.4841
A002_X1207c39_X9417_spw3,7,244.14,0.375,4,24.7162,15.8849,39.5459,1.556,2.4895
A002_X1207c39_X9417_spw3,7,244.14,0.375,5,24.8526,16.0357,39.7642,1.5498,2.4797
A002_X1207c39_X9417_spw3,7,244.14,0.375,6,24.8155,15.9997,39.7048,1.551,2.4816
A002_X1207c39_X9417_spw3,7,244.14,0.375,7,24.8272,16.0219,39.7235,1.5496,2.4793
A002_X1207c39_X9417_spw3,7,244.14,0.375,8,24.7965,15.9797,39.6744,1.5518,2.4828
A002_X1207c39_X9417_spw3,7,244.14,0.375,9,24.7162,15.8849,39.5459,1.556,2.4895
A002_X1207c39_X9417_spw3,7,244.14,0.5,0,22.4176,16.6678,44.8352,1.345,2.6899
A002_X1207c39_X9417_spw3,7,244.14,0.5,1,22.4176,16.6678,44.8352,1.345,2.6899
A002_X1207c39_X9417_spw3,7,244.14,0.5,2,19.7106,14.6015,39.4211,1.3499,2.6998
A002_X1207c39_X9417_spw3,7,244.14,0.5,3,21.2501,15.8498,42.5001,1.3407,2.6814
A002_X1207c39_X9417_spw3,7,244.14,0.5,4,21.1522,15.7854,42.3043,1.34,2.68
A002_X1207c39_X9417_spw3,7,244.14,0.5,5,19.6903,14.6107,39.3806,1.3477,2.6953
A002_X1207c39_X9417_spw3,7,244.14,0.5,6,20.2249,15.0491,40.4498,1.3439,2.6879
A002_X1207c39_X9417_spw3,7,244.14,0.5,7,24.3226,18.1415,48.6451,1.3407,2.6814
A002_X1207c39_X9417_spw3,7,244.14,0.5,8,20.0866,14.9115,40.1733,1.3471,2.6941
A002_X1207c39_X9417_spw3,7,244.14,0.5,9,19.7371,14.7016,39.4742,1.3425,2.685
A002_Xc6141c_X3af0_spw0,7,488.28,0.0,0,39.9221,19.7575,39.9221,2.0206,2.0206
A002_Xc6141c_X3af0_spw0,7,488.28,0.0,1,39.8596,19.6998,39.8596,2.0233,2.0233
A002_Xc6141c_X3af0_spw0,7,488.28,0.0,2,39.9812,19.9608,39.9812,2.003,2.003
A002_Xc6141c_X3af0_spw0,7,488.28,0.0,3,39.8864,19.6402,39.8864,2.0309,2.0309
A002_Xc6141c_X3af0_spw0,7,488.28,0.0,4,39.85,19.7298,39.85,2.0198,2.0198
A002_Xc6141c_X3af0_spw0,7,488.28,0.0,5,39.8658,19.7162,39.8658,2.022,2.022
A002_Xc6141c_X3af0_spw0,7,488.28,0.0,6,39.9194,19.7518,39.9194,2.0211,2.0211
A002_Xc6141c_X3af0_spw0,7,488.28,0.0,7,39.8998,19.7172,39.8998,2.0236,2.0236
A002_Xc6141c_X3af0_spw0,7,488.28,0.0,8,39.9227,19.7378,39.9227,2.0227,2.0227
A002_Xc6141c_X3af0_spw0,7,488.28,0.0,9,39.9326,19.7315,39.9326,2.0238,2.0238
A002_Xc6141c_X3af0_spw0,7,488.28,0.125,0,34.8864,18.4904,39.8702,1.8867,2.1563
A002_Xc6141c_X3af0_spw0,7,488.28,0.125,1,34.8977,18.4543,39.8831,1.891,2.1612
A002_Xc6141c_X3af0_spw0,7,488.28,0.125,2,34.8383,18.4343,39.8152,1.8899,2.1598
A002_Xc6141c_X3af0_spw0,7,488.28,0.125,3,34.8723,18.4976,39.8541,1.8852,2.1546
A002_Xc6141c_X3af0_spw0,7,488.28,0.125,4,34.8392,18.4448,39.8162,1.8888,2.1587
A002_Xc6141c_X3af0_spw0,7,488.28,0.125,5,34.8472,18.479,39.8254,1.8858,2.1552
A002_Xc6141c_X3af0_spw0,7,488.28,0.125,6,34.8545,18.4554,39.8337,1.8886,2.1584
A002_Xc6141c_X3af0_spw0,7,488.28,0.125,7,34.8606,18.4563,39.8407,1.8888,2.1587
A002_Xc6141c_X3af0_spw0,7,488.28,0.125,8,34.8609,18.5365,39.841,1.8807,2.1493
A002_Xc6141c_X3af0_spw0,7,488.28,0.125,9,34.8665,18.5439,39.8474,1.8802,2.1488
A002_Xc6141c_X3af0_spw0,7,488.28,0.25,0,29.8438,17.1593,39.7918,1.7392,2.319
A002_Xc6141c_X3af0_spw0,7,488.28,0.25,1,29.9124,17.3407,39.8832,1.725,2.3
A002_Xc6141c_X3af0_spw0,7,488.28,0.25,2,29.8824,17.2943,39.8431,1.7279,2.3038
A002_Xc6141c_X3af0_spw0,7,488.28,0.25,3,29.8552,17.1916,39.807,1.7366,2.3155
A002_Xc6141c_X3af0_spw0,7,488.28,0.25,4,29.8876,17.2776,39.8502,1.7298,2.3065
A002_Xc6141c_X3af0_spw0,7,488.28,0.25,5,29.8157,17.2279,39.7542,1.7307,2.3075
A002_Xc6141c_X3af0_spw0,7,488.28,0.25,6,29.7934,17.1971,39.7245,1.7325,2.31
A002_Xc6141c_X3af0_spw0,7,488.28,0.25,7,29.8349,17.2654,39.7799,1.728,2.304
A002_Xc6141c_X3af0_spw0,7,488.28,0.25,8,29.8524,17.2931,39.8032,1.7263,2.3017
A002_Xc6141c_X3af0_spw0,7,488.28,0.25,9,29.8795,17.286,39.8393,1.7285,2.3047
A002_Xc6141c_X3af0_spw0,7,488.28,0.375,0,24.8425,16.7007,39.748,1.4875,2.38
A002_Xc6141c_X3af0_spw0,7,488.28,0.375,1,24.8713,16.3263,39.7941,1.5234,2.4374
A002_Xc6141c_X3af0_spw0,7,488.28,0.375,2,24.7843,15.9524,39.6549,1.5536,2.4858
A002_Xc6141c_X3af0_spw0,7,488.28,0.375,3,24.8767,16.0587,39.8027,1.5491,2.4786
A002_Xc6141c_X3af0_spw0,7,488.28,0.375,4,24.8001,15.9194,39.6802,1.5579,2.4926
A002_Xc6141c_X3af0_spw0,7,488.28,0.375,5,24.854,16.2369,39.7664,1.5307,2.4491
A002_Xc6141c_X3af0_spw0,7,488.28,0.375,6,24.8634,16.066,39.7814,1.5476,2.4761
A002_Xc6141c_X3af0_spw0,7,488.28,0.375,7,24.8227,16.2923,39.7163,1.5236,2.4377
A002_Xc6141c_X3af0_spw0,7,488.28,0.375,8,24.9069,16.1006,39.851,1.547,2.4751
A002_Xc6141c_X3af0_spw0,7,488.28,0.375,9,24.8771,16.0195,39.8034,1.5529,2.4847
A002_Xc6141c_X3af0_spw0,7,488.28,0.5,0,19.863,14.799,39.726,1.3422,2.6844
A002_Xc6141c_X3af0_spw0,7,488.28,0.5,1,20.3068,15.0087,40.6135,1.353,2.706
A002_Xc6141c_X3af0_spw0,7,488.28,0.5,2,21.0448,15.7049,42.0896,1.34,2.68
A002_Xc6141c_X3af0_spw0,7,488.28,0.5,3,21.5185,16.0053,43.0369,1.3445,2.6889
A002_Xc6141c_X3af0_spw0,7,488.28,0.5,4,20.5926,15.2294,41.1852,1.3522,2.7043
A002_Xc6141c_X3af0_spw0,7,488.28,0.5,5,22.2704,16.5561,44.5407,1.3451,2.6903
A002_Xc6141c_X3af0_spw0,7,488.28,0.5,6,19.87,14.8247,39.74,1.3403,2.6807
A002_Xc6141c_X3af0_spw0,7,488.28,0.5,7,19.8382,14.7852,39.6763,1.3418,2.6835
A002_Xc6141c_X3af0_spw0,7,488.28,0.5,8,20.6742,15.3076,41.3483,1.3506,2.7012
A002_Xc6141c_X3af0_spw0,7,488.28,0.5,9,21.5877,16.0664,43.1754,1.3437,2.6873
A002_Xc6c0d5_X121e_spw0,7,488.28,0.0,0,39.9485,19.8009,39.9485,2.0175,2.0175
A002_Xc6c0d5_X121e_spw0,7,488.28,0.0,1,39.8636,19.6654,39.8636,2.0271,2.0271
A002_Xc6c0d5_X121e_spw0,7,488.28,0.0,2,39.9241,19.8189,39.9241,2.0144,2.0144
A002_Xc6c0d5_X121e_spw0,7,488.28,0.0,3,39.9378,19.8038,39.9378,2.0167,2.0167
A002_Xc6c0d5_X121e_spw0,7,488.28,0.0,4,39.9116,19.8058,39.9116,2.0152,2.0152
A002_Xc6c0d5_X121e_spw0,7,488.28,0.0,5,39.8529,19.728,39.8529,2.0201,2.0201
A002_Xc6c0d5_X121e_spw0,7,488.28,0.0,6,39.9197,19.7777,39.9197,2.0184,2.0184
A002_Xc6c0d5_X121e_spw0,7,488.28,0.0,7,39.9187,19.7816,39.9187,2.018,2.018
A002_Xc6c0d5_X121e_spw0,7,488.28,0.0,8,39.906,19.7079,39.906,2.0249,2.0249
A002_Xc6c0d5_X121e_spw0,7,488.28,0.0,9,39.8912,19.7099,39.8912,2.0239,2.0239
A002_Xc6c0d5_X121e_spw0,7,488.28,0.125,0,34.8819,18.5307,39.8651,1.8824,2.1513
A002_Xc6c0d5_X121e_spw0,7,488.28,0.125,1,34.8595,18.4255,39.8395,1.8919,2.1622
A002_Xc6c0d5_X121e_spw0,7,488.28,0.125,2,34.8912,18.5451,39.8757,1.8814,2.1502
A002_Xc6c0d5_X121e_spw0,7,488.28,0.125,3,34.836,18.5036,39.8126,1.8827,2.1516
A002_Xc6c0d5_X121e_spw0,7,488.28,0.125,4,34.8696,18.5243,39.851,1.8824,2.1513
A002_Xc6c0d5_X121e_spw0,7,488.28,0.125,5,34.7617,18.3618,39.7277,1.8932,2.1636
A002_Xc6c0d5_X121e_spw0,7,488.28,0.125,6,34.8891,18.5201,39.8732,1.8839,2.153
A002_Xc6c0d5_X121e_spw0,7,488.28,0.125,7,34.8613,18.4151,39.8415,1.8931,2.1635
A002_Xc6c0d5_X121e_spw0,7,488.28,0.125,8,34.8515,18.498,39.8303,1.8841,2.1532
A002_Xc6c0d5_X121e_spw0,7,488.28,0.125,9,34.7763,18.3384,39.7444,1.8964,2.1673
A002_Xc6c0d5_X121e_spw0,7,488.28,0.25,0,29.9023,17.3442,39.8697,1.7241,2.2987
A002_Xc6c0d5_X121e_spw0,7,488.28,0.25,1,29.8487,17.2349,39.7982,1.7319,2.3092
A002_Xc6c0d5_X121e_spw0,7,488.28,0.25,2,29.8724,17.1978,39.8298,1.737,2.316
A002_Xc6c0d5_X121e_spw0,7,488.28,0.25,3,29.7989,17.1357,39.7319,1.739,2.3187
A002_Xc6c0d5_X121e_spw0,7,488.28,0.25,4,29.8379,17.1922,39.7838,1.7355,2.3141
A002_Xc6c0d5_X121e_spw0,7,488.28,0.25,5,29.8473,17.2777,39.7964,1.7275,2.3033
A002_Xc6c0d5_X121e_spw0,7,488.28,0.25,6,29.7922,17.1724,39.7229,1.7349,2.3132
A002_Xc6c0d5_X121e_spw0,7,488.28,0.25,7,29.821,17.2042,39.7614,1.7334,2.3111
A002_Xc6c0d5_X121e_spw0,7,488.28,0.25,8,29.5776,16.6639,39.4368,1.775,2.3666
A002_Xc6c0d5_X121e_spw0,7,488.28,0.25,9,29.6997,17.1125,39.5996,1.7356,2.3141
A002_Xc6c0d5_X121e_spw0,7,488.28,0.375,0,24.817,16.006,39.7073,1.5505,2.4808
A002_Xc6c0d5_X121e_spw0,7,488.28,0.375,1,24.8914,16.0449,39.8263,1.5514,2.4822
A002_Xc6c0d5_X121e_spw0,7,488.28,0.375,2,24.8267,15.9812,39.7227,1.5535,2.4856
A002_Xc6c0d5_X121e_spw0,7,488.28,0.375,3,24.7894,15.8663,39.663,1.5624,2.4998
A002_Xc6c0d5_X121e_spw0,7,488.28,0.375,4,24.8097,18.6278,39.6954,1.3319,2.131
A002_Xc6c0d5_X121e_spw0,7,488.28,0.375,5,24.847,15.9601,39.7552,1.5568,2.4909
A002_Xc6c0d5_X121e_spw0,7,488.28,0.375,6,24.8969,16.0561,39.8351,1.5506,2.481
A002_Xc6c0d5_X121e_spw0,7,488.28,0.375,7,24.8086,15.9495,39.6938,1.5554,2.4887
A002_Xc6c0d5_X121e_spw0,7,488.28,0.375,8,24.7903,15.9648,39.6645,1.5528,2.4845
A002_Xc6c0d5_X121e_spw0,7,488.28,0.375,9,24.8549,16.0262,39.7679,1.5509,2.4814
A002_Xc6c0d5_X121e_spw0,7,488.28,0.5,0,20.0658,14.862,40.1315,1.3501,2.7003
A002_Xc6c0d5_X121e_spw0,7,488.28,0.5,1,21.1923,15.7631,42.3847,1.3444,2.6889
A002_Xc6c0d5_X121e_spw0,7,488.28,0.5,2,20.2873,15.037,40.5746,1.3492,2.6983
A002_Xc6c0d5_X121e_spw0,7,488.28,0.5,3,19.8538,14.7782,39.7075,1.3434,2.6869
A002_Xc6c0d5_X121e_spw0,7,488.28,0.5,4,19.767,14.6284,39.5341,1.3513,2.7026
A002_Xc6c0d5_X121e_spw0,7,488.28,0.5,5,19.7306,14.6212,39.4613,1.3495,2.6989
A002_Xc6c0d5_X121e_spw0,7,488.28,0.5,6,19.8707,14.7773,39.7414,1.3447,2.6894
A002_Xc6c0d5_X121e_spw0,7,488.28,0.5,7,21.469,15.9264,42.938,1.348,2.696
A002_Xc6c0d5_X121e_spw0,7,488.28,0.5,8,19.7248,14.6108,39.4496,1.35,2.7
A002_Xc6c0d5_X121e_spw0,7,488.28,0.5,9,19.8491,14.7636,39.6982,1.3445,2.6889
A002_Xc66ce1_X1345_spw0,7,488.28,0.0,0,39.8999,19.7194,39.8999,2.0234,2.0234
A002_Xc66ce1_X1345_spw0,7,488.28,0.0,1,39.9073,19.7857,39.9073,2.017,2.017
A002_Xc66ce1_X1345_spw0,7,488.28,0.0,2,39.9168,19.6954,39.9168,2.0267,2.0267
A002_Xc66ce1_X1345_spw0,7,488.28,0.0,3,39.8531,19.7019,39.8531,2.0228,2.0228
A002_Xc66ce1_X1345_spw0,7,488.28,0.0,4,39.9233,19.6944,39.9233,2.0271,2.0271
A002_Xc66ce1_X1345_spw0,7,488.28,0.0,5,39.9235,19.6609,39.9235,2.0306,2.0306
A002_Xc66ce1_X1345_spw0,7,488.28,0.0,6,39.9204,19.7821,39.9204,2.018,2.018
A002_Xc66ce1_X1345_spw0,7,488.28,0.0,7,39.8665,19.6368,39.8665,2.0302,2.0302
A002_Xc66ce1_X1345_spw0,7,488.28,0.0,8,39.9475,19.8341,39.9475,2.0141,2.0141
A002_Xc66ce1_X1345_spw0,7,488.28,0.0,9,39.946,19.8361,39.946,2.0138,2.0138
A002_Xc66ce1_X1345_spw0,7,488.28,0.125,0,34.8742,18.474,39.8562,1.8877,2.1574
A002_Xc66ce1_X1345_spw0,7,488.28,0.125,1,34.8877,18.5397,39.8717,1.8818,2.1506
A002_Xc66ce1_X1345_spw0,7,488.28,0.125,2,34.8113,18.3672,39.7843,1.8953,2.1661
A002_Xc66ce1_X1345_spw0,7,488.28,0.125,3,34.8707,18.448,39.8522,1.8902,2.1602
A002_Xc66ce1_X1345_spw0,7,488.28,0.125,4,34.8203,18.4719,39.7947,1.885,2.1543
A002_Xc66ce1_X1345_spw0,7,488.28,0.125,5,34.8497,18.4395,39.8283,1.8899,2.1599
A002_Xc66ce1_X1345_spw0,7,488.28,0.125,6,34.8169,18.4037,39.7907,1.8918,2.1621
A002_Xc66ce1_X1345_spw0,7,488.28,0.125,7,34.8161,18.4109,39.7899,1.8911,2.1612
A002_Xc66ce1_X1345_spw0,7,488.28,0.125,8,34.7854,18.3397,39.7548,1.8967,2.1677
A002_Xc66ce1_X1345_spw0,7,488.28,0.125,9,34.8665,18.4562,39.8475,1.8891,2.159
A002_Xc66ce1_X1345_spw0,7,488.28,0.25,0,29.8034,17.2062,39.7378,1.7321,2.3095
A002_Xc66ce1_X1345_spw0,7,488.28,0.25,1,29.8142,17.2236,39.7523,1.731,2.308
A002_Xc66ce1_X1345_spw0,7,488.28,0.25,2,29.6843,17.0839,39.5791,1.7376,2.3167
A002_Xc66ce1_X1345_spw0,7,488.28,0.25,3,29.8821,17.3289,39.8429,1.7244,2.2992
A002_Xc66ce1_X1345_spw0,7,488.28,0.25,4,29.9006,17.3372,39.8675,1.7247,2.2995
A002_Xc66ce1_X1345_spw0,7,488.28,0.25,5,29.8918,17.2694,39.8558,1.7309,2.3079
A002_Xc66ce1_X1345_spw0,7,488.28,0.25,6,29.8832,17.2945,39.8443,1.7279,2.3039
A002_Xc66ce1_X1345_spw0,7,488.28,0.25,7,29.8607,17.2861,39.8143,1.7274,2.3033
A002_Xc66ce1_X1345_spw0,7,488.28,0.25,8,29.8989,17.3157,39.8652,1.7267,2.3023
A002_Xc66ce1_X1345_spw0,7,488.28,0.25,9,29.8835,17.3039,39.8447,1.727,2.3026
A002_Xc66ce1_X1345_spw0,7,488.28,0.375,0,24.7625,17.447,39.6201,1.4193,2.2709
A002_Xc66ce1_X1345_spw0,7,488.28,0.375,1,24.8627,16.5644,39.7804,1.501,2.4016
A002_Xc66ce1_X1345_spw0,7,488.28,0.375,2,24.8354,15.984,39.7367,1.5538,2.486
A002_Xc66ce1_X1345_spw0,7,488.28,0.375,3,24.7889,15.9713,39.6623,1.5521,2.4833
A002_Xc66ce1_X1345_spw0,7,488.28,0.375,4,24.8036,15.9639,39.6858,1.5537,2.486
A002_Xc66ce1_X1345_spw0,7,488.28,0.375,5,24.7406,15.9222,39.585,1.5538,2.4861
A002_Xc66ce1_X1345_spw0,7,488.28,0.375,6,24.8143,15.964,39.7029,1.5544,2.487
A002_Xc66ce1_X1345_spw0,7,488.28,0.375,7,24.7678,15.921,39.6285,1.5557,2.4891
A002_Xc66ce1_X1345_spw0,7,488.28,0.375,8,24.7904,15.9503,39.6647,1.5542,2.4868
A002_Xc66ce1_X1345_spw0,7,488.28,0.375,9,24.7656,16.0033,39.625,1.5475,2.4761
A002_Xc66ce1_X1345_spw0,7,488.28,0.5,0,20.8462,15.4967,41.6924,1.3452,2.6904
A002_Xc66ce1_X1345_spw0,7,488.28,0.5,1,20.6816,15.3305,41.3633,1.349,2.6981
A002_Xc66ce1_X1345_spw0,7,488.28,0.5,2,19.7968,14.725,39.5935,1.3444,2.6889
A002_Xc66ce1_X1345_spw0,7,488.28,0.5,3,19.6743,14.5742,39.3486,1.3499,2.6999
A002_Xc66ce1_X1345_spw0,7,488.28,0.5,4,26.4494,19.6835,52.8988,1.3437,2.6875
A002_Xc66ce1_X1345_spw0,7,488.28,0.5,5,19.8406,14.7815,39.6812,1.3423,2.6845
A002_Xc66ce1_X1345_spw0,7,488.28,0.5,6,20.208,14.9744,40.416,1.3495,2.699
A002_Xc66ce1_X1345_spw0,7,488.28,0.5,7,54.5956,40.2689,109.1911,1.3558,2.7115
A002_Xc66ce1_X1345_spw0,7,488.28,0.5,8,19.7952,14.6769,39.5904,1.3487,2.6975
A002_Xc66ce1_X1345_spw0,7,488.28,0.5,9,19.8401,14.7848,39.6803,1.3419,2.6839
A002_Xc6b674_X23f2_spw0,7,488.28,0.0,0,39.9463,19.8455,39.9463,2.0129,2.0129
A002_Xc6b674_X23f2_spw0,7,488.28,0.0,1,39.9008,19.8025,39.9008,2.0149,2.0149
A002_Xc6b674_X23f2_spw0,7,488.28,0.0,2,39.929,19.8025,39.929,2.0164,2.0164
A002_Xc6b674_X23f2_spw0,7,488.28,0.0,3,39.9167,19.727,39.9167,2.0235,2.0235
A002_Xc6b674_X23f2_spw0,7,488.28,0.0,4,39.9062,19.7492,39.9062,2.0206,2.0206
A002_Xc6b674_X23f2_spw0,7,488.28,0.0,5,39.9318,19.8074,39.9318,2.016,2.016
A002_Xc6b674_X23f2_spw0,7,488.28,0.0,6,39.9135,19.7278,39.9135,2.0232,2.0232
A002_Xc6b674_X23f2_spw0,7,488.28,0.0,7,39.8898,19.7293,39.8898,2.0219,2.0219
A002_Xc6b674_X23f2_spw0,7,488.28,0.0,8,39.8713,19.7572,39.8713,2.0181,2.0181
A002_Xc6b674_X23f2_spw0,7,488.28,0.0,9,39.9167,19.817,39.9167,2.0143,2.0143
A002_Xc6b674_X23f2_spw0,7,488.28,0.125,0,34.5782,18.1895,39.5179,1.901,2.1726
A002_Xc6b674_X23f2_spw0,7,488.28,0.125,1,34.8879,18.5565,39.8719,1.8801,2.1487
A002_Xc6b674_X23f2_spw0,7,488.28,0.125,2,34.758,18.3894,39.7235,1.8901,2.1601
A002_Xc6b674_X23f2_spw0,7,488.28,0.125,3,34.8317,18.4329,39.8076,1.8896,2.1596
A002_Xc6b674_X23f2_spw0,7,488.28,0.125,4,34.8532,18.4699,39.8322,1.887,2.1566
A002_Xc6b674_X23f2_spw0,7,488.28,0.125,5,34.8719,18.5246,39.8536,1.8825,2.1514
A002_Xc6b674_X23f2_spw0,7,488.28,0.125,6,34.8897,18.5593,39.8739,1.8799,2.1485
A002_Xc6b674_X23f2_spw0,7,488.28,0.125,7,34.8472,18.4714,39.8254,1.8865,2.1561
A002_Xc6b674_X23f2_spw0,7,488.28,0.125,8,34.8879,18.5565,39.8719,1.8801,2.1487
A002_Xc6b674_X23f2_spw0,7,488.28,0.125,9,34.8275,18.4033,39.8028,1.8925,2.1628
A002_Xc6b674_X23f2_spw0,7,488.28,0.25,0,29.8344,17.2314,39.7792,1.7314,2.3085
A002_Xc6b674_X23f2_spw0,7,488.28,0.25,1,29.7503,17.1405,39.6671,1.7357,2.3142
A002_Xc6b674_X23f2_spw0,7,488.28,0.25,2,29.8499,17.1874,39.7999,1.7367,2.3156
A002_Xc6b674_X23f2_spw0,7,488.28,0.25,3,29.881,17.2408,39.8413,1.7332,2.3109
A002_Xc6b674_X23f2_spw0,7,488.28,0.25,4,29.8207,17.2389,39.7609,1.7298,2.3065
A002_Xc6b674_X23f2_spw0,7,488.28,0.25,5,29.5647,16.916,39.4196,1.7477,2.3303
A002_Xc6b674_X23f2_spw0,7,488.28,0.25,6,29.8995,17.319,39.866,1.7264,2.3019
A002_Xc6b674_X23f2_spw0,7,488.28,0.25,7,29.8779,17.2863,39.8372,1.7284,2.3046
A002_Xc6b674_X23f2_spw0,7,488.28,0.25,8,29.8353,17.2598,39.7805,1.7286,2.3048
A002_Xc6b674_X23f2_spw0,7,488.28,0.25,9,29.9073,17.3467,39.8764,1.7241,2.2988
A002_Xc6b674_X23f2_spw0,7,488.28,0.375,0,24.8048,15.9658,39.6876,1.5536,2.4858
A002_Xc6b674_X23f2_spw0,7,488.28,0.375,1,24.8291,15.9128,39.7265,1.5603,2.4965
A002_Xc6b674_X23f2_spw0,7,488.28,0.375,2,24.8653,15.9595,39.7845,1.558,2.4928
A002_Xc6b674_X23f2_spw0,7,488.28,0.375,3,24.8061,15.8994,39.6898,1.5602,2.4963
A002_Xc6b674_X23f2_spw0,7,488.28,0.375,4,24.835,15.9863,39.736,1.5535,2.4856
A002_Xc6b674_X23f2_spw0,7,488.28,0.375,5,24.9005,16.0692,39.8408,1.5496,2.4793
A002_Xc6b674_X23f2_spw0,7,488.28,0.375,6,24.8304,15.9847,39.7287,1.5534,2.4854
A002_Xc6b674_X23f2_spw0,7,488.28,0.375,7,24.8892,16.0639,39.8227,1.5494,2.479
A002_Xc6b674_X23f2_spw0,7,488.28,0.375,8,24.8526,16.0173,39.7641,1.5516,2.4826
A002_Xc6b674_X23f2_spw0,7,488.28,0.375,9,24.8585,16.0318,39.7735,1.5506,2.4809
A002_Xc6b674_X23f2_spw0,7,488.28,0.5,0,19.8116,14.6914,39.6231,1.3485,2.697
A002_Xc6b674_X23f2_spw0,7,488.28,0.5,1,21.6752,16.1207,43.3504,1.3446,2.6891
A002_Xc6b674_X23f2_spw0,7,488.28,0.5,2,19.8416,14.7535,39.6832,1.3449,2.6897
A002_Xc6b674_X23f2_spw0,7,488.28,0.5,3,24.343,18.1401,48.686,1.3419,2.6839
A002_Xc6b674_X23f2_spw0,7,488.28,0.5,4,19.8059,14.6355,39.6118,1.3533,2.7066
A002_Xc6b674_X23f2_spw0,7,488.28,0.5,5,21.7977,16.0745,43.5954,1.356,2.7121
A002_Xc6b674_X23f2_spw0,7,488.28,0.5,6,28.6346,21.2515,57.2691,1.3474,2.6948
A002_Xc6b674_X23f2_spw0,7,488.28,0.5,7,19.7431,14.7243,39.4863,1.3408,2.6817
A002_Xc6b674_X23f2_spw0,7,488.28,0.5,8,19.8707,14.7619,39.7414,1.3461,2.6922
A002_Xc6b674_X23f2_spw0,7,488.28,0.5,9,19.8479,14.7496,39.6958,1.3457,2.6913
A002_Xc6a3db_X26cc_spw0,7,488.28,0.0,0,39.875,19.7167,39.875,2.0224,2.0224
A002_Xc6a3db_X26cc_spw0,7,488.28,0.0,1,39.9328,19.7567,39.9328,2.0212,2.0212
A002_Xc6a3db_X26cc_spw0,7,488.28,0.0,2,39.9113,19.7485,39.9113,2.021,2.021
A002_Xc6a3db_X26cc_spw0,7,488.28,0.0,3,39.9103,19.7871,39.9103,2.017,2.017
A002_Xc6a3db_X26cc_spw0,7,488.28,0.0,4,39.9287,19.7669,39.9287,2.02,2.02
A002_Xc6a3db_X26cc_spw0,7,488.28,0.0,5,39.9422,19.8143,39.9422,2.0158,2.0158
A002_Xc6a3db_X26cc_spw0,7,488.28,0.0,6,39.9352,19.8181,39.9352,2.0151,2.0151
A002_Xc6a3db_X26cc_spw0,7,488.28,0.0,7,39.919,19.7542,39.919,2.0208,2.0208
A002_Xc6a3db_X26cc_spw0,7,488.28,0.0,8,39.9394,19.7932,39.9394,2.0178,2.0178
A002_Xc6a3db_X26cc_spw0,7,488.28,0.0,9,39.8782,19.761,39.8782,2.018,2.018
A002_Xc6a3db_X26cc_spw0,7,488.28,0.125,0,34.8973,18.5499,39.8826,1.8813,2.15
A002_Xc6a3db_X26cc_spw0,7,488.28,0.125,1,34.9146,18.5753,39.9024,1.8796,2.1481
A002_Xc6a3db_X26cc_spw0,7,488.28,0.125,2,34.7542,18.3972,39.719,1.8891,2.159
A002_Xc6a3db_X26cc_spw0,7,488.28,0.125,3,34.9111,18.4761,39.8984,1.8895,2.1595
A002_Xc6a3db_X26cc_spw0,7,488.28,0.125,4,34.8259,18.4869,39.801,1.8838,2.1529
A002_Xc6a3db_X26cc_spw0,7,488.28,0.125,5,34.8915,18.5487,39.8761,1.8811,2.1498
A002_Xc6a3db_X26cc_spw0,7,488.28,0.125,6,34.9268,18.6119,39.9163,1.8766,2.1447
A002_Xc6a3db_X26cc_spw0,7,488.28,0.125,7,34.9347,18.5982,39.9254,1.8784,2.1467
A002_Xc6a3db_X26cc_spw0,7,488.28,0.125,8,34.767,18.3844,39.7337,1.8911,2.1613
A002_Xc6a3db_X26cc_spw0,7,488.28,0.125,9,34.8559,18.5009,39.8354,1.884,2.1532
A002_Xc6a3db_X26cc_spw0,7,488.28,0.25,0,29.8774,17.3218,39.8366,1.7249,2.2998
A002_Xc6a3db_X26cc_spw0,7,488.28,0.25,1,29.9231,17.3544,39.8974,1.7242,2.299
A002_Xc6a3db_X26cc_spw0,7,488.28,0.25,2,29.8836,17.2751,39.8448,1.7299,2.3065
A002_Xc6a3db_X26cc_spw0,7,488.28,0.25,3,29.7791,17.182,39.7054,1.7332,2.3109
A002_Xc6a3db_X26cc_spw0,7,488.28,0.25,4,29.8311,17.2282,39.7748,1.7315,2.3087
A002_Xc6a3db_X26cc_spw0,7,488.28,0.25,5,29.9037,17.2906,39.8716,1.7295,2.306
A002_Xc6a3db_X26cc_spw0,7,488.28,0.25,6,29.7878,17.1925,39.7171,1.7326,2.3101
A002_Xc6a3db_X26cc_spw0,7,488.28,0.25,7,29.8615,17.2763,39.8154,1.7285,2.3046
A002_Xc6a3db_X26cc_spw0,7,488.28,0.25,8,29.831,17.2218,39.7747,1.7322,2.3096
A002_Xc6a3db_X26cc_spw0,7,488.28,0.25,9,29.8009,17.1316,39.7345,1.7395,2.3194
A002_Xc6a3db_X26cc_spw0,7,488.28,0.375,0,24.7883,15.9492,39.6613,1.5542,2.4867
A002_Xc6a3db_X26cc_spw0,7,488.28,0.375,1,24.8019,15.9265,39.683,1.5573,2.4916
A002_Xc6a3db_X26cc_spw0,7,488.28,0.375,2,24.8374,16.2323,39.7399,1.5301,2.4482
A002_Xc6a3db_X26cc_spw0,7,488.28,0.375,3,24.7731,16.0573,39.6369,1.5428,2.4685
A002_Xc6a3db_X26cc_spw0,7,488.28,0.375,4,24.8779,16.0288,39.8047,1.5521,2.4833
A002_Xc6a3db_X26cc_spw0,7,488.28,0.375,5,24.8477,15.9996,39.7564,1.553,2.4848
A002_Xc6a3db_X26cc_spw0,7,488.28,0.375,6,24.7765,15.8947,39.6424,1.5588,2.4941
A002_Xc6a3db_X26cc_spw0,7,488.28,0.375,7,24.8175,15.9983,39.708,1.5513,2.482
A002_Xc6a3db_X26cc_spw0,7,488.28,0.375,8,24.838,16.0254,39.7409,1.5499,2.4799
A002_Xc6a3db_X26cc_spw0,7,488.28,0.375,9,24.8492,15.9718,39.7587,1.5558,2.4893
A002_Xc6a3db_X26cc_spw0,7,488.28,0.5,0,22.7317,16.7492,45.4634,1.3572,2.7144
A002_Xc6a3db_X26cc_spw0,7,488.28,0.5,1,26.4883,19.7191,52.9767,1.3433,2.6866
A002_Xc6a3db_X26cc_spw0,7,488.28,0.5,2,19.7819,14.6977,39.5637,1.3459,2.6918
A002_Xc6a3db_X26cc_spw0,7,488.28,0.5,3,19.7891,14.6719,39.5782,1.3488,2.6976
A002_Xc6a3db_X26cc_spw0,7,488.28,0.5,4,19.8759,14.7984,39.7517,1.3431,2.6862
A002_Xc6a3db_X26cc_spw0,7,488.28,0.5,5,19.7532,14.7237,39.5065,1.3416,2.6832
A002_Xc6a3db_X26cc_spw0,7,488.28,0.5,6,19.8643,14.8038,39.7286,1.3418,2.6837
A002_Xc6a3db_X26cc_spw0,7,488.28,0.5,7,19.8166,14.6894,39.6332,1.349,2.6981
A002_Xc6a3db_X26cc_spw0,7,488.28,0.5,8,20.1024,14.955,40.2047,1.3442,2.6884
A002_Xc6a3db_X26cc_spw0,7,488.28,0.5,9,19.6596,14.5064,39.3191,1.3552,2.7105
