rank,name,ra,dec,dist_pc,gmag,teff,is_mdwarf,is_sunlike,is_disk_host,is_exo_host,n_planets,min_planet_rade,pmra,pmdec,pm_total_masyr,pm_snr,alma_bands,alma_best_specres_Hz,alma_total_texp_h,alma_n_mous,alma_best_mous,alma_best_target,score_total,score_dist,score_bright,score_startype,score_disk,score_exo,score_pmq,score_dataq
1,tau Cet,26.009055057160104,-15.933680200693857,3.6521709611425766,3.3003997802734375,5310.0,False,True,True,True,3,1.18,-1721.7277944720731,854.9631570589582,1922.3185475320915,10034.263920479325,6,15625.0,21.820025000000005,3,uid://A001/X121/X3b9,tau_Ceti,0.9328044404571186,0.9028814197848472,0.9902476647248164,1.0,1.0,1.0,1.0,0.25830496098365413
2,AU Mic,311.2911826481039,-31.3425000799281,9.714095582245003,7.84343957901001,3540.0,True,False,True,True,4,1.02,281.31903452626165,-360.14771869635376,456.99756943442924,15204.897702181406,"3,6,9",976.5625,42.410289166666665,6,uid://A002/X609170/X174,AU_Mic,0.8942775748652881,0.8107975525379176,0.7313252177108053,1.0,1.0,1.0,1.0,0.5581157466566449
3,61 Vir,199.596298132351,-18.31592210064546,8.534415098502675,4.532528400421143,5577.0,False,True,True,True,3,2.11,-1070.2015735200084,-1063.8486605375717,1509.0080783389756,7916.850229647598,7,976.5625,16.691245,2,uid://A001/X1234/X334,HD_115617,0.8899787515522521,0.8229847535433472,0.9200246925524479,1.0,1.0,0.85,1.0,0.4716171246800587
4,GJ 581,229.85630133329227,-7.722707024157902,6.300471781360879,9.42178726196289,3305.2032470703125,True,False,True,True,3,1.38,-1221.2776289653712,-97.22923861858034,1225.1418578489706,30427.963466331934,6,31250.0,29.943196666666665,1,uid://A001/X1284/X1130,GJ_581,0.8787535623269623,0.8515517324933736,0.6413701078254139,1.0,1.0,1.0,1.0,0.18302063592817483
5,TRAPPIST-1,346.62652162764437,-5.043528319429532,12.46691341544997,15.622553825378418,2566.0,True,False,True,True,7,0.755,930.7875225817781,-479.0375409528857,1046.824903140975,10418.43347235958,"3,6,7",31250.0,107.45825166666667,8,uid://A001/X1288/X114e,TRAPPIST-1,0.8309131060147106,0.7873119407281024,0.28796848180208345,1.0,1.0,1.0,1.0,0.31845351232142716
6,GJ 849,332.4231515660494,-4.64083481515791,8.814865836983147,9.23719596862793,3348.3819580078125,True,False,True,True,2,13.8,1132.5832654528356,-22.15730652565566,1132.799982086988,23718.42750006433,6,31250.0,12.211261666666667,1,uid://A001/X133d/X36ae,GL_849,0.823049919088837,0.8199412495678461,0.6518905592159259,1.0,1.0,0.7,1.0,0.13756976593781067
7,HN Lib,218.56843175696892,-12.516923853592898,6.25302694251758,9.89498233795166,3173.5274658203125,True,False,True,True,1,2.2,-355.1381150377546,593.0401507540619,691.2450369868632,9907.15107960973,6,976.5625,10.117431666666667,1,uid://A001/X133d/X36a2,GL_555,0.8210368307414442,0.8522632526269023,0.6144011988090179,1.0,1.0,0.55,1.0,0.42835470144943116
8,LHS 1140,11.2486779084442,-15.274191339893132,14.963620881657688,12.653936386108398,3096.0,True,False,True,True,2,1.272,318.1520629418195,-596.6229051027706,676.1505942076847,9404.36787110888,6,31250.0,10.82073,1,uid://A001/X133d/X36ab,LHS_1140,0.8183361730128322,0.7701289815325918,0.4571595357387057,1.0,1.0,0.8999999999999999,1.0,0.1316304995836816
9,HD 45184,96.18199432228883,-28.780657042949517,21.892263773131692,6.221315860748291,5804.48876953125,False,True,True,True,2,2.91,-165.12174891818395,-121.85155201671665,205.21450410407738,8484.413841702046,6,31250.0,21.4912975,1,uid://A001/X3788/X917a,HD_45184,0.815970069383582,0.7343112115909498,0.8237752646174149,1.0,1.0,0.7,1.0,0.16598358889111048
10,HD 285968,70.73548173808452,18.953202926391814,9.485192669253934,9.004439353942871,3703.49,True,False,True,True,1,2.83,656.6469583029074,-1116.5935413672632,1295.3634101948173,48709.03423324665,6,976.5625,13.992680833333333,1,uid://A001/X133d/X36a8,GL_176,0.8151445157082767,0.8130421977283874,0.6651561071536113,1.0,1.0,0.55,1.0,0.44432491348798653
11,eps Eri,53.22829341517546,-9.458168216292322,3.219810408490127,3.465751886367798,5011.2117285156255,False,False,True,True,1,13.8,-974.758145249517,20.875840089774208,974.9816626120372,5379.500522908448,6,31250.0,5.657024166666667,2,uid://A001/X879/X29f,Epsilon_Eridani,0.8009759478863858,0.914741812142073,0.9808237164818847,0.7,1.0,0.55,1.0,0.1194206519115074
12,Proxima Cen,217.39232147200883,-62.67607511676666,1.3015802655852167,8.984748840332031,2864.6771240234375,True,False,False,True,2,0.692,-3781.741008265163,769.4650146478623,3859.2280915179717,54360.528235613885,6,31250.0,93.81497555555556,16,uid://A001/X133f/X7df,Proxima_Centauri,0.7686387906019543,1.0,0.666278332842345,1.0,0.0,0.8999999999999999,1.0,0.34021914635439426
13,AB Pic,94.8039208,-58.0541184,50.092396765969575,8.838294982910156,5285.0,False,True,True,True,1,12.3,14.314244600828026,45.23366121465081,47.444511857264786,2138.2665014902877,6,31250.0,0.86016,3,uid://A001/X2fe/X7f8,AB_pic,0.7501024741182406,0.6563959136637867,0.6746252091230367,1.0,1.0,0.55,1.0,0.06442358213601813
14,HR 1010 (Gaia DR3 4722135642226902656),49.56622620807744,-62.5034842270098,12.03939579583873,5.07960844039917,5765.099609375,False,True,True,False,0,nan,1331.0270879085913,647.7253950157487,1480.263927850278,14378.088985200218,"6,7",1128.90625,22.147631666666665,2,uid://A001/X1273/Xa0a,HR_1010,0.7497346791359952,0.7905965302640068,0.8888448418491749,1.0,1.0,0.0,1.0,0.47342471743751224
15,GL 3379 (Gaia DR3 3316364602541746048),90.01597644159976,2.7063740799024933,5.207968173719361,9.901327133178711,3138.287109375,True,False,True,False,0,nan,309.14624371351175,-40.36843064589449,311.7707654591533,7943.569748342419,6,976.5625,9.923537777777778,1,uid://A001/X133d/X36a5,GL_3379,0.7436179552723339,0.8694774717455994,0.6140395885263064,1.0,1.0,0.0,1.0,0.42741509792046406
16,HD 207129 (Gaia DR3 6564091190988411520),327.0667117287086,-47.30492965427047,15.558956955870052,5.419392108917236,5815.8623046875,False,True,True,False,0,nan,165.06854306177507,-295.552731253777,338.52480095275797,6275.87512848628,6,976.5625,7.374207222222222,2,uid://A001/X2d6/X15f,HD_207129,0.7384686994758093,0.766456522117845,0.8694794779506323,1.0,1.0,0.0,1.0,0.43167590090785124
17,kap CrB,237.80799964337655,35.65583336071889,29.99107142886642,4.511343002319336,4803.478515625,False,False,True,True,1,13.3,-8.66850860804631,-348.3495377967055,348.45737691239384,2925.8152840747116,6,31250.0,9.870348333333334,1,uid://A001/X1465/Xcc1,HD_142091,0.7323855493301834,0.7046820543348993,0.9212321165153661,0.7,1.0,0.55,1.0,0.1271544275635382
18,CI Tau,68.4667685,22.8416192,159.15788539659545,12.181538581848145,3807.0,True,False,True,True,1,13.0,8.941561034352315,-17.079105781210348,19.27815779624237,618.9880373804579,"3,6,7",141.11328125,10.221091666666666,5,uid://A001/X133d/X330e,CI_Tau,0.7274968912549467,0.5475783272607455,0.48408300567553675,1.0,1.0,0.55,1.0,0.6463018501833843
19,HR 8799,346.87016480276117,21.134030591019936,40.879812534893674,5.910740852355957,7235.4960546875,False,False,True,True,4,13.0,108.28364808923558,-50.04016524335864,119.2869086744059,1600.1770972520396,"6,7",976.5625,98.86911500000001,4,uid://A001/X62/X1b,HR 8799,0.7261703055078347,0.675526351004542,0.8414759330501906,0.3,1.0,1.0,1.0,0.5872961380290584
20,HD 38858 (Gaia DR3 3023711269067191296),87.1458581131804,-4.095664047742017,15.210375829466273,5.805881023406982,5647.2470703125,False,True,True,False,0,nan,61.42699725421628,-229.29120099564255,237.3767698105559,6138.0885707805055,6,31250.0,7.357063888888889,2,uid://A001/X1234/X330,HD_38858,0.7219003653431714,0.7685893966244584,0.8474522318958423,1.0,1.0,0.0,1.0,0.13156646332498917
21,HD 107146 (Gaia DR3 3946438125929224320),184.77628126563016,16.547634275964707,27.46966568803521,6.903610706329346,5714.91796875,False,True,True,False,0,nan,-174.68330451425365,-149.0213066316967,229.61186098770602,8042.252264723187,"6,7",976.5625,20.048735555555556,6,uid://A001/X74/Xfc,HD 107146,0.7183463805435568,0.7129483598889316,0.7848890873376069,1.0,1.0,0.0,1.0,0.5194592768623336
22,PDS 70,212.0421402,-41.3980405,112.72771840148732,11.60600757598877,4109.0,False,False,True,True,2,21.96960217,-29.696861895575413,-24.041350916734665,38.20850900449346,1293.370537902531,"1,3,4,5,6,7,8,9",61.03515625,98.11300277777777,33,uid://A001/X147/Xc0,pds70,0.716408893245615,0.580045990073251,0.5168843684130999,0.7,1.0,0.7,1.0,0.9141331876465925
23,HD53143 (Gaia DR3 5479222240596469632),104.99706286126714,-61.33500424765096,18.340130468614888,6.616180896759033,5300.3193359375,False,True,True,False,0,nan,-161.87264540008795,264.83561051555023,310.3879087947319,13696.791401174389,6,31250.0,20.379273333333334,2,uid://A001/X2d1f/X9fe,HD53143,0.7145064016285316,0.7509762611566051,0.8012706364623611,1.0,1.0,0.0,1.0,0.18172919270627663
24,2MASS J12073346-3932539,181.8890906,-39.5484399,64.49052592428154,17.388071060180664,2825.0,True,False,True,True,1,15.69257298,-64.04036680666574,-23.678390773963514,68.27763008758298,606.6490722607978,7,976.5625,4.1328,1,uid://A001/X122/X291,2M1207,0.7103728211033171,0.6326138969468773,0.18734597728263436,1.0,1.0,0.55,1.0,0.3870810858198098
25,HD202628 (Gaia DR3 6577318075351824512),319.61510203083486,-43.334555635071645,23.794008118530165,6.59805965423584,5688.802734375,False,True,True,False,0,nan,241.97817465600454,21.4254775956858,242.92486101684833,9778.555447069471,6,31250.0,35.755005555555556,3,uid://A001/X133d/Xb95,HD202628,0.7093593188112329,0.7264700866436714,0.8023034243455631,1.0,1.0,0.0,1.0,0.22375900767150259
26,HIP10679 (Gaia DR3 107774198474602368),34.353505939597916,28.741464648683994,39.63436208736827,7.622567176818848,5725.0888671875,False,True,True,False,0,nan,85.87906275155008,-71.14201493603882,111.51860700459025,3338.157903687315,6,30.517578125,0.2856,1,uid://A001/X13b/X1b8,HIP10679,0.7085803599259523,0.678438742027004,0.7439134461628436,1.0,1.0,0.0,1.0,0.6131478540313333
27,lp 876-10 (Gaia DR3 6623351805412369024),342.0203381724408,-24.369627417603155,7.676325777322197,11.129232406616211,3000,True,False,True,False,0,nan,331.60870305798755,-183.8049429101332,379.1419114025748,8451.12204577784,7,31250.0,3.3726472222222226,1,uid://A001/X1273/X391,lp_876-10,0.7082196172219067,0.8329593809587492,0.5440573184638113,1.0,1.0,0.0,1.0,0.07852142175801537
28,LkCa 15,69.8241791,22.3508662,157.6691736115195,11.591104507446289,4194.0,False,False,True,True,2,99.0,10.572733170826698,-17.52742564222232,20.469326719389958,545.0454633896646,"3,6,7,9",30.517578125,49.24871944444444,22,uid://A001/X15a1/X1a4d,LkCa15,0.707315674678887,0.5484629385744155,0.5177337422125787,0.7,1.0,0.7,1.0,0.9200683777060898
29,NAME AT Mic AB (Gaia DR3 6792436799475128960),310.464334034236,-32.437036784381455,9.921411824522,9.575837135314941,3000,True,False,True,False,0,nan,246.92898678851384,-417.19484095650307,484.79424484736194,5308.530308998213,7,31250.0,0.4872,1,uid://A001/X1289/X3c3,NAME_AT_Mic_AB,0.7069483191852701,0.8088097727454651,0.6325903101706357,1.0,1.0,0.0,1.0,0.02092712689134019
30,GJ14 (Gaia DR3 383426372059603712),4.279896289658576,40.94866840359883,14.687600745180884,8.371855735778809,3875.679931640625,True,False,True,False,0,nan,567.191978775712,83.45352189239841,573.2985532022147,24453.340810588033,6,31250.0,3.115223888888889,1,uid://A001/X1289/X480,GJ14,0.705449426287877,0.7718815365205252,0.7012090817283808,1.0,1.0,0.0,1.0,0.07528114317762545
31,HIP 36948 (Gaia DR3 5592237639209047424),113.94747066258135,-32.203571103935936,36.4505894175606,8.016805648803711,5366.42529296875,False,True,True,False,0,nan,-55.049850187522495,74.31883665511522,92.48662328919987,4006.766325006846,"10,6,7,8",488.28125,10.078150555555554,6,uid://A002/X5ce05d/X148,HIP_36948,0.7052998610925,0.6863211315212427,0.7214445279064433,1.0,1.0,0.0,1.0,0.5451813769096564
32,HD 48370 (Gaia DR3 3105749748629384576),100.7543305015117,-2.8890154549152767,35.95188010838147,7.746348857879639,5539.2275390625,False,True,True,False,0,nan,14.310372872125994,-71.13678685898252,72.56189920584761,2298.223505183708,"6,8",564.453125,4.777700555555556,2,uid://A001/X14c3/X10ed,HD_48370,0.7029365755563579,0.6876178983620749,0.7368587301190439,1.0,1.0,0.0,1.0,0.45930666071661996
33,HD 69830,124.60104883936589,-12.63656179358332,12.56923231677139,5.755219459533691,5373.0654296875,False,True,False,True,3,3.17,278.7903645043099,-987.8286619313131,1026.4158673137583,19320.308104439173,6,31250.0,2.6541438888888886,1,uid://A001/X1284/X436,HD_69830,0.7019434784820907,0.7865425414970226,0.8503395973314868,1.0,0.0,0.85,1.0,0.06893512599670337
34,HIP 490 (Gaia DR3 4995853014646189696),1.4695196103890231,-41.753408063428445,38.82980105117917,7.3955559730529785,5861.58935546875,False,True,True,False,0,nan,97.86264909476063,-76.50209606515111,124.21621790332316,4472.614639332838,6,488.28125,1.2432,1,uid://A002/X5ce05d/X144,HIP_490,0.6999397401297343,0.6803692153458066,0.7568515446569404,1.0,1.0,0.0,1.0,0.4028764212059641
35,TW Hya (Gaia DR3 5401795662560500352),165.46590290601438,-34.704793228437424,60.13633674177346,10.450886726379395,3848.279296875,True,False,True,False,0,nan,-68.30937498866098,-13.900123966262845,69.70928315238206,3670.8790066185275,"10,3,4,6,7,8,9",30.517578125,83.7650858333333,53,uid://A002/X327408/X34f,TW Hya,0.6993718956459399,0.6391940101578081,0.582718420111467,1.0,1.0,0.0,1.0,0.9868370117490162
36,HD 31392 (Gaia DR3 4824866896260056448),73.51821774797449,-35.40381777054113,25.760172526564894,7.401483058929443,5250.1005859375,False,True,True,False,0,nan,125.13111743965055,157.46916518127705,201.13262921411814,8342.404269173725,6,31250.0,14.79133611111111,1,uid://A001/X3788/X917d,HD_31392,0.6987051529613109,0.7189965095702444,0.7565137409733311,1.0,1.0,0.0,1.0,0.14709651985808653
37,bet Pic,86.82123452009108,-51.066136257823345,19.6345266018065,3.8232421875,7988.366611328125,False,False,True,True,3,12.5,5.160196860824648,84.0405295978282,84.198801931654,352.79191136752286,"3,6,7,8",488.28125,35.25462666666667,9,uid://A002/X5a9a13/X58d,beta_pictoris,0.6981484003827124,0.744556741139186,0.960449194652103,0.1,1.0,0.85,1.0,0.6247291715149237
38,PZ Tel,283.2745858784294,-50.18090714864019,47.254203202671164,8.101659774780273,5191.6640625,False,False,True,True,1,11.9,16.27249644593238,-85.51860959774078,87.05301102267332,3091.549147567558,6,31250.0,0.7056,2,uid://A001/X2fe/X7fe,PZ_tel,0.6950616451485522,0.6618863297481565,0.716608418404784,0.7,1.0,0.55,1.0,0.04669808767253483
39,ROXs 12,246.6167993,-25.446695,137.60547909624063,13.274388313293457,3850.0,True,False,True,True,1,12.2,-6.857771604937977,-24.814834603497918,25.745000442502448,1092.4979828461626,7,31250.0,0.4032,1,uid://A001/X888/X162,ROXs12AB,0.6939533793803851,0.5612748936505552,0.4217979852442568,1.0,1.0,0.55,1.0,0.017822255215856352
40,ROXs 42 B,247.8125493,-24.545577,145.01819360593709,13.0914306640625,3433.0,True,False,True,True,1,12.5,-5.731782479942773,-23.366381798649606,24.059117372789103,461.07552652683216,7,31250.0,0.5208,1,uid://A001/X888/X166,ROXs42AB,0.6937293460327453,0.5563360044030514,0.43222533000403296,1.0,1.0,0.55,1.0,0.02212023422852929
41,TYC9340-437-1 (Gaia DR3 6382640367603744128),340.70523481724115,-71.70612167520389,36.722200774181445,9.821706771850586,3800,True,False,True,False,0,nan,94.85392450898829,-52.38401799984418,108.35752090448013,6316.147622360003,"6,7",976.5625,11.373540555555556,3,uid://A001/X2d20/X2e27,TYC9340-437-1,0.6908253277121569,0.6856223181014776,0.6185774089506291,1.0,1.0,0.0,1.0,0.46561782773301413
42,WISPIT 2,290.8209991,-7.6820823,134.43340779386676,11.186381340026855,4530.0,False,False,True,True,2,17.93436912,6.308287919288951,-27.137878118539337,27.861423604140242,923.5189863061065,7,976.5625,7.952816111111111,3,uid://A001/X3835/X213,TYC_5709-354-1,0.6905379207219348,0.5634701870340197,0.5408002169770403,0.7,1.0,0.7,1.0,0.4483368582804955
43,HD 38397 (Gaia DR3 4808165830030420352),85.89935122854597,-39.92347075126364,53.594289710157966,7.998819351196289,5904.68994140625,False,True,True,False,0,nan,25.44281260902748,14.18342554391468,29.129131013778274,1054.7882203038462,6,244.140625,0.6636,1,uid://A001/X1262/X12c,HD_38397,0.6896031749314605,0.6500351975563521,0.7224696248449582,1.0,1.0,0.0,1.0,0.44691306360118016
44,HD98800 (Gaia DR3 3534414590303807232),170.52158954257303,-24.77776667866303,42.101485864791904,9.026257514953613,3800,True,False,True,False,0,nan,-87.01574254332151,-6.38386286177111,87.24960260885727,175.44697478245607,"1,3,6",1128.90625,9.407853888888889,7,uid://A001/X3922/X59c,HD98800,0.68582748938562,0.6727545172454903,0.6639126199977606,1.0,1.0,0.0,0.8768204064284619,0.4753770378154736
45,HD 10647,25.62339159017506,-53.74129984828599,17.348792545179204,5.383109092712402,6114.824462890625,False,False,True,True,1,13.8,166.04054972266235,-105.4958102197813,196.72018230504978,3036.9300143711885,"6,7",976.5625,35.21111166666667,6,uid://A001/X2d20/X2e63,HD10647,0.6839384317397124,0.7562069747929128,0.8715473637180907,0.3,1.0,0.55,1.0,0.5484320586005864
46,HD377 (Gaia DR3 2745647973856851712),2.1076643394278456,6.616794493147512,38.40447080082988,7.450479984283447,5758.37158203125,False,True,True,False,0,nan,87.52487887794223,-1.8270634766019807,87.54394658424985,2236.146408033894,6,31250.0,3.724808888888889,1,uid://A001/X3788/X916a,HD377,0.683926818853977,0.6814059832364674,0.753721248639817,1.0,1.0,0.0,1.0,0.08265798038110092
47,GQ Lup,237.3003643,-35.6515055,152.6343347259478,11.24299430847168,4360.0,False,False,True,True,1,33.6,-14.133345789587562,-23.328559068820223,27.275870864841085,660.6480219065365,"6,7",30.517578125,25.14853,8,uid://A001/X37fb/X25b,GQ_Lup,0.6838368757063007,0.5515178452037443,0.5375736618571538,0.7,1.0,0.55,1.0,0.8424831191892395
48,CD-57 1054 (Gaia DR3 4764027962957023104),75.19666437541598,-57.25674085176277,26.873154628817716,9.377309799194336,3800,True,False,True,False,0,nan,35.38835067056905,74.11315957504551,82.1285321029137,4029.765920606591,7,31250.0,1.140468888888889,1,uid://A001/X1289/X3d9,CD-57_1054,0.680913634814884,0.7150149516912951,0.6439050214531157,1.0,1.0,0.0,1.0,0.04037294324367531
49,V star WW PsA (Gaia DR3 6603693881832177792),341.24246814684966,-33.251032101917744,20.86731108424069,10.744967460632324,3000,True,False,True,False,0,nan,179.9451085900137,-123.18825355296836,218.07243732049733,6383.70514780137,7,31250.0,0.4872,1,uid://A001/X1289/X3d6,V_star_WW_PsA,0.6792895546676972,0.7388247232764609,0.5659578134019195,1.0,1.0,0.0,1.0,0.02092712689134019
50,GJ 674,262.1701639221161,-46.89910489864381,4.550867586127579,8.336430549621582,3437.487548828125,True,False,False,True,1,3.33,572.5684618204186,-880.5826187621278,1050.3620289868475,27890.171813847846,6,31250.0,39.39082555555556,1,uid://A001/X2d1f/X317,GJ_674,0.6773372211683748,0.882173047910275,0.703228077002934,1.0,0.0,0.55,1.0,0.19724998189997675
51,LP 476-207 (Gaia DR3 3291643148740384128),75.49514106880602,9.98252583775703,23.787535885512828,10.568317413330078,3263.599853515625,True,False,True,False,0,nan,31.659601361197897,-121.56604123955785,125.62098845737461,3239.920333987532,7,31250.0,0.5712,1,uid://A001/X1289/X3e8,LP_476-207,0.6767443430494338,0.7264956946960488,0.5760256676446577,1.0,1.0,0.0,1.0,0.023861357523065244
52,HD 206893,326.3417007918157,-12.783352283336647,40.770506704514624,6.585951805114746,6474.10693359375,False,False,True,True,2,14.01122587,94.11170797027064,-0.4633855782241898,94.1128487682506,2150.64997234103,"6,7",1128.90625,52.74852083333334,4,uid://A001/X12cc/X48,HD_206893,0.6751159521018847,0.6757783777510085,0.8029934896017341,0.3,1.0,0.7,1.0,0.5416617963281736
53,LP 353-51 (Gaia DR3 101612981989146752),35.861502297689235,22.73471064102162,27.099096809465742,10.429566383361816,3800,True,False,True,False,0,nan,98.67335793040262,-112.5796152979364,149.70170789237076,5207.025841006287,7,31250.0,0.8399994444444444,1,uid://A001/X1289/X3e5,LP_353-51,0.6742761613281052,0.7142268354983334,0.5839335350190724,1.0,1.0,0.0,1.0,0.03229514353395779
54,AS 209 (Gaia DR3 4326521359869384576),252.31373075466536,-14.369172734963868,121.24546972038834,10.984992980957031,5520.6240234375,False,True,True,False,0,nan,-7.365806177796715,-23.658012344899355,24.778148614460253,610.9686221751211,"1,10,3,6,7,8",30.517578125,47.16979611111111,33,uid://A001/X3621/X2b68,AS_209,0.6739646526179258,0.5731893434881556,0.5522779871574812,1.0,1.0,0.0,1.0,0.9356010171146179
55,HD 202917 (Gaia DR3 6463782435948431616),320.2083890093772,-53.0346347389645,46.7086865453029,8.492326736450195,5553.34619140625,False,True,True,False,0,nan,31.42732327368997,-95.58701420119107,100.6208424336018,4804.592948421442,6,31250.0,1.4112,1,uid://A001/X1262/X148,HD_202917,0.6706647663357765,0.6629793229578691,0.694343052006005,1.0,1.0,0.0,1.0,0.046733284956306693
56,HD 23484 (Gaia DR3 4856592239127350400),56.0394043824196,-38.280484230845914,16.169613332824454,6.751104354858398,5048.0380859375,False,False,True,False,0,nan,209.05794687020227,289.31584899741154,356.94381298837123,14131.478595237728,6,1128.90625,7.643466111111111,1,uid://A001/X2d1f/X9fa,HD_23484,0.6683261152857051,0.7628327493357407,0.7935809147169351,0.7,1.0,0.0,1.0,0.40236398026578424
57,V830 Tau,68.2918259,24.5619241,130.24136224563858,11.667230606079102,4250.0,False,False,True,True,1,14.0,7.170984263052814,-21.19718215540367,22.377299806507374,809.3828227300316,"3,6",1128.90625,9.6264,6,uid://A001/X129e/X73,V830_tau,0.667295645958062,0.5664522080537184,0.5133950710556324,0.7,1.0,0.55,1.0,0.4704095287276653
58,TYC 2211-1309-1 (Gaia DR3 1892968735059453440),330.1736510918951,27.253691211852217,35.42393596572567,10.651689529418945,3800,True,False,True,False,0,nan,75.83796382417367,-17.7688232256748,77.89177001340998,3861.654492255546,7,31250.0,0.7727999999999999,1,uid://A001/X12d0/X1df,TYC_2211-1309-1,0.6653459450211493,0.6890104321523725,0.5712740226521421,1.0,1.0,0.0,1.0,0.03030826220446597
59,IM Lup (Gaia DR3 6010135758090335232),239.0382931512756,-37.935140484898625,155.82407138297833,11.186080932617188,5503.8564453125,False,True,True,False,0,nan,-12.058649500935408,-23.72668048471342,26.615153477109434,817.7253434378778,"3,6,7,8",30.517578125,35.105650555555556,33,uid://A001/X3621/X2b5c,IM_Lup,0.6649633142865871,0.549570985603554,0.5408173381613262,1.0,1.0,0.0,1.0,0.9202056957877626
60,HD 155555C (Gaia DR3 5811866358170877184),259.38019925411857,-66.95216506015974,30.41163075343437,11.467639923095703,3000,True,False,True,False,0,nan,-14.85124078605511,-145.2044300598275,145.96193292048693,3874.96568780155,7,31250.0,0.7056,1,uid://A001/X1289/X3dc,HD_155555C,0.6649006414691437,0.7033712470402315,0.524770385895188,1.0,1.0,0.0,1.0,0.02824457535110771
61,HD 143006 (Gaia DR3 6237190612936085120),239.65375070431475,-22.954321382270372,167.33801726943403,9.889211654663086,5554.33740234375,False,True,True,False,0,nan,-10.75539036280069,-21.02606574626497,23.617236557702576,1008.3135410323302,"3,6,7,9",30.517578125,11.011845555555556,7,uid://A001/X15a1/X1a65,HD_143006,0.6641101831868436,0.5428605829604121,0.6147300886062051,1.0,1.0,0.0,1.0,0.7955799887619865
62,TWA 3A (Gaia DR3 5396978667759696000),167.6156531439757,-37.53105714841606,37.05470485656213,11.222070693969727,3246.693115234375,True,False,True,False,0,nan,-115.52364841987226,-16.88624931365088,116.75126877306742,2245.6095429642237,6,31250.0,3.1914949999999997,1,uid://A001/X133d/X328b,TWA_3A,0.6631218616251118,0.684773840427775,0.5387661659309086,1.0,1.0,0.0,1.0,0.07626185807376797
63,2MASS J20333759-2556521 (Gaia DR3 6800238044930953600),308.40691571574945,-25.94813996441554,43.66225083224844,13.084309577941895,3000,True,False,True,False,0,nan,53.82927596218357,-74.28932213083957,91.74145373424471,1822.5788547434188,7,976.5625,0.9402033333333333,1,uid://A001/X12d0/X1eb,2MASS_J20333759-2556521,0.6608178925621092,0.6693280806735409,0.4326311836010579,1.0,1.0,0.0,1.0,0.3351269999988236
64,HT Lup (Gaia DR3 6014696841553696768),236.30353922579687,-34.29194246872821,153.47456564071274,9.766765594482422,5254.244140625,False,True,True,False,0,nan,-14.243487243062052,-21.780268923859435,26.024162680841595,342.8664289830429,"3,6,7",122.0703125,5.593953888888889,9,uid://A001/X1465/X16fa,HT_Lup,0.6601565676512853,0.5510010901617053,0.6217086833211402,1.0,1.0,0.0,1.0,0.6537074454131928
65,HIP 72070 (Gaia DR3 6102199477284607872),221.1288830739275,-39.98916994491005,136.3223685528495,9.1722993850708,5920.05859375,False,True,True,False,0,nan,-22.016638078127876,-23.972184613781305,32.54839454443926,944.3953239031878,6,122.0703125,0.4116,2,uid://A002/X5ce05d/X191,HIP_72070,0.6600356691044654,0.5621567381241148,0.6555892241983753,1.0,1.0,0.0,1.0,0.5165945049478674
66,L 836-122 (Gaia DR3 6298167942962279680),213.5703012153189,-15.354424665434726,28.69665872849319,12.639531135559082,3005.864501953125,True,False,True,False,0,nan,-120.12639591574222,-197.31305204030417,231.00387767560403,4553.54617248965,7,31250.0,0.4872,1,uid://A001/X1289/X3d0,L_836-122,0.6594949117204767,0.7088350054897192,0.45798053728993937,1.0,1.0,0.0,1.0,0.02092712689134019
67,HD 240779 (Gaia DR3 3291818722708659200),76.73126358255536,10.997795419311293,94.41818517849778,9.67918586730957,5713.9482421875,False,True,True,False,0,nan,12.479778265989559,-62.326860330293464,63.564002267007815,2811.686588807801,7,1128.90625,1.23471,2,uid://A001/X3788/Xc4f3,HD_240779,0.6591179176725763,0.596729856707679,0.6267001335995903,1.0,1.0,0.0,1.0,0.34857894600627154
68,CHXR 73,166.6193985,-77.6258725,190.86988415459888,17.267065048217773,3099.0,True,False,True,True,1,12.3,-22.501828240754598,-0.0448815879939778,22.50187300056069,178.85330530204124,6,31250.0,2.1504,1,uid://A001/X1284/X11b8,CHXR_73B,0.6588129821109046,0.5304752389259675,0.19424249901892898,1.0,1.0,0.55,0.893909559608373,0.06101365101605452
69,hd92945 (Gaia DR3 5455707157211784832),160.86670251334388,-29.064508603284192,21.50854666682674,7.485660552978516,5123.2001953125,False,False,True,False,0,nan,-215.48354092175197,-49.892190985041225,221.18405713220875,8369.268477419304,7,1128.90625,12.78021611111111,2,uid://A001/X879/X1ba,hd92945,0.6582506609274779,0.7359757183782836,0.7517161949010396,0.7,1.0,0.0,1.0,0.4457265184777756
70,GJ 2006B (Gaia DR3 2315841869173294208),6.960399431589031,-32.55690077270133,34.97642342929373,11.91622257232666,3000,True,False,True,False,0,nan,112.46220003211967,-44.50097972386254,120.9466148035906,2106.207197972062,7,31250.0,0.4872,1,uid://A001/X1289/X3d3,GJ_2006B,0.6580289275848593,0.6902071647259798,0.4992042182249843,1.0,1.0,0.0,1.0,0.02092712689134019
71,RU Lup (Gaia DR3 6010114558131195392),239.17623082932204,-37.821068145801874,157.5084469451346,10.710247039794922,5896.89892578125,False,True,True,False,0,nan,-11.45659285574462,-23.211120790083065,25.884544581547594,480.5291369332958,"6,7",70.556640625,7.937406944444445,13,uid://A001/X133d/X13de,RU_Lup,0.6579969512017946,0.5485589435043627,0.5679366418346083,1.0,1.0,0.0,1.0,0.7327120793404982
72,GM Aur (Gaia DR3 156907907082740480),73.79577579504748,30.36638472212248,158.10771732821908,11.727107048034668,5699.07080078125,False,True,True,False,0,nan,3.7476542353904416,-24.298265830169495,24.585577776851665,357.0332774150409,"3,4,6,7,9",61.03515625,22.89493361111111,38,uid://A001/X14c2/X44,GM_Aur,0.6576789936709648,0.5482014854955366,0.5099825200861385,1.0,1.0,0.0,1.0,0.8444059202737985
73,CT Cha,166.0375038,-76.4553693,190.33610476723234,11.800626754760742,4403.0,False,False,True,True,1,24.66,-22.223360798921444,0.01949340698729092,22.22336934832237,1192.3735973226978,"4,6,7",976.5625,15.09984,4,uid://A001/X12a3/X767,CTChaA,0.6567924921971221,0.5307388497875027,0.5057923955852347,0.7,1.0,0.55,1.0,0.48983195404695484
74,Barta 161 12 (Gaia DR3 2477870708709917568),23.808452780623654,-7.214511232156196,37.281201883172756,11.972220420837402,3000,True,False,True,False,0,nan,96.7631066458467,-48.94475939419378,108.43748558460318,2058.991933053771,7,31250.0,0.4872,1,uid://A001/X1289/X3df,Barta_161_12,0.6559076938153201,0.6842002179797904,0.4960127207681596,1.0,1.0,0.0,1.0,0.02092712689134019
75,DM Tau (Gaia DR3 3314282402395528192),68.45311167304646,18.169355775561378,144.04794573563535,13.095754623413086,3579.634765625,True,False,True,False,0,nan,11.691297726849687,-18.291766867430752,21.708873247367723,790.8433678222283,"3,4,6,7,8,9",30.517578125,28.30748583333333,24,uid://A002/X5d7935/X10b,DM_Tau,0.6550418177682965,0.5569679039436096,0.431978893656248,1.0,1.0,0.0,1.0,0.8950711443917754
76,TYC7443-1102-1 (Gaia DR3 6747467224874108288),299.018392249617,-32.12743587706717,51.31468065896618,10.831621170043945,3800,True,False,True,False,0,nan,33.5971606205303,-68.52971009864274,76.32227963030014,3739.8530383713105,"6,7",31250.0,0.8652000000000001,2,uid://A001/X1289/X484,TYC7443-1102-1,0.6549136629371632,0.6541266456693582,0.5610191398534426,1.0,1.0,0.0,1.0,0.05147510502022806
77,Gaia DR3 3532218595001808768,167.86706234790333,-26.91753281653225,49.34311665789015,14.02758502960205,3000,True,False,True,False,0,nan,-83.81675506591493,-20.974909899837193,86.40136153490792,808.04136622518,6,488.28125,0.3528,1,uid://A001/X12b/X1cb,J11112820-2655027,0.6540248948103909,0.6578145524695403,0.3788708823551793,1.0,1.0,0.0,1.0,0.3758688166802189
78,T Cha (Gaia DR3 5199981334076455680),179.30535121089486,-79.35879694282737,102.7157458146556,11.870271682739258,3400,True,False,True,False,0,nan,-41.58579500763978,-8.654938591598386,42.4768914639687,854.7483782575027,"3,7",244.140625,4.0986352777777775,3,uid://A002/X327408/X1ff,T Cha,0.6537361783008775,0.5888010714574745,0.501823107185136,1.0,1.0,0.0,1.0,0.5382709229024313
79,Gaia DR3 5997490206145065088 (TYC_7851-810-1),242.1278580443257,-38.474236347914385,153.42193832737752,10.679560661315918,5369.87890625,False,True,True,False,0,nan,-9.890656676224165,-25.283028577482902,27.148786778358158,576.581773779333,"3,6",70.556640625,1.4010769444444446,5,uid://A001/X133d/X3def,J16083070-3828268,0.6534765739370205,0.551033373630702,0.569685557221172,1.0,1.0,0.0,1.0,0.6239601225138531
80,GSC 06214-00210,245.4776921,-20.7193398,108.6432299278753,11.855234146118164,4200.0,False,False,True,True,1,20.1762,-19.541766057083656,-31.14380890167027,36.76707023320655,1019.9484153261477,7,31250.0,4.905562777777777,2,uid://A001/X122/X151,GSC_6214-210,0.6534752100588423,0.5835199697409486,0.5026801447528191,0.7,1.0,0.55,1.0,0.11302409322551618
81,2MASS J15460752-6258042 (Gaia DR3 5826466047245658240),236.53093006858356,-62.96811621951339,58.77945270708514,14.671394348144531,3000,True,False,True,False,0,nan,-42.77612035477565,-61.790594491922946,75.15233888756563,1583.2566510386907,6,70.556640625,0.14112,1,uid://A001/X3788/X9849,2MASS_J15460752-6258042,0.6533321298181388,0.6413422511090052,0.3421781190177767,1.0,1.0,0.0,1.0,0.5342328516731918
82,AS 205A (Gaia DR3 6245891976154382720),242.88063601034625,-18.640612863662128,132.0596178634544,12.0455322265625,3400,True,False,True,False,0,nan,-6.389701851328052,-26.766333906077246,27.518446913306818,252.68060747262203,"3,6,7,8",141.11328125,9.728122499999998,8,uid://A001/X12c4/X21f,AS_205A,0.6518454018454491,0.565147170786326,0.4918344452138409,1.0,1.0,0.0,1.0,0.6623561217633438
83,Smethells 20 (Gaia DR3 6631685008336771072),281.7190935769764,-62.17719358052025,50.69965167319305,11.1253662109375,3634.0205078125,True,False,True,False,0,nan,13.238868378430949,-80.28164190043566,81.36589987317295,3436.682049646146,7,31250.0,0.3108,1,uid://A001/X12d0/X1e8,Smethells_20,0.6517154903914901,0.6552616580197927,0.5442776653879225,1.0,1.0,0.0,1.0,0.014184528935200466
84,BP Tau (Gaia DR3 164832740220756608),64.81602014751422,29.107364105722596,127.3982465598634,11.459502220153809,5740.462890625,False,True,True,False,0,nan,8.88941871400974,-26.011183057467367,27.488241288268405,550.2177857391914,"6,7",122.0703125,1.687513888888889,3,uid://A002/X391d0b/X151,BP Tau,0.6512860397615955,0.5685298010040758,0.525234179753955,1.0,1.0,0.0,1.0,0.5640736296995446
85,MYLup (Gaia DR3 5995177933191206016),240.18543134435814,-41.92536273096291,157.1573831483208,11.112858772277832,5472.921875,False,True,True,False,0,nan,-11.651359088125787,-23.169046713425914,25.933740459281292,559.7530266138901,"6,7",60.577392578125,1.825893611111111,4,uid://A001/X122/X355,MYLup,0.6510078587963437,0.5487689813588976,0.5449905045368421,1.0,1.0,0.0,1.0,0.6375622786998034
86,Sz65 (Gaia DR3 6013399894569703040),234.8656437558437,-34.77154583887332,153.4700863707328,11.745391845703125,5455.22998046875,False,True,True,False,0,nan,-13.218295411642119,-22.120754061912457,25.769188847479377,750.2283205811623,"3,6",70.556640625,4.904643888888888,9,uid://A001/X133d/X3ddd,Sz65,0.6509583154584537,0.5510038374744536,0.5089404106692699,1.0,1.0,0.0,1.0,0.695262462983813
87,T Tau (Gaia DR3 48192969034959232),65.49768837013336,19.53505637260161,145.13613591751692,9.668167114257812,5832.1650390625,False,True,True,False,0,nan,11.681590877688915,-14.340750006317597,18.496396302453164,286.71954797301106,"3,4,6,7",1128.90625,1.8349416666666665,8,uid://A001/X1465/X3b00,T_Tau,0.6501748654723106,0.5562594797204823,0.6273281277686042,1.0,1.0,0.0,1.0,0.41128417558610897
88,IRAS 04125+2902,63.9283394,29.166542,159.65498025739953,13.981356620788574,4080.0,False,False,True,True,1,10.73820351,12.103513145729982,-18.144868493928115,21.81126505113364,525.0755342313261,6,141.11328125,0.9878255555555555,1,uid://A001/X2d20/X126f,2mass_J04154278+2909597,0.6500296692964368,0.5472847889984531,0.38150558802843315,0.7,1.0,0.55,1.0,0.5038734758811497
89,twa 34 (Gaia DR3 5467714064704570112),157.19049955786636,-28.51047963865341,61.17475891019458,14.523731231689453,3000,True,False,True,False,0,nan,-65.36687541981881,-12.559397673490972,66.56250349912482,1197.4270410330146,7,282.2265625,1.427836388888889,1,uid://A001/X1590/X1708,twa_34,0.6490617282390828,0.6375824557725275,0.35059391485934,1.0,1.0,0.0,1.0,0.4545520004278111
90,RNO 90 (Gaia DR3 4325328252315049728),248.5381846895841,-15.804780720157032,114.56347322116198,13.123229026794434,3000,True,False,True,False,0,nan,-4.769912703858684,-27.15627676003252,27.57200454573288,711.7454832232926,"6,8",61.03515625,2.3939999999999997,3,uid://A002/X391d0b/X60,RNO 90,0.6484258150996297,0.5785254339727215,0.4304130390591284,1.0,1.0,0.0,1.0,0.6365376200380074
91,CX Tau (Gaia DR3 162758236656524416),63.699466563772084,26.802959555085618,126.73491957176022,12.600594520568848,3400,True,False,True,False,0,nan,8.744641221565779,-22.529935720175366,24.16747305055167,762.7976194277913,"6,7",61.03515625,2.0764794444444443,3,uid://A001/X88f/Xad,CX_Tau,0.6482909315034573,0.5690211931822051,0.4601996601852566,1.0,1.0,0.0,1.0,0.6312921506054013
92,Sz 77 (Gaia DR3 6011392186336443392),237.94558980232534,-35.94569433297334,155.25191919501174,11.88174057006836,3800,True,False,True,False,0,nan,-12.550431885051111,-24.18251843987182,27.24532140746459,1140.7825947779531,"3,6,7",70.556640625,1.7085405555555555,6,uid://A001/X1590/X3314,Sz_77,0.6469626481399873,0.5499172489267663,0.5011694584161763,1.0,1.0,0.0,1.0,0.6374105524067942
93,GI Tau (Gaia DR3 147790202612482560),68.39194882907556,24.35464964390897,129.43692200835295,12.607881546020508,3872.090087890625,True,False,True,False,0,nan,5.764352690970213,-20.641987778330268,21.431738645910922,705.7000716872463,"6,7",122.0703125,2.088231388888889,5,uid://A001/X885/X1f6,GI_Tau,0.645586522135426,0.5670354120274215,0.45978434917214994,1.0,1.0,0.0,1.0,0.5899492721996901
94,RW Aur (Gaia DR3 156430822114424576),76.95608119552952,30.401204589097233,156.09757732015055,12.18407154083252,3800,True,False,True,False,0,nan,2.6406431770317083,-27.397582540455325,27.524544055251244,453.31226405036404,"6,7",141.11328125,8.127641111111112,6,uid://A001/X134b/X41,RW_Aur,0.6453301557971515,0.5494059102315559,0.48393864419787525,1.0,1.0,0.0,1.0,0.6422903661579437
95,DO Tau (Gaia DR3 148449913884294528),69.61914793114478,26.180314124949213,138.51780071009085,12.381148338317871,5673.4296875,False,True,True,False,0,nan,6.268467264882882,-21.046648780465794,21.960307528338273,410.22676383859306,6,122.0703125,1.4498216666666668,6,uid://A001/X879/X8ad,DO_Tau,0.6446964013108474,0.5606528692037606,0.4727066037766615,1.0,1.0,0.0,1.0,0.5845976034410597
96,51 Eri,69.40074849308137,-2.473833383625505,29.905171464867223,5.141170501708984,7336.14111328125,False,False,True,True,1,99.0,44.04884090373149,-64.02842203088811,77.71704583119308,721.8946904893821,6,31250.0,0.8568000000000001,1,uid://A001/X886/X194,51_Eri,0.6441582640296523,0.7049520486569067,0.885336222012299,0.3,1.0,0.55,1.0,0.03278054462700685
97,WaOph6 (Gaia DR3 4326511906643771904),252.19009618452154,-14.276727774530837,122.52708401371088,12.13679313659668,3400,True,False,True,False,0,nan,-8.651887119118744,-23.134965602923806,24.69983368710082,718.6592558258781,"3,6,7",976.5625,4.801295555555556,7,uid://A001/X2d20/X1f5d,WaOph6,0.6431588017745398,0.572199566233321,0.4866331924866808,1.0,1.0,0.0,1.0,0.4567122531175065
98,V star EI Cha (Gaia DR3 5209019521517870080),130.5982757202701,-79.06737783726514,98.65221438906052,11.906397819519043,3860.942138671875,True,False,True,False,0,nan,-30.826245315465926,26.006083126160163,40.330804105720944,1660.3243297531242,6,976.5625,0.0672,1,uid://A002/X5d7935/X113,V_star_EI_Cha,0.6429168453869594,0.592600630047946,0.4997641624805824,1.0,1.0,0.0,1.0,0.3032048024903435
99,2MASS J16154416-1921171 (Gaia DR3 6245617643707106432),243.93400788501705,-19.354901435817403,126.77838481497832,13.18803882598877,3400,True,False,True,False,0,nan,-7.698903283540661,-25.643017957417975,26.77382082807334,227.09411523176558,6,141.11328125,1.9991991666666666,7,uid://A001/X1590/Xbdb,2MASS_J16154416-1921171,0.642815183499545,0.5689889155034389,0.42671932019658376,1.0,1.0,0.0,1.0,0.5889315365770965
100,Gaia DR3 5201129121134048768 (J11072074-7738073_-_Sz19),166.83589694166795,-77.63535796276412,188.98841728517502,10.210331916809082,5925.60888671875,False,True,True,False,0,nan,-22.552486155520526,1.213864229788171,22.585130023165778,1056.8110368098178,6,141.11328125,0.1092,1,uid://A001/X3621/Xf2b,J11072074-7738073_-_Sz19,0.6427010433062824,0.5314077187367623,0.5964284122520283,1.0,1.0,0.0,1.0,0.4727177292010171
